time_s,temperature_humidity,temperature_pressure,pressure,humidity,accel_x,accel_y,accel_z,gyro_x,gyro_y,gyro_z,mag_x,mag_y,mag_z,led_r,led_g,led_b
0,726.82,726.82,3.1908e-10,0,0,0,0,0.8894419,0.6410585,0.217573,-12.6694142,0,32.091738,255,0,0
0.05,726.82,726.82,3.20446244e-10,0,0,0,0,0.8824408,0.648254,0.1699956,-13.6928633,1.5396627,31.6391184,255,0,0
0.1,726.819,726.819,3.21818338e-10,0,0,0,0,0.8753868,0.6519282,0.1222391,-14.6995784,3.0222618,31.0836392,255,0,0
0.15,726.819,726.819,3.23196307e-10,0,0,0,0,0.8682823,0.6520833,0.0745909,-15.6881132,4.4387591,30.431735,255,0,0
0.2,726.819,726.819,3.24580177e-10,0,0,0,0,0.861129,0.6487478,0.0273364,-16.6570737,5.7808738,29.6907273,255,0,0
0.25,726.818,726.818,3.25969972e-10,0,0,0,0,0.8539279,0.6419761,-0.0192432,-17.6051228,7.0411747,28.86873,255,0,0
0.3,726.818,726.818,3.27365718e-10,0,0,0,0,0.8466793,0.631848,-0.064874,-18.5309836,8.2131606,27.9745443,255,0,0
0.35,726.817,726.817,3.2876744e-10,0,0,0,0,0.8393828,0.6184674,-0.1092914,-19.433443,9.291326,27.0175446,255,0,0
0.4,726.817,726.817,3.30175164e-10,0,0,0,0,0.8320376,0.6019612,-0.1522425,-20.3113553,10.2712127,26.007559,255,0,0
0.45,726.817,726.817,3.31588915e-10,0,0,0,0,0.8246422,0.5824783,-0.1934885,-21.1636443,11.1494462,24.9547445,255,0,0
0.5,726.816,726.816,3.3300872e-10,0,0,0,0,0.8171945,0.5601874,-0.2328068,-21.9893066,11.9237556,23.8694604,255,0,0
0.55,726.816,726.816,3.34434605e-10,0,0,0,0,0.8096919,0.5352752,-0.2699921,-22.7874134,12.5929789,22.7621406,255,0,0
0.6,726.816,726.816,3.35866595e-10,0,0,0,0,0.8021311,0.5079447,-0.3048586,-23.5571122,13.1570522,21.6431685,255,0,0
0.65,726.815,726.815,3.37304716e-10,0,0,0,0,0.7945087,0.4784131,-0.3372413,-24.2976289,13.6169842,20.5227545,255,0,0
0.7,726.815,726.815,3.38748995e-10,0,0,0,0,0.7868205,0.446909,-0.3669967,-25.0082685,13.9748168,19.4108196,255,0,0
0.75,726.815,726.815,3.40199459e-10,0,0,0,0,0.7790619,0.4136705,-0.3940036,-25.6884162,14.2335716,18.3168861,255,0,0
0.8,726.814,726.814,3.41656132e-10,0,0,0,0,0.7712281,0.378943,-0.418164,-26.3375377,14.3971859,17.2499765,255,0,0
0.85,726.814,726.814,3.43119044e-10,0,0,0,0,0.7633138,0.3429764,-0.4394033,-26.9551797,14.4704366,16.2185228,255,0,0
0.9,726.814,726.814,3.44588219e-10,0,0,0,0,0.7553133,0.3060229,-0.4576699,-27.5409696,14.4588566,15.2302867,255,0,0
0.95,726.813,726.813,3.46063684e-10,0,0,0,0,0.7472207,0.2683349,-0.4729354,-28.0946152,14.3686419,14.2922915,255,0,0
1,726.813,726.813,3.47545468e-10,0,0,0,0,0.7390298,0.2301626,-0.4851942,-28.6159036,14.206555,13.410767,255,0,0
1.05,726.812,726.812,3.49033596e-10,0,0,0,0,0.7307342,0.1917517,-0.4944622,-29.1047008,13.9798225,12.5911067,255,0,0
1.1,726.812,726.812,3.50528096e-10,0,0,0,0,0.7223272,0.1533418,-0.5007767,-29.5609499,13.6960314,11.837839,255,0,0
1.15,726.812,726.812,3.52028996e-10,0,0,0,0,0.713802,0.1151642,-0.5041947,-29.9846698,13.3630247,11.1546102,255,0,0
1.2,726.811,726.811,3.53536322e-10,0,0,0,0,0.7051516,0.0774404,-0.5047919,-30.375953,12.9887976,10.5441809,255,0,0
1.25,726.811,726.811,3.55050102e-10,0,0,0,0,0.6963691,0.0403804,-0.5026615,-30.7349645,12.5813968,10.0084348,255,0,0
1.3,726.811,726.811,3.56570363e-10,0,0,0,0,0.6874472,0.0041815,-0.4979122,-31.0619383,12.1488231,9.5483979,255,0,0
1.35,726.81,726.81,3.58097135e-10,0,0,0,0,0.6783789,-0.0309728,-0.490667,-31.3571762,11.6989404,9.1642694,255,0,0
1.4,726.81,726.81,3.59630443e-10,0,0,0,0,0.6691569,-0.0649142,-0.4810615,-31.6210442,11.2393894,8.8554616,255,0,0
1.45,726.81,726.81,3.61170317e-10,0,0,0,0,0.659774,-0.0974896,-0.4692419,-31.8539705,10.7775103,8.6206482,255,0,0
1.5,726.809,726.809,3.62716784e-10,0,0,0,0,0.6502232,-0.1285623,-0.4553635,-32.0564421,10.3202725,8.4578201,255,0,0
1.55,726.809,726.809,3.64269874e-10,0,0,0,0,0.6404973,-0.1580121,-0.439589,-32.2290019,9.8742134,8.3643475,255,0,0
1.6,726.808,726.808,3.65829613e-10,0,0,0,0,0.6305895,-0.1857355,-0.4220864,-32.3722457,9.4453863,8.3370461,255,0,0
1.65,726.808,726.808,3.6739603e-10,0,0,0,0,0.6204929,-0.2116458,-0.4030277,-32.486819,9.0393175,8.3722476,255,0,0
1.7,726.808,726.808,3.68969155e-10,0,0,0,0,0.6102009,-0.2356727,-0.382587,-32.5734135,8.6609729,8.4658716,255,0,0
1.75,726.807,726.807,3.70549016e-10,0,0,0,0,0.5997069,-0.2577624,-0.3609394,-32.632764,8.3147338,8.6134993,255,0,0
1.8,726.807,726.807,3.72135641e-10,0,0,0,0,0.5890047,-0.2778767,-0.3382586,-32.6656451,8.0043816,8.8104465,255,0,0
1.85,726.807,726.807,3.7372906e-10,0,0,0,0,0.5780881,-0.2959925,-0.3147164,-32.6728677,7.7330917,9.0518363,255,0,0
1.9,726.806,726.806,3.75329302e-10,0,0,0,0,0.5669513,-0.3121014,-0.2904812,-32.6552756,7.503435,9.3326681,255,0,0
1.95,726.806,726.806,3.76936396e-10,0,0,0,0,0.5555887,-0.3262084,-0.2657165,-32.6137423,7.3173868,9.6478854,255,0,0
2,726.806,726.806,3.78550371e-10,0,0,0,0,0.5439949,-0.3383317,-0.2405802,-32.5491677,7.1763437,9.9924388,255,0,0
2.05,726.805,726.805,3.80171256e-10,0,0,0,0,0.532165,-0.348501,-0.2152234,-32.4624749,7.0811449,10.3613443,255,0,0
2.1,726.805,726.805,3.81799083e-10,0,0,0,0,0.520094,-0.356757,-0.1897901,-32.3546068,7.0321009,10.7497379,255,0,0
2.15,726.805,726.805,3.83433879e-10,0,0,0,0,0.5077776,-0.3631501,-0.1644158,-32.2265232,7.0290248,11.1529236,255,0,0
2.2,726.804,726.804,3.85075675e-10,0,0,0,0,0.4952117,-0.3677396,-0.1392277,-32.0791975,7.0712687,11.5664166,255,0,0
2.25,726.804,726.804,3.86724501e-10,0,0,0,0,0.4823923,-0.3705925,-0.1143437,-31.9136142,7.1577624,11.9859804,255,0,0
2.3,726.803,726.803,3.88380387e-10,0,0,0,0,0.4693161,-0.3717823,-0.0898724,-31.7307655,7.2870545,12.4076582,255,0,0
2.35,726.803,726.803,3.90043363e-10,0,0,0,0,0.45598,-0.3713883,-0.0659126,-31.5316493,7.4573548,12.8277982,255,0,0
2.4,726.803,726.803,3.91713459e-10,0,0,0,0,0.442381,-0.3694942,-0.0425538,-31.3172656,7.6665771,13.2430738,255,0,0
2.45,726.802,726.802,3.93390707e-10,0,0,0,0,0.4285169,-0.3661873,-0.0198755,-31.0886151,7.9123825,13.6504977,255,0,0
2.5,726.802,726.802,3.95075137e-10,0,0,0,0,0.4143855,-0.3615577,0.0020525,-30.8466959,8.1922219,14.0474311,255,0,0
2.55,726.802,726.802,3.96766779e-10,0,0,0,0,0.3999852,-0.3556972,0.0231697,-30.5925019,8.5033769,14.4315878,255,0,0
2.6,726.801,726.801,3.98465664e-10,0,0,0,0,0.3853145,-0.3486984,0.0434247,-30.3270206,8.8429996,14.8010341,255,0,0
2.65,726.801,726.801,4.00171823e-10,0,0,0,0,0.3703726,-0.3406543,0.0627754,-30.0512307,9.2081506,15.1541841,255,0,0
2.7,726.801,726.801,4.01885288e-10,0,0,0,0,0.3551587,-0.3316572,0.081188,-29.7661009,9.5958335,15.4897914,255,0,0
2.75,726.8,726.8,4.0360609e-10,0,0,0,0,0.3396727,-0.3217982,0.0986369,-29.4725879,10.0030281,15.8069383,255,0,0
2.8,726.8,726.8,4.0533426e-10,0,0,0,0,0.3239147,-0.3111666,0.1151043,-29.1716348,10.4267199,16.1050204,255,0,0
2.85,726.799,726.799,4.07069829e-10,0,0,0,0,0.3078851,-0.2998495,0.1305798,-28.8641699,10.8639267,16.3837308,255,0,0
2.9,726.799,726.799,4.0881283e-10,0,0,0,0,0.2915847,-0.287931,0.1450597,-28.5511054,11.3117225,16.6430411,255,0,0
2.95,726.799,726.799,4.10563295e-10,0,0,0,0,0.2750148,-0.2754923,0.1585466,-28.2333361,11.7672577,16.8831809,255,0,0
3,726.798,726.798,4.12321254e-10,0,0,0,0,0.2581768,-0.2626111,0.1710489,-27.9117385,12.227777,17.1046167,255,0,0
3.05,726.798,726.798,4.14086741e-10,0,0,0,0,0.2410726,-0.2493611,0.1825804,-27.5871702,12.6906334,17.3080296,255,0,0
3.1,726.798,726.798,4.15859787e-10,0,0,0,0,0.2237044,-0.2358123,0.1931595,-27.2604685,13.1532999,17.4942927,255,0,0
3.15,726.797,726.797,4.17640425e-10,0,0,0,0,0.2060749,-0.2220304,0.202809,-26.9324504,13.613378,17.664448,255,0,0
3.2,726.797,726.797,4.19428687e-10,0,0,0,0,0.1881867,-0.2080772,0.2115556,-26.6039119,14.0686039,17.8196838,255,0,0
3.25,726.797,726.797,4.21224607e-10,0,0,0,0,0.1700432,-0.1940098,0.2194291,-26.2756273,14.5168521,17.9613128,255,0,0
3.3,726.796,726.796,4.23028216e-10,0,0,0,0,0.1516479,-0.1798812,0.2264625,-25.9483494,14.9561365,18.0907494,255,0,0
3.35,726.796,726.796,4.24839548e-10,0,0,0,0,0.1330046,-0.1657402,0.232691,-25.6228089,15.3846098,18.2094895,255,0,0
3.4,726.796,726.796,4.26658636e-10,0,0,0,0,0.1141173,-0.1516313,0.2381519,-25.2997141,15.800561,18.3190896,255,0,0
3.45,726.795,726.795,4.28485513e-10,0,0,0,0,0.0949907,-0.1375947,0.2428842,-24.9797517,16.2024111,18.4211481,255,0,0
3.5,726.795,726.795,4.30320212e-10,0,0,0,0,0.0756293,-0.1236669,0.2469283,-24.6635857,16.5887076,18.5172866,255,0,0
3.55,726.794,726.794,4.32162767e-10,0,0,0,0,0.0560381,-0.1098803,0.2503255,-24.3518584,16.9581178,18.6091333,255,0,0
3.6,726.794,726.794,4.34013212e-10,0,0,0,0,0.0362226,-0.0962635,0.2531176,-24.0451902,17.3094208,18.6983068,255,0,0
3.65,726.794,726.794,4.35871579e-10,0,0,0,0,0.0161882,-0.0828418,0.2553473,-23.7441798,17.6414994,18.7864011,255,0,0
3.7,726.793,726.793,4.37737904e-10,0,0,0,0,-0.0040593,-0.069637,0.2570569,-23.4494044,17.9533312,18.8749724,255,0,0
3.75,726.793,726.793,4.39612221e-10,0,0,0,0,-0.0245137,-0.0566677,0.258289,-23.1614205,18.2439785,18.9655258,255,0,0
3.8,726.793,726.793,4.41494562e-10,0,0,0,0,-0.0451686,-0.0439496,0.2590858,-22.8807635,18.5125797,19.0595043,255,0,0
3.85,726.792,726.792,4.43384964e-10,0,0,0,0,-0.0660175,-0.0314956,0.2594892,-22.6079485,18.7583391,19.1582781,255,0,0
3.9,726.792,726.792,4.4528346e-10,0,0,0,0,-0.0870535,-0.0193162,0.2595403,-22.3434707,18.9805177,19.2631346,255,0,0
3.95,726.792,726.792,4.47190085e-10,0,0,0,0,-0.1082696,-0.0074196,0.2592797,-22.0878059,19.1784239,19.3752702,255,0,0
4,726.791,726.791,4.49104874e-10,0,0,0,0,-0.1296583,0.0041883,0.2587469,-21.8414103,19.3514049,19.4957817,255,0,0
4.05,726.791,726.791,4.51027862e-10,0,0,0,0,-0.1512121,0.0155032,0.2579808,-21.6047218,19.4988384,19.6256595,255,0,0
4.1,726.79,726.79,4.52959083e-10,0,0,0,0,-0.1729233,0.0265227,0.257019,-21.3781597,19.6201251,19.7657809,255,0,0
4.15,726.79,726.79,4.54898574e-10,0,0,0,0,-0.1947837,0.0372456,0.2558982,-21.1621253,19.7146817,19.9169036,255,0,0
4.2,726.79,726.79,4.56846369e-10,0,0,0,0,-0.2167852,0.0476721,0.2546541,-20.9570026,19.7819351,20.0796609,255,0,0
4.25,726.789,726.789,4.58802504e-10,0,0,0,0,-0.2389193,0.0578033,0.2533209,-20.763158,19.8213169,20.2545561,255,0,0
4.3,726.789,726.789,4.60767016e-10,0,0,0,0,-0.2611772,0.0676413,0.2519319,-20.5809414,19.8322599,20.441958,255,0,0
4.35,726.789,726.789,4.62739939e-10,0,0,0,0,-0.2835502,0.0771887,0.2505192,-20.4106856,19.8141943,20.6420966,255,0,0
4.4,726.788,726.788,4.64721309e-10,0,0,0,0,-0.3060291,0.0864489,0.2491136,-20.2527075,19.7665461,20.8550593,255,0,0
4.45,726.788,726.788,4.66711164e-10,0,0,0,0,-0.3286046,0.0954251,0.2477447,-20.1073076,19.6887361,21.0807873,255,0,0
4.5,726.788,726.788,4.68709538e-10,0,0,0,0,-0.3512672,0.1041212,0.2464409,-19.9747703,19.5801803,21.3190719,255,0,0
4.55,726.787,726.787,4.7071647e-10,0,0,0,0,-0.3740072,0.1125408,0.2452294,-19.8553644,19.4402913,21.569552,255,0,0
4.6,726.787,726.787,4.72731994e-10,0,0,0,0,-0.3968146,0.1206873,0.2441363,-19.7493427,19.2684811,21.8317114,255,0,0
4.65,726.787,726.787,4.74756149e-10,0,0,0,0,-0.4196794,0.1285642,0.2431864,-19.6569422,19.064165,22.1048761,255,0,0
4.7,726.786,726.786,4.76788971e-10,0,0,0,0,-0.4425912,0.1361744,0.2424033,-19.5783838,18.826767,22.3882132,255,0,0
4.75,726.786,726.786,4.78830497e-10,0,0,0,0,-0.4655395,0.1435201,0.2418096,-19.5138728,18.5557263,22.6807289,255,0,0
4.8,726.785,726.785,4.80880764e-10,0,0,0,0,-0.4885135,0.1506033,0.2414265,-19.463598,18.250505,22.9812679,255,0,0
4.85,726.785,726.785,4.82939811e-10,0,0,0,0,-0.5115025,0.1574251,0.2412743,-19.4277316,17.9105968,23.2885135,255,0,0
4.9,726.785,726.785,4.85007674e-10,0,0,0,0,-0.5344952,0.1639858,0.241372,-19.4064295,17.5355378,23.6009875,255,0,0
4.95,726.784,726.784,4.87084391e-10,0,0,0,0,-0.5574805,0.170285,0.2417375,-19.3998298,17.124917,23.9170523,255,0,0
5,726.784,726.784,4.8917e-10,0,0,0,0,-0.5804468,0.1763211,0.2423875,-19.4080535,16.6783893,24.2349127,255,0,0
5.05,726.783,726.783,4.91711352e-10,0,0,0,0,-0.6033824,0.1820918,0.2433377,-19.4312031,16.1956886,24.5526194,255,0,0
5.1,726.782,726.782,4.94265907e-10,0,0,0,0,-0.6262755,0.1875936,0.2446026,-19.4693625,15.6766421,24.8680736,255,0,0
5.15,726.782,726.782,4.96833733e-10,0,0,0,0,-0.6491141,0.192822,0.2461954,-19.5225961,15.1211851,25.179033,255,0,0
5.2,726.781,726.781,4.994149e-10,0,0,0,0,-0.671886,0.1977714,0.2481283,-19.5909481,14.5293774,25.4831187,255,0,0
5.25,726.78,726.78,5.02009476e-10,0,0,0,0,-0.6945787,0.2024348,0.2504122,-19.6744419,13.9014185,25.7778248,255,0,0
5.3,726.779,726.779,5.04617532e-10,0,0,0,0,-0.7171796,0.2068044,0.2530569,-19.7730791,13.2376654,26.0605283,255,0,0
5.35,726.778,726.778,5.07239137e-10,0,0,0,0,-0.7396761,0.210871,0.256071,-19.8868384,12.538648,26.3285023,255,0,0
5.4,726.778,726.778,5.09874362e-10,0,0,0,0,-0.7620552,0.2146242,0.2594616,-20.0156752,11.8050869,26.5789295,255,0,0
5.45,726.777,726.777,5.12523278e-10,0,0,0,0,-0.7843039,0.2180525,0.2632347,-20.1595199,11.0379086,26.8089197,255,0,0
5.5,726.776,726.776,5.15185956e-10,0,0,0,0,-0.8064088,0.221143,0.2673949,-20.3182776,10.2382623,27.0155273,255,0,0
5.55,726.775,726.775,5.17862467e-10,0,0,0,0,-0.8283566,0.223882,0.2719455,-20.4918263,9.4075339,27.1957726,255,0,0
5.6,726.774,726.774,5.20552882e-10,0,0,0,0,-0.8501337,0.2262542,0.2768883,-20.6800164,8.5473601,27.3466646,255,0,0
5.65,726.773,726.773,5.23257276e-10,0,0,0,0,-0.8717265,0.2282434,0.2822236,-20.882669,7.6596406,27.4652259,255,0,0
5.7,726.773,726.773,5.25975719e-10,0,0,0,0,-0.8931212,0.2298323,0.2879504,-21.0995753,6.7465485,27.5485199,255,0,0
5.75,726.772,726.772,5.28708285e-10,0,0,0,0,-0.9143037,0.2310024,0.2940658,-21.3304951,5.8105385,27.5936802,255,0,0
5.8,726.771,726.771,5.31455047e-10,0,0,0,0,-0.9352601,0.2317343,0.3005656,-21.5751555,4.8543528,27.5979415,255,0,0
5.85,726.77,726.77,5.3421608e-10,0,0,0,0,-0.9559762,0.2320074,0.3074435,-21.8332503,3.8810239,27.5586727,255,0,0
5.9,726.769,726.769,5.36991456e-10,0,0,0,0,-0.9764376,0.2318004,0.3146919,-22.1044383,2.8938745,27.4734112,255,0,0
5.95,726.769,726.769,5.39781252e-10,0,0,0,0,-0.9966301,0.2310909,0.3223009,-22.3883425,1.8965135,27.3398989,255,0,0
6,726.768,726.768,5.42585541e-10,0,0,0,0,-1.0165393,0.229856,0.3302589,-22.6845488,0.8928287,27.1561185,255,0,0
6.05,726.767,726.767,5.45404399e-10,0,0,0,0,-1.0361505,0.2280717,0.3385524,-22.9926053,-0.1130252,26.920331,255,0,0
6.1,726.766,726.766,5.48237901e-10,0,0,0,0,-1.0554494,0.2257137,0.3471655,-23.3120209,-1.1166427,26.6311129,255,0,0
6.15,726.765,726.765,5.51086125e-10,0,0,0,0,-1.0744214,0.2227569,0.3560805,-23.642265,-2.1133881,26.2873932,255,0,0
6.2,726.765,726.765,5.53949145e-10,0,0,0,0,-1.0930518,0.219176,0.3652771,-23.9827658,-3.0984213,25.8884897,255,0,0
6.25,726.764,726.764,5.5682704e-10,0,0,0,0,-1.1113261,0.214945,0.3747327,-24.3329105,-4.0667278,25.4341436,255,0,0
6.3,726.763,726.763,5.59719886e-10,0,0,0,0,-1.1292299,0.2100382,0.3844224,-24.692044,-5.0131542,24.9245517,255,0,0
6.35,726.762,726.762,5.62627761e-10,0,0,0,0,-1.1467484,0.2044296,0.3943186,-25.0594687,-5.9324484,24.360397,255,0,0
6.4,726.761,726.761,5.65550743e-10,0,0,0,0,-1.1638674,0.1980932,0.404391,-25.4344442,-6.8193045,23.7428746,255,0,0
6.45,726.761,726.761,5.6848891e-10,0,0,0,0,-1.1805725,0.1910035,0.4146067,-25.8161865,-7.6684124,23.0737144,255,0,0
6.5,726.76,726.76,5.71442342e-10,0,0,0,0,-1.1968493,0.1831356,0.4249298,-26.2038687,-8.4745112,22.3551984,255,0,0
6.55,726.759,726.759,5.74411118e-10,0,0,0,0,-1.2126838,0.1744649,0.4353216,-26.5966203,-9.2324472,21.5901734,255,0,0
6.6,726.758,726.758,5.77395317e-10,0,0,0,0,-1.228062,0.1649682,0.4457402,-26.9935278,-9.9372344,20.7820568,255,0,0
6.65,726.757,726.757,5.8039502e-10,0,0,0,0,-1.24297,0.1546231,0.4561409,-27.3936352,-10.5841185,19.934836,255,0,0
6.7,726.756,726.756,5.83410307e-10,0,0,0,0,-1.2573942,0.1434089,0.4664756,-27.7959442,-11.1686425,19.0530608,255,0,0
6.75,726.756,726.756,5.86441259e-10,0,0,0,0,-1.2713213,0.1313066,0.4766932,-28.1994154,-11.6867132,18.1418276,255,0,0
6.8,726.755,726.755,5.89487958e-10,0,0,0,0,-1.284738,0.1182993,0.4867392,-28.6029689,-12.1346688,17.2067557,255,0,0
6.85,726.754,726.754,5.92550485e-10,0,0,0,0,-1.2976316,0.1043725,0.4965562,-29.0054859,-12.509345,16.2539553,255,0,0
6.9,726.753,726.753,5.95628922e-10,0,0,0,0,-1.3099893,0.0895144,0.5060833,-29.4058096,-12.80814,15.2899867,255,0,0
6.95,726.752,726.752,5.98723353e-10,0,0,0,0,-1.3217991,0.0737164,0.5152568,-29.8027473,-13.0290765,14.3218109,255,0,0
7,726.752,726.752,6.0183386e-10,0,0,0,0,-1.333049,0.0569734,0.5240097,-30.1950721,-13.1708591,13.3567314,255,0,0
7.05,726.751,726.751,6.04960526e-10,0,0,0,0,-1.3437276,0.0392843,0.5322725,-30.581525,-13.2329276,12.4023283,255,0,0
7.1,726.75,726.75,6.08103437e-10,0,0,0,0,-1.3538236,0.0206522,0.5399725,-30.9608171,-13.2155027,11.466384,255,0,0
7.15,726.749,726.749,6.11262676e-10,0,0,0,0,-1.3633266,0.0010852,0.547035,-31.3316324,-13.1196254,10.5568015,255,0,0
7.2,726.748,726.748,6.14438327e-10,0,0,0,0,-1.3722262,-0.0194037,0.5533828,-31.6926304,-12.9471871,9.6815168,255,0,0
7.25,726.748,726.748,6.17630477e-10,0,0,0,0,-1.3805129,-0.0407956,0.5589369,-32.0424491,-12.7009496,8.8484049,255,0,0
7.3,726.747,726.747,6.20839211e-10,0,0,0,0,-1.3881775,-0.063066,0.5636168,-32.3797084,-12.3845557,8.065182,255,0,0
7.35,726.746,726.746,6.24064615e-10,0,0,0,0,-1.3952113,-0.0861837,0.567341,-32.7030135,-12.0025271,7.3393038,255,0,0
7.4,726.745,726.745,6.27306776e-10,0,0,0,0,-1.4016063,-0.1101109,0.5700271,-33.0109586,-11.5602513,6.6778622,255,0,0
7.45,726.744,726.744,6.3056578e-10,0,0,0,0,-1.4073551,-0.1348027,0.5715931,-33.3021305,-11.0639547,6.0874815,255,0,0
7.5,726.743,726.743,6.33841716e-10,0,0,0,0,-1.4124508,-0.1602068,0.5719574,-33.5751131,-10.520664,5.5742158,255,0,0
7.55,726.743,726.743,6.37134671e-10,0,0,0,0,-1.4168874,-0.1862634,0.5710394,-33.8284914,-9.9381534,5.1434494,255,0,0
7.6,726.742,726.742,6.40444734e-10,0,0,0,0,-1.4206592,-0.2129049,0.5687609,-34.060856,-9.3248799,4.7998013,255,0,0
7.65,726.741,726.741,6.43771993e-10,0,0,0,0,-1.4237615,-0.2400557,0.5650459,-34.2708076,-8.6899055,4.5470368,255,0,0
7.7,726.74,726.74,6.47116538e-10,0,0,0,0,-1.4261902,-0.2676324,0.5598222,-34.4569619,-8.0428073,4.3879867,255,0,0
7.75,726.739,726.739,6.50478459e-10,0,0,0,0,-1.4279419,-0.2955436,0.5530219,-34.6179539,-7.3935773,4.3244758,255,0,0
7.8,726.739,726.739,6.53857846e-10,0,0,0,0,-1.4290139,-0.3236902,0.5445822,-34.7524437,-6.752511,4.3572638,255,0,0
7.85,726.738,726.738,6.57254789e-10,0,0,0,0,-1.4294044,-0.3519656,0.5344463,-34.8591207,-6.1300887,4.4859978,255,0,0
7.9,726.737,726.737,6.6066938e-10,0,0,0,0,-1.4291123,-0.3802558,0.5225643,-34.936709,-5.5368481,4.7091795,255,0,0
7.95,726.736,726.736,6.64101711e-10,0,0,0,0,-1.4281372,-0.40844,0.5088943,-34.9839725,-4.9832533,5.0241474,255,0,0
8,726.735,726.735,6.67551874e-10,0,0,0,0,-1.4264796,-0.4363912,0.4934029,-34.9997199,-4.4795585,5.427075,255,0,0
8.05,726.735,726.735,6.71019961e-10,0,0,0,0,-1.4241408,-0.4639767,0.476066,-34.98281,-4.0356716,5.9129854,255,0,0
8.1,726.734,726.734,6.74506066e-10,0,0,0,0,-1.4211227,-0.4910588,0.4568701,-34.9321563,-3.6610178,6.4757831,255,0,0
8.15,726.733,726.733,6.78010282e-10,0,0,0,0,-1.4174284,-0.5174957,0.4358123,-34.8467326,-3.364406,7.1083026,255,0,0
8.2,726.732,726.732,6.81532703e-10,0,0,0,0,-1.4130613,-0.5431424,0.4129014,-34.7255772,-3.1539013,7.8023738,255,0,0
8.25,726.731,726.731,6.85073423e-10,0,0,0,0,-1.4080261,-0.567852,0.3881585,-34.5677981,-3.0367034,8.5489039,255,0,0
8.3,726.731,726.731,6.88632539e-10,0,0,0,0,-1.4023278,-0.5914761,0.3616172,-34.3725776,-3.0190356,9.3379737,255,0,0
8.35,726.73,726.73,6.92210145e-10,0,0,0,0,-1.3959727,-0.6138669,0.3333241,-34.1391763,-3.1060451,10.1589489,255,0,0
8.4,726.729,726.729,6.95806338e-10,0,0,0,0,-1.3889674,-0.6348777,0.303339,-33.8669379,-3.3017162,11.0006036,255,0,0
8.45,726.728,726.728,6.99421213e-10,0,0,0,0,-1.3813197,-0.6543646,0.271735,-33.5552928,-3.6087995,11.8512546,255,0,0
8.5,726.727,726.727,7.03054869e-10,0,0,0,0,-1.3730378,-0.6721875,0.2385984,-33.2037619,-4.0287565,12.6989051,255,0,0
8.55,726.726,726.726,7.06707403e-10,0,0,0,0,-1.3641308,-0.6882119,0.2040287,-32.81196,-4.5617226,13.5313945,255,0,0
8.6,726.726,726.726,7.10378912e-10,0,0,0,0,-1.3546084,-0.7023098,0.1681382,-32.3795994,-5.2064887,14.3365536,255,0,0
8.65,726.725,726.725,7.14069495e-10,0,0,0,0,-1.3444813,-0.7143612,0.1310514,-31.9064918,-5.9605017,15.1023608,255,0,0
8.7,726.724,726.724,7.17779252e-10,0,0,0,0,-1.3337605,-0.7242554,0.0929045,-31.3925518,-6.8198839,15.8170984,255,0,0
8.75,726.723,726.723,7.21508282e-10,0,0,0,0,-1.3224579,-0.7318922,0.0538444,-30.8377984,-7.7794724,16.4695062,255,0,0
8.8,726.722,726.722,7.25256685e-10,0,0,0,0,-1.3105858,-0.7371831,0.0140284,-30.2423567,-8.8328763,17.0489288,255,0,0
8.85,726.722,726.722,7.29024563e-10,0,0,0,0,-1.2981573,-0.7400523,-0.0263778,-29.6064595,-9.9725528,17.5454559,255,0,0
8.9,726.721,726.721,7.32812015e-10,0,0,0,0,-1.285186,-0.7404376,-0.0672004,-28.930448,-11.1898985,17.9500517,255,0,0
8.95,726.72,726.72,7.36619143e-10,0,0,0,0,-1.2716858,-0.7382916,-0.1082593,-28.2147725,-12.4753577,18.2546728,255,0,0
9,726.719,726.719,7.40446051e-10,0,0,0,0,-1.2576715,-0.7335819,-0.1493692,-27.4599921,-13.8185431,18.4523712,255,0,0
9.05,726.718,726.718,7.4429284e-10,0,0,0,0,-1.2431581,-0.7262921,-0.1903412,-26.6667746,-15.2083678,18.5373824,255,0,0
9.1,726.718,726.718,7.48159614e-10,0,0,0,0,-1.2281609,-0.7164218,-0.2309845,-25.8358956,-16.633188,18.5051955,255,0,0
9.15,726.717,726.717,7.52046478e-10,0,0,0,0,-1.2126958,-0.7039872,-0.2711076,-24.968237,-18.0809515,18.3526063,255,0,0
9.2,726.716,726.716,7.55953534e-10,0,0,0,0,-1.196779,-0.6890209,-0.3105201,-24.0647856,-19.5393513,18.0777505,255,0,0
9.25,726.715,726.715,7.59880888e-10,0,0,0,0,-1.1804269,-0.6715721,-0.3490343,-23.1266306,-20.9959816,17.6801189,255,0,0
9.3,726.714,726.714,7.63828646e-10,0,0,0,0,-1.1636561,-0.6517058,-0.3864669,-22.1549611,-22.4384931,17.1605526,255,0,0
9.35,726.714,726.714,7.67796913e-10,0,0,0,0,-1.1464837,-0.6295031,-0.4226403,-21.1510633,-23.8547456,16.5212198,255,0,0
9.4,726.713,726.713,7.71785797e-10,0,0,0,0,-1.1289266,-0.6050598,-0.4573844,-20.1163165,-25.2329555,15.7655747,255,0,0
9.45,726.712,726.712,7.75795403e-10,0,0,0,0,-1.111002,-0.5784861,-0.4905376,-19.0521898,-26.5618357,14.898299,255,0,0
9.5,726.711,726.711,7.79825841e-10,0,0,0,0,-1.0927273,-0.5499057,-0.5219487,-17.9602373,-27.8307267,13.9252273,255,0,0
9.55,726.71,726.71,7.83877217e-10,0,0,0,0,-1.0741197,-0.5194544,-0.5514778,-16.842094,-29.0297153,12.853259,255,0,0
9.6,726.709,726.709,7.87949641e-10,0,0,0,0,-1.0551966,-0.4872793,-0.5789972,-15.6994705,-30.1497416,11.6902566,255,0,0
9.65,726.709,726.709,7.92043223e-10,0,0,0,0,-1.0359752,-0.4535373,-0.6043928,-14.5341478,-31.1826906,10.4449338,255,0,0
9.7,726.708,726.708,7.96158071e-10,0,0,0,0,-1.0164727,-0.4183938,-0.6275647,-13.3479717,-32.1214699,9.126735,255,0,0
9.75,726.707,726.707,8.00294298e-10,0,0,0,0,-0.9967062,-0.3820212,-0.6484279,-12.1428468,-32.9600699,7.7457076,255,0,0
9.8,726.706,726.706,8.04452013e-10,0,0,0,0,-0.9766925,-0.3445975,-0.6669129,-10.9207307,-33.6936089,6.3123709,255,0,0
9.85,726.705,726.705,8.08631328e-10,0,0,0,0,-0.9564483,-0.3063047,-0.6829658,-9.6836273,-34.3183602,4.8375816,255,0,0
9.9,726.705,726.705,8.12832355e-10,0,0,0,0,-0.93599,-0.2673272,-0.6965486,-8.4335806,-34.8317643,3.3324003,255,0,0
9.95,726.704,726.704,8.17055208e-10,0,0,0,0,-0.915334,-0.2278504,-0.7076394,-7.1726678,-35.2324236,1.8079593,255,0,0
10,726.703,726.703,8.213e-10,0,0,0,0,-0.8944959,-0.1880592,-0.716232,-5.9029928,-35.5200827,0.2753345,255,0,0
10.05,726.701,726.701,8.26337007e-10,0,0,0,0,-0.8734913,-0.1481363,-0.7223358,-4.6266787,-35.6955939,-1.254577,255,0,0
10.1,726.699,726.699,8.31404905e-10,0,0,0,0,-0.8523354,-0.1082611,-0.7259751,-3.3458618,-35.7608693,-2.7711722,255,0,0
10.15,726.697,726.697,8.36503885e-10,0,0,0,0,-0.831043,-0.0686081,-0.7271889,-2.0626838,-35.7188211,-4.2642485,255,0,0
10.2,726.696,726.696,8.41634137e-10,0,0,0,0,-0.8096283,-0.0293459,-0.7260297,-0.7792855,-35.5732909,-5.7241001,255,0,0
10.25,726.694,726.694,8.46795852e-10,0,0,0,0,-0.7881053,0.0093643,-0.7225631,0.5022006,-35.3289709,-7.1416039,255,0,0
10.3,726.692,726.692,8.51989225e-10,0,0,0,0,-0.7664874,0.0473693,-0.7168668,1.7796567,-34.9913162,-8.5082931,255,0,0
10.35,726.69,726.69,8.57214447e-10,0,0,0,0,-0.7447874,0.0845251,-0.7090293,3.0509867,-34.5664526,-9.8164194,255,0,0
10.4,726.688,726.688,8.62471716e-10,0,0,0,0,-0.723018,0.1206978,-0.6991493,4.3141225,-34.06108,-11.0590025,255,0,0
10.45,726.686,726.686,8.67761228e-10,0,0,0,0,-0.7011908,0.155764,-0.6873341,5.5670306,-33.4823726,-12.2298666,255,0,0
10.5,726.684,726.684,8.7308318e-10,0,0,0,0,-0.6793174,0.1896115,-0.6736989,6.8077179,-32.8378792,-13.3236659,255,0,0
10.55,726.683,726.683,8.78437772e-10,0,0,0,0,-0.6574086,0.2221396,-0.6583652,8.0342383,-32.1354234,-14.3358965,255,0,0
10.6,726.681,726.681,8.83825202e-10,0,0,0,0,-0.6354747,0.2532595,-0.64146,9.2446978,-31.3830062,-15.2628985,255,0,0
10.65,726.679,726.679,8.89245674e-10,0,0,0,0,-0.6135253,0.2828946,-0.6231141,10.4372601,-30.5887112,-16.1018459,255,0,0
10.7,726.677,726.677,8.9469939e-10,0,0,0,0,-0.5915697,0.3109799,-0.6034615,11.6101517,-29.7606155,-16.8507279,255,0,0
10.75,726.675,726.675,9.00186553e-10,0,0,0,0,-0.5696166,0.3374628,-0.5826379,12.761667,-28.9067041,-17.5083202,255,0,0
10.8,726.673,726.673,9.05707368e-10,0,0,0,0,-0.5476739,0.3623023,-0.5607796,13.8901723,-28.0347924,-18.0741487,255,0,0
10.85,726.671,726.671,9.11262043e-10,0,0,0,0,-0.5257491,0.3854689,-0.5380228,14.9941101,-27.1524541,-18.5484463,255,0,0
10.9,726.67,726.67,9.16850784e-10,0,0,0,0,-0.5038494,0.4069442,-0.5145023,16.0720031,-26.2669574,-18.9321038,255,0,0
10.95,726.668,726.668,9.22473801e-10,0,0,0,0,-0.4819809,0.4267204,-0.4903504,17.122457,-25.3852084,-19.2266157,255,0,0
11,726.666,726.666,9.28131303e-10,0,0,0,0,-0.4601498,0.4447999,-0.4656967,18.1441642,-24.5137028,-19.4340233,255,0,0
11.05,726.664,726.664,9.33823503e-10,0,0,0,0,-0.4383612,0.4611947,-0.4406669,19.1359059,-23.6584854,-19.5568538,255,0,0
11.1,726.662,726.662,9.39550613e-10,0,0,0,0,-0.4166202,0.4759255,-0.415382,20.0965543,-22.8251175,-19.5980593,255,0,0
11.15,726.66,726.66,9.45312847e-10,0,0,0,0,-0.394931,0.4890212,-0.389958,21.0250748,-22.0186522,-19.5609544,255,0,0
11.2,726.658,726.658,9.51110421e-10,0,0,0,0,-0.3732976,0.5005184,-0.3645055,21.9205272,-21.2436169,-19.4491544,255,0,0
11.25,726.656,726.656,9.56943551e-10,0,0,0,0,-0.3517233,0.5104601,-0.3391287,22.7820665,-20.5040035,-19.2665143,255,0,0
11.3,726.655,726.655,9.62812455e-10,0,0,0,0,-0.3302113,0.5188957,-0.3139257,23.6089439,-19.8032642,-19.0170705,255,0,0
11.35,726.653,726.653,9.68717353e-10,0,0,0,0,-0.3087639,0.5258795,-0.2889878,24.4005071,-19.1443143,-18.7049843,255,0,0
11.4,726.651,726.651,9.74658466e-10,0,0,0,0,-0.2873835,0.5314704,-0.2643996,25.1561998,-18.5295401,-18.3344886,255,0,0
11.45,726.649,726.649,9.80636015e-10,0,0,0,0,-0.2660719,0.5357313,-0.2402388,25.8755616,-17.9608115,-17.9098388,255,0,0
11.5,726.647,726.647,9.86650225e-10,0,0,0,0,-0.2448303,0.5387279,-0.2165758,26.5582271,-17.4394999,-17.4352664,255,0,0
11.55,726.645,726.645,9.92701319e-10,0,0,0,0,-0.22366,0.5405284,-0.1934743,27.2039245,-16.9664982,-16.9149385,255,0,0
11.6,726.643,726.643,9.98789525e-10,0,0,0,0,-0.2025616,0.5412027,-0.1709912,27.8124747,-16.5422454,-16.3529197,255,0,0
11.65,726.642,726.642,1.00491507e-9,0,0,0,0,-0.1815357,0.5408219,-0.1491763,28.383789,-16.1667525,-15.7531405,255,0,0
11.7,726.64,726.64,1.01107818e-9,0,0,0,0,-0.1605826,0.5394574,-0.1280731,28.9178673,-15.8396314,-15.1193685,255,0,0
11.75,726.638,726.638,1.01727909e-9,0,0,0,0,-0.1397021,0.5371808,-0.1077185,29.4147957,-15.5601237,-14.4551851,255,0,0
11.8,726.636,726.636,1.02351803e-9,0,0,0,0,-0.1188941,0.534063,-0.0881433,29.8747442,-15.3271315,-13.7639666,255,0,0
11.85,726.634,726.634,1.02979524e-9,0,0,0,0,-0.0981581,0.5301742,-0.0693727,30.2979635,-15.1392481,-13.0488688,255,0,0
11.9,726.632,726.632,1.03611094e-9,0,0,0,0,-0.0774935,0.525583,-0.0514258,30.6847824,-14.9947889,-12.3128168,255,0,0
11.95,726.63,726.63,1.04246537e-9,0,0,0,0,-0.0568995,0.5203562,-0.0343171,31.0356042,-14.8918208,-11.5584976,255,0,0
12,726.629,726.629,1.04885878e-9,0,0,0,0,-0.0363753,0.5145587,-0.0180556,31.350904,-14.8281925,-10.7883567,255,0,0
12.05,726.627,726.627,1.0552914e-9,0,0,0,0,-0.0159199,0.508253,-0.0026461,31.6312245,-14.801562,-10.0045984,255,0,0
12.1,726.625,726.625,1.06176347e-9,0,0,0,0,0.0044677,0.5014989,0.011911,31.8771729,-14.8094243,-9.2091885,255,0,0
12.15,726.623,726.623,1.06827523e-9,0,0,0,0,0.0247888,0.4943534,0.0256192,32.089417,-14.8491365,-8.4038602,255,0,0
12.2,726.621,726.621,1.07482693e-9,0,0,0,0,0.0450444,0.4868709,0.0384855,32.2686814,-14.9179416,-7.5901222,255,0,0
12.25,726.619,726.619,1.08141881e-9,0,0,0,0,0.0652357,0.4791022,0.0505202,32.415744,-15.0129911,-6.7692689,255,0,0
12.3,726.617,726.617,1.08805111e-9,0,0,0,0,0.085364,0.4710954,0.0617365,32.5314315,-15.1313651,-5.9423927,255,0,0
12.35,726.616,726.616,1.0947241e-9,0,0,0,0,0.1054303,0.4628952,0.0721501,32.6166159,-15.2700908,-5.1103978,255,0,0
12.4,726.614,726.614,1.101438e-9,0,0,0,0,0.1254358,0.454543,0.081779,32.6722107,-15.4261597,-4.2740151,255,0,0
12.45,726.612,726.612,1.10819309e-9,0,0,0,0,0.1453816,0.4460772,0.0906435,32.6991667,-15.5965421,-3.4338183,255,0,0
12.5,726.61,726.61,1.1149896e-9,0,0,0,0,0.1652687,0.4375326,0.0987653,32.6984682,-15.7782011,-2.5902407,255,0,0
12.55,726.608,726.608,1.1218278e-9,0,0,0,0,0.185098,0.4289414,0.1061679,32.6711294,-15.9681037,-1.7435929,255,0,0
12.6,726.606,726.606,1.12870793e-9,0,0,0,0,0.2048703,0.4203322,0.1128759,32.6181906,-16.1632316,-0.8940803,255,0,0
12.65,726.604,726.604,1.13563026e-9,0,0,0,0,0.2245864,0.4117311,0.118915,32.5407141,-16.3605898,-0.0418215,255,0,0
12.7,726.603,726.603,1.14259505e-9,0,0,0,0,0.2442469,0.4031608,0.124312,32.4397811,-16.5572145,0.8131336,255,0,0
12.75,726.601,726.601,1.14960254e-9,0,0,0,0,0.2638522,0.3946416,0.1290941,32.3164883,-16.7501792,1.6707864,255,0,0
12.8,726.599,726.599,1.15665302e-9,0,0,0,0,0.2834026,0.3861912,0.1332892,32.1719438,-16.9366008,2.531171,255,0,0
12.85,726.597,726.597,1.16374674e-9,0,0,0,0,0.3028985,0.3778246,0.1369258,32.0072646,-17.1136439,3.3943375,255,0,0
12.9,726.595,726.595,1.17088396e-9,0,0,0,0,0.3223397,0.3695545,0.1400324,31.8235732,-17.2785252,4.2603349,255,0,0
12.95,726.593,726.593,1.17806495e-9,0,0,0,0,0.3417262,0.3613916,0.1426379,31.6219944,-17.4285167,5.1291946,255,0,0
13,726.591,726.591,1.18528999e-9,0,0,0,0,0.3610577,0.3533445,0.1447712,31.4036527,-17.5609492,6.0009145,255,0,0
13.05,726.59,726.59,1.19255933e-9,0,0,0,0,0.3803337,0.3454199,0.1464613,31.1696695,-17.6732149,6.8754444,255,0,0
13.1,726.588,726.588,1.19987326e-9,0,0,0,0,0.3995536,0.3376229,0.1477372,30.9211606,-17.7627703,7.7526712,255,0,0
13.15,726.586,726.586,1.20723205e-9,0,0,0,0,0.4187166,0.3299572,0.1486275,30.6592336,-17.827139,8.6324057,255,0,0
13.2,726.584,726.584,1.21463596e-9,0,0,0,0,0.4378216,0.3224249,0.1491612,30.3849859,-17.8639145,9.5143694,255,0,0
13.25,726.582,726.582,1.22208529e-9,0,0,0,0,0.4568675,0.3150275,0.1493665,30.0995024,-17.8707633,10.3981832,255,0,0
13.3,726.58,726.58,1.2295803e-9,0,0,0,0,0.475853,0.307765,0.1492717,29.8038537,-17.8454285,11.283356,255,0,0
13.35,726.578,726.578,1.23712127e-9,0,0,0,0,0.4947764,0.3006369,0.1489049,29.4990943,-17.7857333,12.1692748,255,0,0
13.4,726.577,726.577,1.2447085e-9,0,0,0,0,0.5136361,0.2936423,0.1482937,29.1862609,-17.6895858,13.0551956,255,0,0
13.45,726.575,726.575,1.25234226e-9,0,0,0,0,0.5324302,0.2867794,0.1474655,28.866371,-17.5549832,13.9402354,255,0,0
13.5,726.573,726.573,1.26002283e-9,0,0,0,0,0.5511566,0.2800467,0.1464474,28.5404215,-17.3800179,14.8233652,255,0,0
13.55,726.571,726.571,1.26775051e-9,0,0,0,0,0.5698131,0.2734423,0.1452658,28.2093875,-17.162883,15.7034037,255,0,0
13.6,726.569,726.569,1.27552558e-9,0,0,0,0,0.5883972,0.2669645,0.1439472,27.8742217,-16.9018796,16.5790128,255,0,0
13.65,726.567,726.567,1.28334834e-9,0,0,0,0,0.6069063,0.2606117,0.1425172,27.5358526,-16.5954237,17.4486934,255,0,0
13.7,726.565,726.565,1.29121908e-9,0,0,0,0,0.6253378,0.2543829,0.141001,27.1951849,-16.2420545,18.3107832,255,0,0
13.75,726.564,726.564,1.29913808e-9,0,0,0,0,0.6436886,0.2482777,0.1394235,26.8530979,-15.8404433,19.1634551,255,0,0
13.8,726.562,726.562,1.30710566e-9,0,0,0,0,0.6619557,0.242296,0.1378087,26.5104453,-15.3894027,20.0047171,255,0,0
13.85,726.56,726.56,1.31512209e-9,0,0,0,0,0.6801359,0.236439,0.1361801,26.1680552,-14.8878969,20.8324136,255,0,0
13.9,726.558,726.558,1.3231877e-9,0,0,0,0,0.6982258,0.2307085,0.1345603,25.8267292,-14.3350518,21.6442277,255,0,0
13.95,726.556,726.556,1.33130276e-9,0,0,0,0,0.7162219,0.2251074,0.1329713,25.4872427,-13.7301666,22.4376852,255,0,0
14,726.554,726.554,1.3394676e-9,0,0,0,0,0.7341206,0.2196398,0.131434,25.1503447,-13.0727251,23.2101603,255,0,0
14.05,726.552,726.552,1.34768251e-9,0,0,0,0,0.7519181,0.2143109,0.1299684,24.8167576,-12.3624076,23.9588818,255,0,0
14.1,726.55,726.55,1.35594781e-9,0,0,0,0,0.7696106,0.2091272,0.1285934,24.4871776,-11.599103,24.6809423,255,0,0
14.15,726.549,726.549,1.36426379e-9,0,0,0,0,0.7871939,0.2040965,0.1273266,24.1622747,-10.782921,25.3733075,255,0,0
14.2,726.547,726.547,1.37263078e-9,0,0,0,0,0.804664,0.199228,0.1261843,23.8426931,-9.9142043,26.0328281,255,0,0
14.25,726.545,726.545,1.38104908e-9,0,0,0,0,0.8220166,0.1945322,0.1251813,23.5290511,-8.9935409,26.656253,255,0,0
14.3,726.543,726.543,1.38951901e-9,0,0,0,0,0.8392474,0.190021,0.1243309,23.2219422,-8.0217756,27.2402444,255,0,0
14.35,726.541,726.541,1.39804089e-9,0,0,0,0,0.856352,0.1857075,0.1236446,22.9219349,-7.0000215,27.7813938,255,0,0
14.4,726.539,726.539,1.40661503e-9,0,0,0,0,0.8733257,0.1816063,0.123132,22.6295732,-5.9296708,28.2762409,255,0,0
14.45,726.537,726.537,1.41524175e-9,0,0,0,0,0.8901641,0.177733,0.1228008,22.3453774,-4.8124047,28.7212932,255,0,0
14.5,726.536,726.536,1.42392138e-9,0,0,0,0,0.9068624,0.1741043,0.1226564,22.0698444,-3.6502019,29.1130475,255,0,0
14.55,726.534,726.534,1.43265425e-9,0,0,0,0,0.9234158,0.1707382,0.1227021,21.8034484,-2.4453469,29.4480132,255,0,0
14.6,726.532,726.532,1.44144067e-9,0,0,0,0,0.9398194,0.1676533,0.1229387,21.5466411,-1.2004361,29.7227369,255,0,0
14.65,726.53,726.53,1.45028098e-9,0,0,0,0,0.9560683,0.164869,0.1233646,21.2998529,0.0816177,29.9338286,255,0,0
14.7,726.528,726.528,1.45917551e-9,0,0,0,0,0.9721576,0.1624054,0.1239754,21.0634928,1.3975822,30.0779892,255,0,0
14.75,726.526,726.526,1.46812459e-9,0,0,0,0,0.9880821,0.1602826,0.1247642,20.8379493,2.7439047,30.1520391,255,0,0
14.8,726.524,726.524,1.47712855e-9,0,0,0,0,1.0038368,0.1585213,0.1257212,20.6235909,4.1167138,30.1529479,255,0,0
14.85,726.523,726.523,1.48618773e-9,0,0,0,0,1.0194164,0.1571417,0.1268337,20.4207669,5.5118227,30.0778654,255,0,0
14.9,726.521,726.521,1.49530247e-9,0,0,0,0,1.0348157,0.156164,0.1280864,20.2298074,6.9247361,29.9241527,255,0,0
14.95,726.519,726.519,1.50447311e-9,0,0,0,0,1.0500295,0.1556077,0.1294607,20.0510242,8.350659,29.689414,255,0,0
15,726.517,726.517,1.5137e-9,0,0,0,0,1.0650523,0.1554913,0.1309354,19.8847113,9.7845091,29.3715288,255,0,0
15.05,726.513,726.513,1.52420897e-9,0,0,0,0,1.0798788,0.1558322,0.1324863,19.731145,11.2209321,28.9686839,255,0,0
15.1,726.508,726.508,1.5347909e-9,0,0,0,0,1.0945036,0.1566467,0.1340866,19.5905848,12.6543199,28.4794048,255,0,0
15.15,726.504,726.504,1.54544629e-9,0,0,0,0,1.1089211,0.1579488,0.1357066,19.4632733,14.0788328,27.902587,255,0,0
15.2,726.5,726.5,1.55617566e-9,0,0,0,0,1.1231258,0.1597511,0.137314,19.3494369,15.4884239,27.2375255,255,0,0
15.25,726.495,726.495,1.56697952e-9,0,0,0,0,1.1371121,0.1620636,0.1388744,19.2492857,16.8768685,26.4839434,255,0,0
15.3,726.491,726.491,1.57785838e-9,0,0,0,0,1.1508743,0.1648937,0.1403508,19.1630142,18.2377951,25.6420189,255,0,0
15.35,726.487,726.487,1.58881277e-9,0,0,0,0,1.1644069,0.168246,0.1417043,19.090801,19.5647214,24.7124093,255,0,0
15.4,726.483,726.483,1.59984322e-9,0,0,0,0,1.177704,0.1721223,0.1428944,19.0328094,20.8510918,23.6962736,255,0,0
15.45,726.478,726.478,1.61095024e-9,0,0,0,0,1.1907599,0.1765209,0.1438789,18.9891871,22.0903197,22.5952906,255,0,0
15.5,726.474,726.474,1.62213437e-9,0,0,0,0,1.2035687,0.1814365,0.1446143,18.9600663,23.2758311,21.4116753,255,0,0
15.55,726.47,726.47,1.63339615e-9,0,0,0,0,1.2161245,0.1868603,0.1450566,18.9455638,24.4011121,20.1481902,255,0,0
15.6,726.465,726.465,1.64473612e-9,0,0,0,0,1.2284215,0.1927798,0.145161,18.9457806,25.4597576,18.8081531,255,0,0
15.65,726.461,726.461,1.65615482e-9,0,0,0,0,1.2404535,0.1991782,0.1448826,18.9608023,26.4455229,17.3954401,255,0,0
15.7,726.457,726.457,1.66765279e-9,0,0,0,0,1.2522146,0.2060351,0.1441768,18.990698,27.3523762,15.914484,255,0,0
15.75,726.452,726.452,1.67923058e-9,0,0,0,0,1.2636987,0.2133258,0.1429995,19.035521,28.1745525,14.3702673,255,0,0
15.8,726.448,726.448,1.69088876e-9,0,0,0,0,1.2748995,0.2210216,0.1413078,19.0953074,28.9066082,12.76831,255,0,0
15.85,726.444,726.444,1.70262787e-9,0,0,0,0,1.2858109,0.2290901,0.13906,19.1700767,29.5434754,11.1146515,255,0,0
15.9,726.439,726.439,1.71444848e-9,0,0,0,0,1.2964265,0.2374945,0.1362165,19.2598307,30.0805158,9.4158273,255,0,0
15.95,726.435,726.435,1.72635116e-9,0,0,0,0,1.30674,0.2461946,0.1327397,19.364553,30.5135737,7.6788392,255,0,0
16,726.431,726.431,1.73833648e-9,0,0,0,0,1.3167449,0.2551465,0.1285949,19.4842087,30.8390271,5.9111201,255,0,0
16.05,726.426,726.426,1.750405e-9,0,0,0,0,1.3264349,0.2643029,0.1237501,19.6187435,31.0538357,4.1204928,255,0,0
16.1,726.422,726.422,1.76255731e-9,0,0,0,0,1.3358032,0.2736134,0.1181769,19.7680832,31.1555873,2.3151231,255,0,0
16.15,726.418,726.418,1.77479399e-9,0,0,0,0,1.3448432,0.2830245,0.1118503,19.9321327,31.1425382,0.5034677,255,0,0
16.2,726.414,726.414,1.78711562e-9,0,0,0,0,1.3535483,0.2924806,0.1047494,20.1107756,31.0136513,-1.3057836,255,0,0
16.25,726.409,726.409,1.79952279e-9,0,0,0,0,1.3619116,0.3019235,0.0968577,20.3038729,30.7686277,-3.1037699,255,0,0
16.3,726.405,726.405,1.8120161e-9,0,0,0,0,1.3699262,0.3112935,0.0881629,20.5112625,30.4079326,-4.8815258,255,0,0
16.35,726.401,726.401,1.82459615e-9,0,0,0,0,1.3775854,0.3205295,0.0786573,20.7327581,29.9328158,-6.6300517,255,0,0
16.4,726.396,726.396,1.83726354e-9,0,0,0,0,1.3848819,0.3295691,0.0683383,20.9681485,29.3453242,-8.3403876,255,0,0
16.45,726.392,726.392,1.85001887e-9,0,0,0,0,1.3918088,0.3383497,0.0572078,21.2171963,28.6483076,-10.0036884,255,0,0
16.5,726.388,726.388,1.86286275e-9,0,0,0,0,1.3983588,0.3468084,0.0452729,21.4796372,27.8454168,-11.6113023,255,0,0
16.55,726.383,726.383,1.87579581e-9,0,0,0,0,1.4045248,0.3548829,0.0325455,21.755179,26.9410933,-13.1548484,255,0,0
16.6,726.379,726.379,1.88881865e-9,0,0,0,0,1.4102994,0.3625113,0.0190423,22.0435005,25.940551,-14.6262955,255,0,0
16.65,726.375,726.375,1.90193191e-9,0,0,0,0,1.4156753,0.3696333,0.0047852,22.3442507,24.8497497,-16.0180397,255,0,0
16.7,726.37,726.37,1.9151362e-9,0,0,0,0,1.4206451,0.37619,-0.0101997,22.6570476,23.6753597,-17.3229791,255,0,0
16.75,726.366,726.366,1.92843217e-9,0,0,0,0,1.4252012,0.3821246,-0.0258815,22.9814774,22.4247188,-18.5345872,255,0,0
16.8,726.362,726.362,1.94182044e-9,0,0,0,0,1.4293361,0.3873828,-0.0422249,23.3170938,21.1057809,-19.6469812,255,0,0
16.85,726.358,726.358,1.95530167e-9,0,0,0,0,1.4330423,0.3919131,-0.0591908,23.6634164,19.727057,-20.6549859,255,0,0
16.9,726.353,726.353,1.96887649e-9,0,0,0,0,1.4363121,0.395667,-0.0767361,24.019931,18.297549,-21.5541922,255,0,0
16.95,726.349,726.349,1.98254555e-9,0,0,0,0,1.4391379,0.3985994,-0.0948143,24.3860875,16.8266771,-22.3410081,255,0,0
17,726.345,726.345,1.99630951e-9,0,0,0,0,1.4415119,0.4006692,-0.1133755,24.7613004,15.3242007,-23.0127038,255,0,0
17.05,726.34,726.34,2.01016903e-9,0,0,0,0,1.4434265,0.4018387,-0.1323673,25.1449473,13.800135,-23.5674469,255,0,0
17.1,726.336,726.336,2.02412477e-9,0,0,0,0,1.444874,0.4020747,-0.1517347,25.5363687,12.2646626,-24.0043305,255,0,0
17.15,726.332,726.332,2.03817739e-9,0,0,0,0,1.4458467,0.4013481,-0.1714204,25.9348673,10.7280424,-24.3233904,255,0,0
17.2,726.327,726.327,2.05232758e-9,0,0,0,0,1.4463369,0.399634,-0.1913656,26.3397081,9.200516,-24.5256141,255,0,0
17.25,726.323,726.323,2.06657601e-9,0,0,0,0,1.4463369,0.3969123,-0.2115101,26.7501176,7.6922131,-24.6129385,255,0,0
17.3,726.319,726.319,2.08092336e-9,0,0,0,0,1.4458392,0.393167,-0.2317927,27.1652838,6.2130571,-24.5882384,255,0,0
17.35,726.314,726.314,2.09537032e-9,0,0,0,0,1.4448362,0.3883868,-0.2521515,27.5843565,4.7726716,-24.455304,255,0,0
17.4,726.31,726.31,2.10991757e-9,0,0,0,0,1.4433204,0.3825648,-0.2725245,28.0064469,3.3802897,-24.218809,255,0,0
17.45,726.306,726.306,2.12456582e-9,0,0,0,0,1.4412845,0.3756984,-0.2928496,28.4306285,2.0446664,-23.8842683,255,0,0
17.5,726.302,726.302,2.13931577e-9,0,0,0,0,1.4387212,0.3677893,-0.3130652,28.8559368,0.7739966,-23.4579868,255,0,0
17.55,726.297,726.297,2.15416812e-9,0,0,0,0,1.4356234,0.3588436,-0.3331104,29.2813704,-0.4241626,-22.9469993,255,0,0
17.6,726.293,726.293,2.16912358e-9,0,0,0,0,1.431984,0.3488712,-0.3529254,29.7058919,-1.5429609,-22.3590015,255,0,0
17.65,726.289,726.289,2.18418287e-9,0,0,0,0,1.4277963,0.3378861,-0.3724515,30.1284282,-2.576318,-21.7022751,255,0,0
17.7,726.284,726.284,2.19934671e-9,0,0,0,0,1.4230537,0.3259061,-0.3916316,30.5478722,-3.5189768,-20.9856048,255,0,0
17.75,726.28,726.28,2.21461583e-9,0,0,0,0,1.4177496,0.3129522,-0.4104103,30.9630839,-4.3665478,-20.2181914,255,0,0
17.8,726.276,726.276,2.22999096e-9,0,0,0,0,1.411878,0.2990492,-0.4287343,31.372892,-5.1155444,-19.4095594,255,0,0
17.85,726.271,726.271,2.24547282e-9,0,0,0,0,1.4054329,0.284225,-0.4465523,31.7760954,-5.7634066,-18.5694621,255,0,0
17.9,726.267,726.267,2.26106218e-9,0,0,0,0,1.3984086,0.2685103,-0.4638151,32.1714655,-6.3085153,-17.7077849,255,0,0
17.95,726.263,726.263,2.27675976e-9,0,0,0,0,1.3907998,0.2519389,-0.4804764,32.5577479,-6.7501951,-16.8344472,255,0,0
18,726.258,726.258,2.29256632e-9,0,0,0,0,1.3826015,0.2345469,-0.496492,32.9336651,-7.088707,-15.9593054,255,0,0
18.05,726.254,726.254,2.30848262e-9,0,0,0,0,1.373809,0.2163729,-0.5118206,33.2979188,-7.3252307,-15.0920575,255,0,0
18.1,726.25,726.25,2.32450942e-9,0,0,0,0,1.3644181,0.197458,-0.5264236,33.6491926,-7.4618355,-14.2421508,255,0,0
18.15,726.245,726.245,2.34064749e-9,0,0,0,0,1.3544248,0.1778448,-0.5402651,33.9861553,-7.5014432,-13.4186933,255,0,0
18.2,726.241,726.241,2.3568976e-9,0,0,0,0,1.3438257,0.1575782,-0.5533124,34.3074637,-7.4477808,-12.6303705,255,0,0
18.25,726.237,726.237,2.37326053e-9,0,0,0,0,1.3326177,0.1367045,-0.5655354,34.6117659,-7.3053248,-11.8853689,255,0,0
18.3,726.233,726.233,2.38973706e-9,0,0,0,0,1.3207984,0.1152716,-0.5769073,34.897705,-7.0792385,-11.1913051,255,0,0
18.35,726.228,726.228,2.40632797e-9,0,0,0,0,1.3083658,0.0933284,-0.5874041,35.163923,-6.7753021,-10.5551646,255,0,0
18.4,726.224,726.224,2.42303407e-9,0,0,0,0,1.2953183,0.0709253,-0.5970051,35.4090641,-6.3998377,-9.9832469,255,0,0
18.45,726.22,726.22,2.43985616e-9,0,0,0,0,1.2816549,0.0481135,-0.6056925,35.6317792,-5.9596289,-9.4811216,255,0,0
18.5,726.215,726.215,2.45679503e-9,0,0,0,0,1.2673754,0.0249448,-0.6134518,35.8307298,-5.4618383,-9.0535922,255,0,0
18.55,726.211,726.211,2.4738515e-9,0,0,0,0,1.2524798,0.0014719,-0.6202714,36.0045927,-4.9139212,-8.7046703,255,0,0
18.6,726.207,726.207,2.49102638e-9,0,0,0,0,1.2369692,-0.0222523,-0.626143,36.1520637,-4.3235393,-8.4375586,255,0,0
18.65,726.202,726.202,2.50832051e-9,0,0,0,0,1.2208448,-0.0461744,-0.6310615,36.2718629,-3.6984738,-8.2546447,255,0,0
18.7,726.198,726.198,2.5257347e-9,0,0,0,0,1.2041088,-0.0702411,-0.6350248,36.3627387,-3.0465394,-8.1575026,255,0,0
18.75,726.194,726.194,2.54326979e-9,0,0,0,0,1.186764,-0.0943989,-0.638034,36.4234731,-2.3755012,-8.1469043,255,0,0
18.8,726.189,726.189,2.56092662e-9,0,0,0,0,1.1688139,-0.1185948,-0.6400933,36.4528855,-1.6929939,-8.2228396,255,0,0
18.85,726.185,726.185,2.57870603e-9,0,0,0,0,1.1502626,-0.1427761,-0.6412099,36.4498384,-1.0064454,-8.3845438,255,0,0
18.9,726.181,726.181,2.59660888e-9,0,0,0,0,1.131115,-0.1668906,-0.6413942,36.4132415,-0.3230055,-8.6305327,255,0,0
18.95,726.177,726.177,2.61463601e-9,0,0,0,0,1.1113768,-0.1908869,-0.6406595,36.3420567,0.3505207,-8.9586441,255,0,0
19,726.172,726.172,2.63278831e-9,0,0,0,0,1.0910541,-0.2147144,-0.6390221,36.2353025,1.0077322,-9.3660856,255,0,0
19.05,726.168,726.168,2.65106662e-9,0,0,0,0,1.0701543,-0.2383238,-0.6365012,36.092059,1.6426853,-9.8494864,255,0,0
19.1,726.164,726.164,2.66947184e-9,0,0,0,0,1.0486849,-0.2616668,-0.6331187,35.9114721,2.24994,-10.4049537,255,0,0
19.15,726.159,726.159,2.68800483e-9,0,0,0,0,1.0266547,-0.2846967,-0.6288992,35.692758,2.824598,-11.0281324,255,0,0
19.2,726.155,726.155,2.7066665e-9,0,0,0,0,1.0040729,-0.3073682,-0.6238702,35.4352073,3.3623348,-11.7142665,255,0,0
19.25,726.151,726.151,2.72545772e-9,0,0,0,0,0.9809496,-0.329638,-0.6180612,35.1381895,3.8594222,-12.4582617,255,0,0
19.3,726.146,726.146,2.7443794e-9,0,0,0,0,0.9572956,-0.3514645,-0.6115046,34.8011564,4.3127456,-13.2547491,255,0,0
19.35,726.142,726.142,2.76343244e-9,0,0,0,0,0.9331225,-0.372808,-0.6042345,34.4236459,4.7198115,-14.0981479,255,0,0
19.4,726.138,726.138,2.78261777e-9,0,0,0,0,0.9084425,-0.3936313,-0.5962874,34.0052857,5.0787502,-14.9827268,255,0,0
19.45,726.133,726.133,2.80193628e-9,0,0,0,0,0.8832686,-0.4138993,-0.5877017,33.5457963,5.3883097,-15.9026637,255,0,0
19.5,726.129,726.129,2.82138892e-9,0,0,0,0,0.8576145,-0.4335792,-0.5785172,33.0449937,5.6478451,-16.8521031,255,0,0
19.55,726.125,726.125,2.84097661e-9,0,0,0,0,0.8314947,-0.4526408,-0.5687756,32.5027922,5.8573002,-17.825209,255,0,0
19.6,726.12,726.12,2.86070029e-9,0,0,0,0,0.804924,-0.4710566,-0.5585196,31.9192069,6.0171855,-18.8162157,255,0,0
19.65,726.116,726.116,2.8805609e-9,0,0,0,0,0.7779184,-0.4888016,-0.5477934,31.294355,6.1285503,-19.8194731,255,0,0
19.7,726.112,726.112,2.9005594e-9,0,0,0,0,0.7504941,-0.5058535,-0.5366417,30.6284579,6.1929505,-20.8294881,255,0,0
19.75,726.108,726.108,2.92069673e-9,0,0,0,0,0.7226681,-0.5221928,-0.5251102,29.921842,6.2124137,-21.8409613,255,0,0
19.8,726.103,726.103,2.94097387e-9,0,0,0,0,0.6944578,-0.5378028,-0.5132449,29.1749399,6.1894002,-22.848818,255,0,0
19.85,726.099,726.099,2.96139179e-9,0,0,0,0,0.6658814,-0.5526693,-0.5010923,28.3882904,6.1267622,-23.8482351,255,0,0
19.9,726.095,726.095,2.98195146e-9,0,0,0,0,0.6369575,-0.5667812,-0.4886986,27.5625387,6.0277013,-24.8346621,255,0,0
19.95,726.09,726.09,3.00265387e-9,0,0,0,0,0.6077051,-0.58013,-0.4761101,26.6984359,5.8957239,-25.8038377,255,0,0
20,726.086,726.086,3.0235e-9,0,0,0,0,0.5781437,-0.5927097,-0.4633726,25.7968383,5.7345969,-26.7518008,255,0,0
20.05,726.076,726.076,3.04647232e-9,0,0,0,0,0.5482934,-0.6045172,-0.4505315,24.8587056,5.5483028,-27.6748974,255,0,0
20.1,726.066,726.066,3.06961919e-9,0,0,0,0,0.5181744,-0.6155515,-0.4376312,23.8851001,5.3409945,-28.5697827,255,0,0
20.15,726.056,726.056,3.09294193e-9,0,0,0,0,0.4878074,-0.6258146,-0.4247152,22.8771836,5.1169518,-29.4334191,255,0,0
20.2,726.046,726.046,3.11644187e-9,0,0,0,0,0.4572134,-0.6353103,-0.4118259,21.8362156,4.8805381,-30.2630701,255,0,0
20.25,726.035,726.035,3.14012036e-9,0,0,0,0,0.4264135,-0.644045,-0.3990045,20.76355,4.6361588,-31.0562909,255,0,0
20.3,726.025,726.025,3.16397875e-9,0,0,0,0,0.3954292,-0.6520269,-0.3862906,19.6606316,4.3882216,-31.810916,255,0,0
20.35,726.015,726.015,3.18801843e-9,0,0,0,0,0.3642822,-0.6592663,-0.3737221,18.5289928,4.1410982,-32.5250436,255,0,0
20.4,726.005,726.005,3.21224075e-9,0,0,0,0,0.332994,-0.6657754,-0.3613356,17.3702492,3.8990885,-33.1970185,255,0,0
20.45,725.995,725.995,3.23664711e-9,0,0,0,0,0.3015867,-0.6715679,-0.3491654,16.186095,3.6663868,-33.8254119,255,0,0
20.5,725.985,725.985,3.26123891e-9,0,0,0,0,0.2700819,-0.6766591,-0.3372441,14.9782985,3.4470499,-34.409001,255,0,0
20.55,725.975,725.975,3.28601756e-9,0,0,0,0,0.2385017,-0.6810655,-0.3256024,13.7486968,3.2449686,-34.9467473,255,0,0
20.6,725.965,725.965,3.31098447e-9,0,0,0,0,0.2068677,-0.6848051,-0.3142688,12.4991903,3.0638407,-35.4377732,255,0,0
20.65,725.955,725.955,3.33614108e-9,0,0,0,0,0.1752017,-0.6878966,-0.3032696,11.231737,2.9071465,-35.88134,255,0,0
20.7,725.944,725.944,3.36148883e-9,0,0,0,0,0.1435253,-0.6903598,-0.2926292,9.9483468,2.7781268,-36.276825,255,0,0
20.75,725.934,725.934,3.38702917e-9,0,0,0,0,0.1118599,-0.6922151,-0.2823698,8.651075,2.6797629,-36.6236995,255,0,0
20.8,725.924,725.924,3.41276356e-9,0,0,0,0,0.0802267,-0.6934836,-0.2725111,7.342016,2.6147596,-36.9215074,255,0,0
20.85,725.914,725.914,3.43869348e-9,0,0,0,0,0.0486466,-0.6941868,-0.263071,6.023297,2.5855287,-37.1698455,255,0,0
20.9,725.904,725.904,3.46482041e-9,0,0,0,0,0.0171402,-0.6943464,-0.2540651,4.697071,2.5941764,-37.3683445,255,0,0
20.95,725.894,725.894,3.49114586e-9,0,0,0,0,-0.0142721,-0.6939844,-0.245507,3.3655105,2.6424909,-37.5166525,255,0,0
21,725.884,725.884,3.51767132e-9,0,0,0,0,-0.0455704,-0.6931226,-0.2374082,2.0308001,2.7319328,-37.6144199,255,0,0
21.05,725.874,725.874,3.54439832e-9,0,0,0,0,-0.0767353,-0.6917829,-0.2297779,0.6951301,2.8636269,-37.6612864,255,0,0
21.1,725.864,725.864,3.57132839e-9,0,0,0,0,-0.1077476,-0.689987,-0.2226238,-0.6393105,3.0383555,-37.6568709,255,0,0
21.15,725.853,725.853,3.59846308e-9,0,0,0,0,-0.1385887,-0.6877563,-0.2159514,-1.9703409,3.2565532,-37.600763,255,0,0
21.2,725.843,725.843,3.62580393e-9,0,0,0,0,-0.1692406,-0.6851115,-0.2097645,-3.2957951,3.5183029,-37.4925175,255,0,0
21.25,725.833,725.833,3.65335251e-9,0,0,0,0,-0.1996856,-0.6820732,-0.2040652,-4.6135289,3.823334,-37.3316515,255,0,0
21.3,725.823,725.823,3.68111041e-9,0,0,0,0,-0.2299068,-0.6786612,-0.1988537,-5.9214259,4.1710208,-37.1176441,255,0,0
21.35,725.813,725.813,3.70907921e-9,0,0,0,0,-0.2598877,-0.6748947,-0.194129,-7.2174044,4.5603828,-36.8499385,255,0,0
21.4,725.803,725.803,3.73726051e-9,0,0,0,0,-0.2896125,-0.6707923,-0.1898884,-8.4994236,4.9900864,-36.5279472,255,0,0
21.45,725.793,725.793,3.76565593e-9,0,0,0,0,-0.3190659,-0.6663716,-0.1861277,-9.7654891,5.4584472,-36.1510593,255,0,0
21.5,725.783,725.783,3.7942671e-9,0,0,0,0,-0.3482334,-0.6616496,-0.1828418,-11.0136591,5.9634347,-35.7186508,255,0,0
21.55,725.773,725.773,3.82309566e-9,0,0,0,0,-0.3771011,-0.6566423,-0.180024,-12.2420501,6.5026769,-35.2300969,255,0,0
21.6,725.762,725.762,3.85214325e-9,0,0,0,0,-0.4056556,-0.6513649,-0.1776667,-13.4488414,7.0734679,-34.6847867,255,0,0
21.65,725.752,725.752,3.88141155e-9,0,0,0,0,-0.4338844,-0.6458318,-0.1757611,-14.6322808,7.6727752,-34.0821404,255,0,0
21.7,725.742,725.742,3.91090222e-9,0,0,0,0,-0.4617756,-0.6400562,-0.1742977,-15.7906886,8.2972507,-33.4216281,255,0,0
21.75,725.732,725.732,3.94061696e-9,0,0,0,0,-0.4893179,-0.6340505,-0.1732658,-16.9224624,8.9432408,-32.7027903,255,0,0
21.8,725.722,725.722,3.97055747e-9,0,0,0,0,-0.5165007,-0.6278262,-0.1726543,-18.0260806,9.6068007,-31.9252604,255,0,0
21.85,725.712,725.712,4.00072546e-9,0,0,0,0,-0.5433141,-0.6213938,-0.1724511,-19.100106,10.2837083,-31.0887879,255,0,0
21.9,725.702,725.702,4.03112267e-9,0,0,0,0,-0.5697491,-0.6147628,-0.1726434,-20.1431892,10.9694818,-30.1932633,255,0,0
21.95,725.692,725.692,4.06175084e-9,0,0,0,0,-0.595797,-0.6079418,-0.173218,-21.1540712,11.6593981,-29.2387429,255,0,0
22,725.682,725.682,4.09261172e-9,0,0,0,0,-0.6214501,-0.6009386,-0.1741611,-22.131586,12.3485137,-28.2254752,255,0,0
22.05,725.671,725.671,4.12370707e-9,0,0,0,0,-0.6467011,-0.5937598,-0.1754583,-23.0746621,13.0316877,-27.153926,255,0,0
22.1,725.661,725.661,4.15503869e-9,0,0,0,0,-0.6715436,-0.5864114,-0.1770948,-23.9823249,13.7036069,-26.0248047,255,0,0
22.15,725.651,725.651,4.18660836e-9,0,0,0,0,-0.6959717,-0.5788984,-0.1790554,-24.8536972,14.3588133,-24.839089,255,0,0
22.2,725.641,725.641,4.21841789e-9,0,0,0,0,-0.71998,-0.5712251,-0.1813245,-25.6880007,14.9917333,-23.5980491,255,0,0
22.25,725.631,725.631,4.25046911e-9,0,0,0,0,-0.7435641,-0.5633949,-0.1838861,-26.4845557,15.5967098,-22.3032707,255,0,0
22.3,725.621,725.621,4.28276385e-9,0,0,0,0,-0.7667199,-0.5554106,-0.1867239,-27.242782,16.1680355,-20.9566761,255,0,0
22.35,725.611,725.611,4.31530397e-9,0,0,0,0,-0.7894439,-0.5472741,-0.1898212,-27.962198,16.6999894,-19.5605436,255,0,0
22.4,725.601,725.601,4.34809132e-9,0,0,0,0,-0.8117333,-0.5389869,-0.193161,-28.6424202,17.1868744,-18.1175241,255,0,0
22.45,725.591,725.591,4.38112779e-9,0,0,0,0,-0.8335857,-0.5305499,-0.196726,-29.2831624,17.6230566,-16.6306553,255,0,0
22.5,725.581,725.581,4.41441527e-9,0,0,0,0,-0.8549993,-0.5219634,-0.2004985,-29.8842344,18.0030069,-15.1033731,255,0,0
22.55,725.57,725.57,4.44795567e-9,0,0,0,0,-0.8759727,-0.5132274,-0.2044606,-30.44554,18.3213435,-13.5395189,255,0,0
22.6,725.56,725.56,4.4817509e-9,0,0,0,0,-0.8965053,-0.5043415,-0.208594,-30.9670754,18.5728757,-11.9433438,255,0,0
22.65,725.55,725.55,4.5158029e-9,0,0,0,0,-0.9165965,-0.495305,-0.2128801,-31.4489271,18.7526481,-10.3195089,255,0,0
22.7,725.54,725.54,4.55011363e-9,0,0,0,0,-0.9362465,-0.486117,-0.2172999,-31.8912689,18.8559858,-8.6730807,255,0,0
22.75,725.53,725.53,4.58468505e-9,0,0,0,0,-0.9554557,-0.4767766,-0.2218342,-32.29436,18.8785397,-7.0095233,255,0,0
22.8,725.52,725.52,4.61951914e-9,0,0,0,0,-0.9742249,-0.4672829,-0.2264634,-32.6585411,18.8163312,-5.3346851,255,0,0
22.85,725.51,725.51,4.6546179e-9,0,0,0,0,-0.9925554,-0.4576351,-0.2311677,-32.9842321,18.6657963,-3.6547811,255,0,0
22.9,725.5,725.5,4.68998334e-9,0,0,0,0,-1.0104488,-0.4478327,-0.2359268,-33.2719284,18.4238285,-1.9763707,255,0,0
22.95,725.49,725.49,4.72561748e-9,0,0,0,0,-1.0279068,-0.4378753,-0.2407205,-33.5221975,18.0878206,-0.3063306,255,0,0
23,725.479,725.479,4.76152236e-9,0,0,0,0,-1.0449317,-0.4277631,-0.2455279,-33.7356753,17.6557038,1.348177,255,0,0
23.05,725.469,725.469,4.79770005e-9,0,0,0,0,-1.0615259,-0.4174968,-0.2503283,-33.9130625,17.1259843,2.9797406,255,0,0
23.1,725.459,725.459,4.83415261e-9,0,0,0,0,-1.0776919,-0.4070778,-0.2551006,-34.0551207,16.4977771,4.5807404,255,0,0
23.15,725.449,725.449,4.87088214e-9,0,0,0,0,-1.0934329,-0.3965081,-0.2598238,-34.1626686,15.7708364,6.1433932,255,0,0
23.2,725.439,725.439,4.90789073e-9,0,0,0,0,-1.1087517,-0.3857908,-0.2644766,-34.2365778,14.9455814,7.6598012,255,0,0
23.25,725.429,725.429,4.94518052e-9,0,0,0,0,-1.1236517,-0.3749296,-0.269038,-34.2777691,14.0231184,9.1220046,255,0,0
23.3,725.419,725.419,4.98275362e-9,0,0,0,0,-1.1381362,-0.3639297,-0.2734871,-34.2872084,13.0052574,10.5220375,255,0,0
23.35,725.409,725.409,5.02061221e-9,0,0,0,0,-1.1522089,-0.3527969,-0.2778031,-34.2659027,11.894524,11.8519864,255,0,0
23.4,725.399,725.399,5.05875844e-9,0,0,0,0,-1.1658734,-0.3415385,-0.2819657,-34.2148958,10.6941653,13.1040505,255,0,0
23.45,725.388,725.388,5.09719451e-9,0,0,0,0,-1.1791335,-0.3301629,-0.2859551,-34.1352651,9.4081502,14.2706048,255,0,0
23.5,725.378,725.378,5.13592261e-9,0,0,0,0,-1.1919931,-0.31868,-0.289752,-34.0281168,8.0411635,15.3442635,255,0,0
23.55,725.368,725.368,5.17494496e-9,0,0,0,0,-1.2044559,-0.3071008,-0.2933379,-33.8945829,6.5985938,16.317944,255,0,0
23.6,725.358,725.358,5.2142638e-9,0,0,0,0,-1.2165261,-0.2954377,-0.2966952,-33.7358168,5.086515,17.1849313,255,0,0
23.65,725.348,725.348,5.25388138e-9,0,0,0,0,-1.2282075,-0.2837044,-0.2998073,-33.5529901,3.5116609,17.938941,255,0,0
23.7,725.338,725.338,5.29379998e-9,0,0,0,0,-1.2395043,-0.2719158,-0.3026589,-33.3472888,1.8813945,18.5741808,255,0,0
23.75,725.328,725.328,5.33402187e-9,0,0,0,0,-1.2504204,-0.2600883,-0.3052359,-33.1199102,0.2036695,19.0854109,255,0,0
23.8,725.318,725.318,5.37454937e-9,0,0,0,0,-1.2609598,-0.2482392,-0.3075258,-32.8720591,-1.5130131,19.4680001,255,0,0
23.85,725.308,725.308,5.41538479e-9,0,0,0,0,-1.2711265,-0.2363871,-0.3095179,-32.6049451,-3.2596549,19.7179792,255,0,0
23.9,725.297,725.297,5.45653047e-9,0,0,0,0,-1.2809245,-0.2245514,-0.311203,-32.3197792,-5.0268156,19.8320904,255,0,0
23.95,725.287,725.287,5.49798878e-9,0,0,0,0,-1.2903577,-0.2127524,-0.3125741,-32.0177715,-6.8046733,19.8078316,255,0,0
24,725.277,725.277,5.53976208e-9,0,0,0,0,-1.29943,-0.2010112,-0.3136261,-31.7001278,-8.5830899,19.6434952,255,0,0
24.05,725.267,725.267,5.58185278e-9,0,0,0,0,-1.3081452,-0.1893492,-0.3143561,-31.3680476,-10.3516806,19.3382017,255,0,0
24.1,725.257,725.257,5.62426327e-9,0,0,0,0,-1.316507,-0.1777883,-0.3147635,-31.0227213,-12.0998867,18.8919265,255,0,0
24.15,725.247,725.247,5.666996e-9,0,0,0,0,-1.3245192,-0.1663505,-0.3148501,-30.6653283,-13.8170523,18.3055198,255,0,0
24.2,725.237,725.237,5.71005341e-9,0,0,0,0,-1.3321853,-0.1550576,-0.3146197,-30.2970348,-15.4925017,17.5807201,255,0,0
24.25,725.227,725.227,5.75343796e-9,0,0,0,0,-1.339509,-0.1439312,-0.314079,-29.9189917,-17.1156204,16.7201599,255,0,0
24.3,725.217,725.217,5.79715215e-9,0,0,0,0,-1.3464936,-0.1329921,-0.3132367,-29.5323333,-18.6759351,15.7273636,255,0,0
24.35,725.206,725.206,5.84119847e-9,0,0,0,0,-1.3531426,-0.1222606,-0.3121041,-29.1381755,-20.1631949,14.6067388,255,0,0
24.4,725.196,725.196,5.88557946e-9,0,0,0,0,-1.3594592,-0.1117555,-0.3106945,-28.7376142,-21.5674515,13.3635589,255,0,0
24.45,725.186,725.186,5.93029765e-9,0,0,0,0,-1.3654467,-0.1014948,-0.3090237,-28.3317244,-22.8791378,12.0039384,255,0,0
24.5,725.176,725.176,5.9753556e-9,0,0,0,0,-1.371108,-0.0914945,-0.3071094,-27.9215588,-24.0891445,10.5348014,255,0,0
24.55,725.166,725.166,6.0207559e-9,0,0,0,0,-1.3764464,-0.0817691,-0.3049713,-27.5081471,-25.1888936,8.963842,255,0,0
24.6,725.156,725.156,6.06650115e-9,0,0,0,0,-1.3814646,-0.0723309,-0.3026308,-27.0924951,-26.170408,7.2994783,255,0,0
24.65,725.146,725.146,6.11259397e-9,0,0,0,0,-1.3861655,-0.0631902,-0.3001108,-26.6755839,-27.0263769,5.5507998,255,0,0
24.7,725.136,725.136,6.159037e-9,0,0,0,0,-1.3905519,-0.0543548,-0.2974355,-26.2583697,-27.7502165,3.7275086,255,0,0
24.75,725.126,725.126,6.2058329e-9,0,0,0,0,-1.3946264,-0.04583,-0.2946303,-25.8417828,-28.3361244,1.8398551,255,0,0
24.8,725.115,725.115,6.25298435e-9,0,0,0,0,-1.3983916,-0.0376185,-0.2917213,-25.4267282,-28.7791284,-0.1014313,255,0,0
24.85,725.105,725.105,6.30049405e-9,0,0,0,0,-1.4018499,-0.0297203,-0.2887348,-25.0140844,-29.0751283,-2.0852155,255,0,0
24.9,725.095,725.095,6.34836473e-9,0,0,0,0,-1.4050037,-0.0221324,-0.2856978,-24.6047043,-29.220931,-4.1000345,255,0,0
24.95,725.085,725.085,6.39659912e-9,0,0,0,0,-1.4078554,-0.0148493,-0.2826367,-24.1994145,-29.2142781,-6.1341773,255,0,0
25,725.075,725.075,6.4452e-9,0,0,0,0,-1.4104071,-0.0078625,-0.2795776,-23.7990157,-29.0538658,-8.1757677,255,0,0
25.05,725.051,725.051,6.49775156e-9,0,0,0,0,-1.412661,-0.0011608,-0.2765459,-23.404283,-28.7393572,-10.2128481,255,0,0
25.1,725.027,725.027,6.55073161e-9,0,0,0,0,-1.4146191,0.0052697,-0.2735659,-23.015966,-28.2713868,-12.2334644,255,0,0
25.15,725.003,725.003,6.60414363e-9,0,0,0,0,-1.4162834,0.0114454,-0.2706605,-22.6347891,-27.6515571,-14.2257503,255,0,0
25.2,724.979,724.979,6.65799116e-9,0,0,0,0,-1.4176557,0.0173849,-0.2678508,-22.2614522,-26.8824269,-16.1780118,255,0,0
25.25,724.955,724.955,6.71227774e-9,0,0,0,0,-1.418738,0.0231093,-0.2651562,-21.8966308,-25.9674931,-18.078809,255,0,0
25.3,724.931,724.931,6.76700694e-9,0,0,0,0,-1.4195319,0.0286415,-0.2625938,-21.5409764,-24.9111637,-19.9170364,255,0,0
25.35,724.907,724.907,6.82218239e-9,0,0,0,0,-1.4200391,0.0340059,-0.2601784,-21.1951175,-23.7187247,-21.6819998,255,0,0
25.4,724.883,724.883,6.87780771e-9,0,0,0,0,-1.4202611,0.0392286,-0.257922,-20.8596598,-22.3962997,-23.3634897,255,0,0
25.45,724.859,724.859,6.93388659e-9,0,0,0,0,-1.4201996,0.0443367,-0.2558342,-20.5351866,-20.9508033,-24.951851,255,0,0
25.5,724.835,724.835,6.9904227e-9,0,0,0,0,-1.4198559,0.0493581,-0.2539215,-20.2222597,-19.3898881,-26.4380466,255,0,0
25.55,724.811,724.811,7.04741979e-9,0,0,0,0,-1.4192314,0.0543211,-0.2521878,-19.9214198,-17.7218876,-27.8137174,255,0,0
25.6,724.787,724.787,7.10488161e-9,0,0,0,0,-1.4183274,0.0592543,-0.2506338,-19.6331869,-15.9557526,-29.0712348,255,0,0
25.65,724.763,724.763,7.16281195e-9,0,0,0,0,-1.4171452,0.064186,-0.2492573,-19.3580611,-14.1009844,-30.2037485,255,0,0
25.7,724.739,724.739,7.22121463e-9,0,0,0,0,-1.4156858,0.0691438,-0.2480535,-19.0965229,-12.1675645,-31.205227,255,0,0
25.75,724.715,724.715,7.28009351e-9,0,0,0,0,-1.4139503,0.0741548,-0.2470145,-18.8490338,-10.1658805,-32.0704916,255,0,0
25.8,724.691,724.691,7.33945245e-9,0,0,0,0,-1.4119399,0.0792446,-0.2461298,-18.6160367,-8.1066508,-32.7952433,255,0,0
25.85,724.667,724.667,7.39929539e-9,0,0,0,0,-1.4096552,0.0844375,-0.2453866,-18.3979563,-6.0008467,-33.3760834,255,0,0
25.9,724.643,724.643,7.45962626e-9,0,0,0,0,-1.4070973,0.089756,-0.2447697,-18.1951992,-3.8596141,-33.8105255,255,0,0
25.95,724.619,724.619,7.52044905e-9,0,0,0,0,-1.4042669,0.0952207,-0.2442618,-18.0081548,-1.6941953,-34.0970023,255,0,0
26,724.595,724.595,7.58176776e-9,0,0,0,0,-1.4011646,0.1008499,-0.2438437,-17.8371949,0.4841499,-34.2348637,255,0,0
26.05,724.571,724.571,7.64358644e-9,0,0,0,0,-1.397791,0.1066596,-0.243495,-17.6826743,2.6642209,-34.2243688,255,0,0
26.1,724.547,724.547,7.70590916e-9,0,0,0,0,-1.3941466,0.1126633,-0.2431937,-17.5449304,4.834952,-34.0666714,255,0,0
26.15,724.523,724.523,7.76874004e-9,0,0,0,0,-1.3902319,0.1188718,-0.242917,-17.4242839,6.9854854,-33.7637986,255,0,0
26.2,724.499,724.499,7.83208321e-9,0,0,0,0,-1.3860471,0.1252931,-0.2426417,-17.3210383,9.1052418,-33.318623,255,0,0
26.25,724.475,724.475,7.89594286e-9,0,0,0,0,-1.3815924,0.1319329,-0.2423439,-17.2354796,11.1839874,-32.7348301,255,0,0
26.3,724.451,724.451,7.96032319e-9,0,0,0,0,-1.376868,0.1387936,-0.2420002,-17.1678765,13.2118967,-32.0168794,255,0,0
26.35,724.427,724.427,8.02522846e-9,0,0,0,0,-1.3718737,0.1458752,-0.2415873,-17.1184799,15.1796121,-31.169961,255,0,0
26.4,724.403,724.403,8.09066294e-9,0,0,0,0,-1.3666096,0.1531753,-0.2410824,-17.0875225,17.0782973,-30.199947,255,0,0
26.45,724.379,724.379,8.15663094e-9,0,0,0,0,-1.3610752,0.1606886,-0.2404641,-17.0752181,18.899687,-29.1133401,255,0,0
26.5,724.355,724.355,8.22313682e-9,0,0,0,0,-1.3552704,0.1684077,-0.2397118,-17.0817615,20.6361307,-27.9172176,255,0,0
26.55,724.331,724.331,8.29018497e-9,0,0,0,0,-1.3491945,0.1763229,-0.2388065,-17.1073273,22.2806308,-26.6191731,255,0,0
26.6,724.307,724.307,8.35777979e-9,0,0,0,0,-1.3428469,0.1844228,-0.2377311,-17.1520695,23.8268757,-25.2272554,255,0,0
26.65,724.283,724.283,8.42592576e-9,0,0,0,0,-1.3362269,0.1926938,-0.2364701,-17.2161202,25.2692658,-23.7499059,255,0,0
26.7,724.259,724.259,8.49462736e-9,0,0,0,0,-1.3293336,0.2011211,-0.2350103,-17.2995892,26.602935,-22.1958945,255,0,0
26.75,724.235,724.235,8.56388913e-9,0,0,0,0,-1.3221658,0.2096885,-0.2333405,-17.4025626,27.8237653,-20.5742549,255,0,0
26.8,724.211,724.211,8.63371563e-9,0,0,0,0,-1.3147225,0.2183788,-0.2314519,-17.5251016,28.9283957,-18.8942194,255,0,0
26.85,724.187,724.187,8.70411147e-9,0,0,0,0,-1.3070021,0.2271742,-0.2293382,-17.6672416,29.9142255,-17.1651551,255,0,0
26.9,724.163,724.163,8.77508128e-9,0,0,0,0,-1.2990033,0.236056,-0.2269954,-17.8289907,30.7794116,-15.3964993,255,0,0
26.95,724.139,724.139,8.84662976e-9,0,0,0,0,-1.2907242,0.2450056,-0.2244219,-18.0103282,31.5228603,-13.5976979,255,0,0
27,724.115,724.115,8.91876161e-9,0,0,0,0,-1.2821631,0.2540044,-0.2216187,-18.2112035,32.144214,-11.778145,255,0,0
27.05,724.091,724.091,8.9914816e-9,0,0,0,0,-1.273318,0.263034,-0.2185889,-18.4315342,32.643833,-9.9471241,255,0,0
27.1,724.067,724.067,9.06479452e-9,0,0,0,0,-1.2641865,0.2720763,-0.2153382,-18.671205,33.0227716,-8.1137537,255,0,0
27.15,724.043,724.043,9.1387052e-9,0,0,0,0,-1.2547665,0.2811142,-0.2118743,-18.9300658,33.2827512,-6.2869342,255,0,0
27.2,724.019,724.019,9.21321851e-9,0,0,0,0,-1.2450554,0.2901313,-0.2082071,-19.2079299,33.4261282,-4.4752992,255,0,0
27.25,723.995,723.995,9.28833938e-9,0,0,0,0,-1.2350504,0.2991123,-0.2043484,-19.504573,33.4558586,-2.6871707,255,0,0
27.3,723.971,723.971,9.36407276e-9,0,0,0,0,-1.2247487,0.3080431,-0.200312,-19.8197306,33.3754594,-0.9305173,255,0,0
27.35,723.947,723.947,9.44042363e-9,0,0,0,0,-1.2141472,0.3169109,-0.196113,-20.1530971,33.1889671,0.7870828,255,0,0
27.4,723.923,723.923,9.51739704e-9,0,0,0,0,-1.2032427,0.3257043,-0.1917683,-20.5043236,32.9008938,2.458474,255,0,0
27.45,723.899,723.899,9.59499806e-9,0,0,0,0,-1.192032,0.3344136,-0.1872959,-20.8730165,32.5161807,4.0769524,255,0,0
27.5,723.875,723.875,9.67323181e-9,0,0,0,0,-1.1805113,0.3430303,-0.182715,-21.2587358,32.040151,5.6362892,255,0,0
27.55,723.851,723.851,9.75210344e-9,0,0,0,0,-1.1686771,0.3515478,-0.1780458,-21.6609935,31.478461,7.13075,255,0,0
27.6,723.827,723.827,9.83161816e-9,0,0,0,0,-1.1565254,0.3599609,-0.1733093,-22.0792517,30.8370506,8.5551096,255,0,0
27.65,723.803,723.803,9.91178121e-9,0,0,0,0,-1.1440524,0.368266,-0.1685269,-22.5129219,30.1220933,9.9046624,255,0,0
27.7,723.779,723.779,9.99259788e-9,0,0,0,0,-1.1312539,0.376461,-0.1637207,-22.9613628,29.3399468,11.1752282,255,0,0
27.75,723.755,723.755,1.00740735e-8,0,0,0,0,-1.1181256,0.3845453,-0.1589128,-23.4238795,28.4971036,12.3631542,255,0,0
27.8,723.731,723.731,1.01562134e-8,0,0,0,0,-1.1046633,0.3925195,-0.1541257,-23.8997222,27.6001423,13.4653121,255,0,0
27.85,723.707,723.707,1.02390231e-8,0,0,0,0,-1.0908625,0.4003856,-0.1493817,-24.3880851,26.6556808,14.4790924,255,0,0
27.9,723.683,723.683,1.0322508e-8,0,0,0,0,-1.0767186,0.4081468,-0.1447033,-24.8881056,25.6703299,15.4023946,255,0,0
27.95,723.659,723.659,1.04066735e-8,0,0,0,0,-1.062227,0.4158073,-0.1401123,-25.3988636,24.6506497,16.2336136,255,0,0
28,723.635,723.635,1.04915254e-8,0,0,0,0,-1.0473832,0.4233722,-0.1356307,-25.9193808,23.6031072,16.9716236,255,0,0
28.05,723.611,723.611,1.0577069e-8,0,0,0,0,-1.0321823,0.4308472,-0.1312799,-26.4486204,22.5340363,17.6157591,255,0,0
28.1,723.587,723.587,1.06633102e-8,0,0,0,0,-1.0166197,0.4382388,-0.1270807,-26.9854873,21.4496005,18.1657933,255,0,0
28.15,723.563,723.563,1.07502545e-8,0,0,0,0,-1.0006907,0.445554,-0.1230537,-27.5288276,20.3557579,18.6219145,255,0,0
28.2,723.539,723.539,1.08379078e-8,0,0,0,0,-0.9843906,0.4527999,-0.1192188,-28.0774295,19.2582289,18.9847003,255,0,0
28.25,723.515,723.515,1.09262757e-8,0,0,0,0,-0.9677147,0.459984,-0.1155954,-28.6300235,18.1624666,19.2550908,255,0,0
28.3,723.491,723.491,1.10153641e-8,0,0,0,0,-0.9506585,0.4671135,-0.1122024,-29.1852835,17.0736302,19.4343606,255,0,0
28.35,723.467,723.467,1.1105179e-8,0,0,0,0,-0.9332174,0.4741958,-0.1090581,-29.741828,15.9965612,19.5240896,255,0,0
28.4,723.443,723.443,1.11957261e-8,0,0,0,0,-0.9153871,0.4812376,-0.1061801,-30.2982211,14.9357625,19.5261337,255,0,0
28.45,723.419,723.419,1.12870116e-8,0,0,0,0,-0.8971634,0.4882455,-0.1035858,-30.852975,13.8953802,19.4425956,255,0,0
28.5,723.395,723.395,1.13790413e-8,0,0,0,0,-0.8785422,0.4952253,-0.1012917,-31.4045512,12.8791884,19.275795,255,0,0
28.55,723.371,723.371,1.14718214e-8,0,0,0,0,-0.8595196,0.5021821,-0.0993141,-31.9513636,11.8905768,19.0282401,255,0,0
28.6,723.347,723.347,1.1565358e-8,0,0,0,0,-0.8400921,0.5091202,-0.0976687,-32.4917807,10.9325408,18.7025995,255,0,0
28.65,723.323,723.323,1.16596573e-8,0,0,0,0,-0.8202563,0.516043,-0.0963707,-33.0241292,10.0076743,18.301675,255,0,0
28.7,723.299,723.299,1.17547254e-8,0,0,0,0,-0.8000092,0.5229527,-0.0954351,-33.5466964,9.1181649,17.8283762,255,0,0
28.75,723.275,723.275,1.18505687e-8,0,0,0,0,-0.7793479,0.5298503,-0.0948763,-34.0577352,8.2657916,17.2856964,255,0,0
28.8,723.251,723.251,1.19471935e-8,0,0,0,0,-0.75827,0.5367356,-0.0947085,-34.5554668,7.4519248,16.6766896,255,0,0
28.85,723.227,723.227,1.20446061e-8,0,0,0,0,-0.7367737,0.543607,-0.0949454,-35.038086,6.6775281,16.004451,255,0,0
28.9,723.203,723.203,1.2142813e-8,0,0,0,0,-0.7148572,0.5504614,-0.0956003,-35.5037655,5.9431625,15.2720977,255,0,0
28.95,723.179,723.179,1.22418206e-8,0,0,0,0,-0.6925195,0.5572943,-0.0966865,-35.9506607,5.2489922,14.4827533,255,0,0
29,723.155,723.155,1.23416354e-8,0,0,0,0,-0.6697599,0.5640996,-0.0982167,-36.3769155,4.5947922,13.6395338,255,0,0
29.05,723.131,723.131,1.24422642e-8,0,0,0,0,-0.6465782,0.5708694,-0.1002032,-36.7806671,3.9799578,12.7455363,255,0,0
29.1,723.107,723.107,1.25437134e-8,0,0,0,0,-0.6229749,0.5775943,-0.1026581,-37.1600525,3.4035156,11.8038305,255,0,0
29.15,723.083,723.083,1.26459897e-8,0,0,0,0,-0.5989509,0.5842632,-0.1055929,-37.5132144,2.8641354,10.8174519,255,0,0
29.2,723.059,723.059,1.27491e-8,0,0,0,0,-0.5745077,0.5908631,-0.1090189,-37.8383071,2.3601445,9.7893988,255,0,0
29.25,723.035,723.035,1.28530511e-8,0,0,0,0,-0.5496477,0.5973792,-0.1129467,-38.1335036,1.8895424,8.7226306,255,0,0
29.3,723.011,723.011,1.29578497e-8,0,0,0,0,-0.5243735,0.6037953,-0.1173863,-38.3970019,1.4500174,7.6200692,255,0,0
29.35,722.987,722.987,1.30635027e-8,0,0,0,0,-0.4986888,0.6100931,-0.1223472,-38.6270319,1.0389643,6.4846031,255,0,0
29.4,722.963,722.963,1.31700173e-8,0,0,0,0,-0.4725979,0.6162525,-0.127838,-38.8218625,0.6535028,5.3190929,255,0,0
29.45,722.939,722.939,1.32774003e-8,0,0,0,0,-0.4461056,0.6222519,-0.1338665,-38.9798087,0.2904983,4.1263801,255,0,0
29.5,722.915,722.915,1.33856589e-8,0,0,0,0,-0.4192177,0.6280678,-0.1404398,-39.0992383,-0.0534173,2.9092969,255,0,0
29.55,722.891,722.891,1.34948001e-8,0,0,0,0,-0.3919407,0.6336751,-0.1475635,-39.1785796,-0.3818227,1.6706787,255,0,0
29.6,722.867,722.867,1.36048313e-8,0,0,0,0,-0.364282,0.639047,-0.1552424,-39.2163284,-0.6984838,0.4133775,255,0,0
29.65,722.843,722.843,1.37157596e-8,0,0,0,0,-0.3362494,0.6441554,-0.1634797,-39.2110546,-1.0073276,-0.8597224,255,0,0
29.7,722.819,722.819,1.38275924e-8,0,0,0,0,-0.3078521,0.6489705,-0.1722772,-39.16141,-1.3124166,-2.1456887,255,0,0
29.75,722.795,722.795,1.3940337e-8,0,0,0,0,-0.2790995,0.653461,-0.1816354,-39.0661346,-1.6179201,-3.4415236,255,0,0
29.8,722.771,722.771,1.40540009e-8,0,0,0,0,-0.2500024,0.6575946,-0.1915525,-38.9240634,-1.9280851,-4.744146,255,0,0
29.85,722.747,722.747,1.41685915e-8,0,0,0,0,-0.2205721,0.6613377,-0.2020252,-38.7341331,-2.2472053,-6.0503737,255,0,0
29.9,722.723,722.723,1.42841165e-8,0,0,0,0,-0.1908207,0.6646556,-0.2130481,-38.4953882,-2.5795884,-7.3569056,255,0,0
29.95,722.699,722.699,1.44005834e-8,0,0,0,0,-0.1607613,0.6675129,-0.2246135,-38.2069871,-2.9295226,-8.6603042,255,0,0
30,722.675,722.675,1.4518e-8,0,0,0,0,-0.1304078,0.6698732,-0.2367113,-37.8682074,-3.3012405,-9.9569797,255,0,0
30.05,722.617,722.617,1.46439795e-8,0,0,0,0,-0.0997749,0.6716998,-0.2493291,-37.4784519,-3.6988826,-11.2431744,255,0,0
30.1,722.56,722.56,1.47710522e-8,0,0,0,0,-0.0688781,0.6729555,-0.2624517,-37.0372525,-4.1264583,-12.5149497,255,0,0
30.15,722.502,722.502,1.48992275e-8,0,0,0,0,-0.0377336,0.6736031,-0.2760614,-36.5442757,-4.5878067,-13.7681749,255,0,0
30.2,722.444,722.444,1.50285151e-8,0,0,0,0,-0.0063586,0.6736052,-0.2901374,-35.9993257,-5.086555,-14.9985185,255,0,0
30.25,722.387,722.387,1.51589246e-8,0,0,0,0,0.0252291,0.672925,-0.3046561,-35.4023483,-5.6260769,-16.2014426,255,0,0
30.3,722.329,722.329,1.52904657e-8,0,0,0,0,0.057011,0.6715261,-0.319591,-34.753434,-6.2094495,-17.3722012,255,0,0
30.35,722.271,722.271,1.54231482e-8,0,0,0,0,0.0889678,0.6693729,-0.3349123,-34.0528199,-6.8394097,-18.5058412,255,0,0
30.4,722.214,722.214,1.55569821e-8,0,0,0,0,0.1210794,0.6664309,-0.3505873,-33.3008919,-7.5183105,-19.5972091,255,0,0
30.45,722.156,722.156,1.56919773e-8,0,0,0,0,0.1533253,0.6626671,-0.3665801,-32.4981857,-8.2480778,-20.6409607,255,0,0
30.5,722.098,722.098,1.5828144e-8,0,0,0,0,0.1856843,0.6580498,-0.3828517,-31.6453875,-9.0301667,-21.6315774,255,0,0
30.55,722.041,722.041,1.59654922e-8,0,0,0,0,0.2181344,0.6525496,-0.39936,-30.743334,-9.8655197,-22.5633858,255,0,0
30.6,721.983,721.983,1.61040323e-8,0,0,0,0,0.2506535,0.6461391,-0.41606,-29.7930113,-10.7545259,-23.4305844,255,0,0
30.65,721.925,721.925,1.62437745e-8,0,0,0,0,0.2832185,0.6387936,-0.4329039,-28.7955541,-11.6969829,-24.2272747,255,0,0
30.7,721.867,721.867,1.63847294e-8,0,0,0,0,0.3158062,0.630491,-0.4498408,-27.7522433,-12.6920607,-24.9474984,255,0,0
30.75,721.81,721.81,1.65269074e-8,0,0,0,0,0.3483929,0.6212124,-0.4668175,-26.6645034,-13.7382691,-25.5852803,255,0,0
30.8,721.752,721.752,1.66703191e-8,0,0,0,0,0.3809545,0.6109422,-0.4837782,-25.5338994,-14.8334296,-26.1346764,255,0,0
30.85,721.694,721.694,1.68149753e-8,0,0,0,0,0.4134666,0.5996686,-0.500665,-24.3621326,-15.9746514,-26.5898279,255,0,0
30.9,721.637,721.637,1.69608867e-8,0,0,0,0,0.4459046,0.5873835,-0.517418,-23.1510361,-17.1583134,-26.9450197,255,0,0
30.95,721.579,721.579,1.71080643e-8,0,0,0,0,0.4782436,0.5740829,-0.5339756,-21.9025695,-18.3800517,-27.1947443,255,0,0
31,721.521,721.521,1.7256519e-8,0,0,0,0,0.5104585,0.5597672,-0.5502749,-20.6188133,-19.6347547,-27.3337696,255,0,0
31.05,721.464,721.464,1.74062619e-8,0,0,0,0,0.5425244,0.5444412,-0.566252,-19.3019624,-20.9165653,-27.3572104,255,0,0
31.1,721.406,721.406,1.75573042e-8,0,0,0,0,0.5744161,0.5281143,-0.5818421,-17.9543194,-22.2188911,-27.260603,255,0,0
31.15,721.348,721.348,1.77096571e-8,0,0,0,0,0.6061085,0.5108007,-0.5969804,-16.578287,-23.5344237,-27.0399816,255,0,0
31.2,721.291,721.291,1.78633321e-8,0,0,0,0,0.6375764,0.4925195,-0.6116021,-15.1763601,-24.8551671,-26.6919565,255,0,0
31.25,721.233,721.233,1.80183407e-8,0,0,0,0,0.6687951,0.4732944,-0.6256427,-13.7511178,-26.1724755,-26.2137922,255,0,0
31.3,721.175,721.175,1.81746942e-8,0,0,0,0,0.6997396,0.4531543,-0.6390389,-12.3052145,-27.4771014,-25.6034844,255,0,0
31.35,721.118,721.118,1.83324046e-8,0,0,0,0,0.7303857,0.4321328,-0.6517286,-10.8413708,-28.7592535,-24.8598349,255,0,0
31.4,721.06,721.06,1.84914835e-8,0,0,0,0,0.760709,0.4102681,-0.6636516,-9.3623643,-30.0086649,-23.982524,255,0,0
31.45,721.002,721.002,1.86519427e-8,0,0,0,0,0.7906857,0.3876032,-0.6747497,-7.87102,-31.2146713,-22.9721768,255,0,0
31.5,720.945,720.945,1.88137944e-8,0,0,0,0,0.8202923,0.3641856,-0.6849677,-6.3702006,-32.3662987,-21.830425,255,0,0
31.55,720.887,720.887,1.89770505e-8,0,0,0,0,0.8495059,0.340067,-0.694253,-4.8627962,-33.4523609,-20.5599601,255,0,0
31.6,720.829,720.829,1.91417233e-8,0,0,0,0,0.878304,0.3153032,-0.7025567,-3.3517146,-34.4615653,-19.1645787,255,0,0
31.65,720.772,720.772,1.9307825e-8,0,0,0,0,0.9066645,0.2899536,-0.7098335,-1.8398712,-35.3826266,-17.6492176,255,0,0
31.7,720.714,720.714,1.94753681e-8,0,0,0,0,0.9345661,0.2640811,-0.7160424,-0.3301784,-36.2043872,-16.0199775,255,0,0
31.75,720.656,720.656,1.9644365e-8,0,0,0,0,0.9619882,0.2377516,-0.7211468,1.1744637,-36.9159438,-14.2841351,255,0,0
31.8,720.599,720.599,1.98148283e-8,0,0,0,0,0.9889106,0.2110338,-0.7251145,2.6711778,-37.5067778,-12.4501409,255,0,0
31.85,720.541,720.541,1.99867709e-8,0,0,0,0,1.015314,0.1839985,-0.7279185,4.1571192,-37.9668891,-10.5276035,255,0,0
31.9,720.483,720.483,2.01602055e-8,0,0,0,0,1.04118,0.1567185,-0.729537,5.6294851,-38.2869302,-8.5272585,255,0,0
31.95,720.425,720.425,2.0335145e-8,0,0,0,0,1.0664906,0.1292679,-0.7299532,7.085524,-38.4583408,-6.4609227,255,0,0
32,720.368,720.368,2.05116026e-8,0,0,0,0,1.0912289,0.1017215,-0.7291557,8.5225452,-38.473479,-4.3414317,255,0,0
32.05,720.31,720.31,2.06895914e-8,0,0,0,0,1.1153788,0.0741549,-0.7271386,9.937927,-38.3257488,-2.1825625,255,0,0
32.1,720.252,720.252,2.08691247e-8,0,0,0,0,1.138925,0.0466435,-0.7239013,11.3291253,-38.0097209,0.0010597,255,0,0
32.15,720.195,720.195,2.10502159e-8,0,0,0,0,1.1618532,0.0192622,-0.7194487,12.6936815,-37.5212447,2.19407,255,0,0
32.2,720.137,720.137,2.12328785e-8,0,0,0,0,1.1841498,-0.007915,-0.7137909,14.02923,-36.8575506,4.3804865,255,0,0
32.25,720.079,720.079,2.14171261e-8,0,0,0,0,1.2058025,-0.0348155,-0.706943,15.3335053,-36.0173395,6.5438459,255,0,0
32.3,720.022,720.022,2.16029726e-8,0,0,0,0,1.2267995,-0.0613685,-0.6989252,16.6043483,-35.0008584,8.6673522,255,0,0
32.35,719.964,719.964,2.17904317e-8,0,0,0,0,1.2471302,-0.0875053,-0.6897623,17.8397126,-33.8099601,10.734035,255,0,0
32.4,719.906,719.906,2.19795175e-8,0,0,0,0,1.2667849,-0.1131599,-0.6794838,19.0376695,-32.4481452,12.7269169,255,0,0
32.45,719.849,719.849,2.21702441e-8,0,0,0,0,1.2857548,-0.138269,-0.6681232,20.1964131,-30.9205864,14.6291882,255,0,0
32.5,719.791,719.791,2.23626257e-8,0,0,0,0,1.3040322,-0.1627726,-0.6557178,21.3142646,-29.2341319,16.4243856,255,0,0
32.55,719.733,719.733,2.25566767e-8,0,0,0,0,1.3216101,-0.1866141,-0.6423088,22.389676,-27.3972894,18.0965734,255,0,0
32.6,719.676,719.676,2.27524116e-8,0,0,0,0,1.3384827,-0.2097403,-0.6279402,23.4212329,-25.4201882,19.630525,255,0,0
32.65,719.618,719.618,2.29498449e-8,0,0,0,0,1.3546451,-0.2321021,-0.6126591,24.4076572,-23.3145212,21.0119008,255,0,0
32.7,719.56,719.56,2.31489915e-8,0,0,0,0,1.370093,-0.2536541,-0.5965149,25.3478088,-21.0934647,22.2274216,255,0,0
32.75,719.503,719.503,2.33498661e-8,0,0,0,0,1.3848235,-0.274355,-0.5795593,26.240687,-18.7715788,23.2650339,255,0,0
32.8,719.445,719.445,2.35524839e-8,0,0,0,0,1.3988342,-0.2941675,-0.5618456,27.0854313,-16.3646877,24.1140644,255,0,0
32.85,719.387,719.387,2.37568598e-8,0,0,0,0,1.4121238,-0.3130585,-0.5434285,27.8813209,-13.8897413,24.7653619,255,0,0
32.9,719.33,719.33,2.39630092e-8,0,0,0,0,1.4246917,-0.3309986,-0.5243639,28.6277751,-11.3646604,25.2114241,255,0,0
32.95,719.272,719.272,2.41709475e-8,0,0,0,0,1.4365383,-0.3479627,-0.5047082,29.3243513,-8.8081663,25.4465068,255,0,0
33,719.214,719.214,2.43806902e-8,0,0,0,0,1.4476647,-0.3639294,-0.4845186,29.9707443,-6.2395977,25.4667138,255,0,0
33.05,719.157,719.157,2.45922528e-8,0,0,0,0,1.4580727,-0.3788813,-0.4638521,30.5667837,-3.6787166,25.2700669,255,0,0
33.1,719.099,719.099,2.48056513e-8,0,0,0,0,1.4677651,-0.3928045,-0.4427659,31.1124315,-1.1455061,24.8565521,255,0,0
33.15,719.041,719.041,2.50209016e-8,0,0,0,0,1.4767451,-0.4056884,-0.4213168,31.6077792,1.340037,24.2281444,255,0,0
33.2,718.983,718.983,2.52380197e-8,0,0,0,0,1.4850168,-0.4175263,-0.3995612,32.0530442,3.7581124,23.3888078,255,0,0
33.25,718.926,718.926,2.54570219e-8,0,0,0,0,1.4925851,-0.4283143,-0.3775546,32.4485661,6.0893265,22.3444714,255,0,0
33.3,718.868,718.868,2.56779244e-8,0,0,0,0,1.4994552,-0.4380515,-0.3553521,32.7948024,8.3148989,21.1029824,255,0,0
33.35,718.81,718.81,2.59007438e-8,0,0,0,0,1.505633,-0.4467403,-0.3330077,33.092324,10.4168628,19.6740345,255,0,0
33.4,718.753,718.753,2.61254967e-8,0,0,0,0,1.5111252,-0.4543855,-0.3105742,33.3418104,12.3782568,18.0690751,255,0,0
33.45,718.695,718.695,2.63521999e-8,0,0,0,0,1.5159387,-0.4609946,-0.2881037,33.5440447,14.183305,16.30119,255,0,0
33.5,718.637,718.637,2.65808703e-8,0,0,0,0,1.5200812,-0.4665775,-0.265647,33.699908,15.8175825,14.3849698,255,0,0
33.55,718.58,718.58,2.68115249e-8,0,0,0,0,1.5235605,-0.4711467,-0.2432536,33.8103741,17.2681654,12.336357,255,0,0
33.6,718.522,718.522,2.70441811e-8,0,0,0,0,1.5263852,-0.4747167,-0.2209719,33.8765038,18.5237615,10.172479,255,0,0
33.65,718.464,718.464,2.72788562e-8,0,0,0,0,1.5285642,-0.4773043,-0.1988492,33.8994389,19.5748214,7.9114662,255,0,0
33.7,718.407,718.407,2.75155676e-8,0,0,0,0,1.5301065,-0.4789283,-0.1769314,33.8803963,20.4136282,5.5722611,255,0,0
33.75,718.349,718.349,2.77543331e-8,0,0,0,0,1.5310219,-0.4796097,-0.155263,33.8206625,21.0343641,3.1744177,255,0,0
33.8,718.291,718.291,2.79951704e-8,0,0,0,0,1.53132,-0.4793712,-0.1338873,33.7215867,21.4331548,0.7378975,255,0,0
33.85,718.234,718.234,2.82380977e-8,0,0,0,0,1.531011,-0.4782378,-0.1128462,33.5845755,21.6080896,-1.7171381,255,0,0
33.9,718.176,718.176,2.84831329e-8,0,0,0,0,1.5301052,-0.4762361,-0.0921803,33.4110867,21.5592183,-4.1705346,255,0,0
33.95,718.118,718.118,2.87302944e-8,0,0,0,0,1.5286133,-0.4733949,-0.0719285,33.2026232,21.2885255,-6.6023474,255,0,0
34,718.061,718.061,2.89796006e-8,0,0,0,0,1.5265458,-0.4697445,-0.0521285,32.9607271,20.7998824,-8.9930392,255,0,0
34.05,718.003,718.003,2.92310702e-8,0,0,0,0,1.5239138,-0.4653174,-0.032816,32.6869743,20.0989774,-11.3236689,255,0,0
34.1,717.945,717.945,2.94847219e-8,0,0,0,0,1.5207282,-0.4601477,-0.0140253,32.3829685,19.1932275,-13.5760695,255,0,0
34.15,717.888,717.888,2.97405747e-8,0,0,0,0,1.5170002,-0.4542713,0.0042113,32.050336,18.0916713,-15.7330131,255,0,0
34.2,717.83,717.83,2.99986476e-8,0,0,0,0,1.5127408,-0.447726,0.0218633,31.6907199,16.804846,-17.7783609,255,0,0
34.25,717.772,717.772,3.02589599e-8,0,0,0,0,1.5079614,-0.4405511,0.0389024,31.3057754,15.3446505,-19.697197,255,0,0
34.3,717.715,717.715,3.05215311e-8,0,0,0,0,1.5026732,-0.4327877,0.0553024,30.8971649,13.7241965,-21.4759447,255,0,0
34.35,717.657,717.657,3.07863808e-8,0,0,0,0,1.4968875,-0.4244781,0.0710394,30.4665528,11.9576502,-23.1024636,255,0,0
34.4,717.599,717.599,3.10535286e-8,0,0,0,0,1.4906156,-0.4156664,0.0860919,30.0156015,10.0600672,-24.5661281,255,0,0
34.45,717.541,717.541,3.13229947e-8,0,0,0,0,1.4838686,-0.4063978,0.1004412,29.5459667,8.0472222,-25.8578856,255,0,0
34.5,717.484,717.484,3.1594799e-8,0,0,0,0,1.4766579,-0.3967186,0.1140712,29.0592937,5.9354369,-26.9702954,255,0,0
34.55,717.426,717.426,3.18689619e-8,0,0,0,0,1.4689945,-0.3866761,0.1269686,28.5572135,3.7414076,-27.8975485,255,0,0
34.6,717.368,717.368,3.21455038e-8,0,0,0,0,1.4608895,-0.3763183,0.139123,28.0413391,1.4820355,-28.6354677,255,0,0
34.65,717.311,717.311,3.24244454e-8,0,0,0,0,1.4523538,-0.3656941,0.1505273,27.5132628,-0.8257392,-29.1814908,255,0,0
34.7,717.253,717.253,3.27058076e-8,0,0,0,0,1.4433984,-0.3548525,0.1611773,26.9745523,-3.1650966,-29.5346352,255,0,0
34.75,717.195,717.195,3.29896112e-8,0,0,0,0,1.4340341,-0.3438425,0.1710721,26.4267487,-5.5194884,-29.6954486,255,0,0
34.8,717.138,717.138,3.32758775e-8,0,0,0,0,1.4242714,-0.3327133,0.1802138,25.8713638,-7.8727799,-29.6659434,255,0,0
34.85,717.08,717.08,3.35646279e-8,0,0,0,0,1.4141209,-0.3215135,0.1886079,25.3098775,-10.2093807,-29.4495196,255,0,0
34.9,717.022,717.022,3.38558839e-8,0,0,0,0,1.403593,-0.3102911,0.196263,24.7437363,-12.5143642,-29.0508754,255,0,0
34.95,716.965,716.965,3.41496673e-8,0,0,0,0,1.3926979,-0.2990932,0.203191,24.1743514,-14.7735733,-28.4759092,255,0,0
35,716.907,716.907,3.4446e-8,0,0,0,0,1.3814457,-0.2879659,0.2094067,23.603097,-16.9737136,-27.7316129,255,0,0
35.05,716.767,716.767,3.47694326e-8,0,0,0,0,1.3698465,-0.2769537,0.2149278,23.0313091,-19.1024325,-26.8259594,255,0,0
35.1,716.626,716.626,3.50959021e-8,0,0,0,0,1.35791,-0.2660994,0.2197751,22.4602846,-21.1483838,-25.7677863,255,0,0
35.15,716.486,716.486,3.54254369e-8,0,0,0,0,1.3456458,-0.2554442,0.2239717,21.8912802,-23.1012792,-24.5666759,255,0,0
35.2,716.345,716.345,3.5758066e-8,0,0,0,0,1.3330634,-0.2450269,0.2275435,21.325512,-24.9519257,-23.2328348,255,0,0
35.25,716.205,716.205,3.60938183e-8,0,0,0,0,1.3201722,-0.2348841,0.2305186,20.7641548,-26.6922493,-21.7769742,255,0,0
35.3,716.064,716.064,3.64327231e-8,0,0,0,0,1.3069813,-0.2250501,0.232927,20.208342,-28.3153068,-20.2101911,255,0,0
35.35,715.924,715.924,3.67748102e-8,0,0,0,0,1.2934998,-0.2155564,0.2348006,19.6591655,-29.8152846,-18.5438539,255,0,0
35.4,715.783,715.783,3.71201092e-8,0,0,0,0,1.2797365,-0.2064318,0.236173,19.1176754,-31.1874869,-16.789491,255,0,0
35.45,715.643,715.643,3.74686505e-8,0,0,0,0,1.2657,-0.1977022,0.2370787,18.5848809,-32.4283136,-14.9586858,255,0,0
35.5,715.502,715.502,3.78204644e-8,0,0,0,0,1.251399,-0.1893906,0.2375536,18.0617497,-33.5352283,-13.0629774,255,0,0
35.55,715.362,715.362,3.81755817e-8,0,0,0,0,1.2368417,-0.1815173,0.2376341,17.5492094,-34.5067186,-11.1137679,255,0,0
35.6,715.221,715.221,3.85340334e-8,0,0,0,0,1.2220365,-0.1740993,0.237357,17.0481473,-35.3422486,-9.1222378,255,0,0
35.65,715.081,715.081,3.88958508e-8,0,0,0,0,1.2069913,-0.1671509,0.2367594,16.5594115,-36.0422059,-7.0992691,255,0,0
35.7,714.94,714.94,3.92610655e-8,0,0,0,0,1.1917142,-0.1606834,0.2358781,16.0838115,-36.6078427,-5.0553759,255,0,0
35.75,714.8,714.8,3.96297094e-8,0,0,0,0,1.1762129,-0.1547052,0.2347497,15.6221189,-37.0412136,-3.0006446,255,0,0
35.8,714.659,714.659,4.00018147e-8,0,0,0,0,1.160495,-0.1492221,0.2334099,15.1750685,-37.3451099,-0.944681,255,0,0
35.85,714.519,714.519,4.03774139e-8,0,0,0,0,1.1445681,-0.1442372,0.2318938,14.7433589,-37.522992,1.103433,255,0,0
35.9,714.378,714.378,4.07565398e-8,0,0,0,0,1.1284394,-0.1397513,0.2302351,14.3276538,-37.5789206,3.1351756,255,0,0
35.95,714.238,714.238,4.11392256e-8,0,0,0,0,1.1121162,-0.1357628,0.2284664,13.9285828,-37.517488,5.1426125,255,0,0
36,714.097,714.097,4.15255046e-8,0,0,0,0,1.0956057,-0.1322677,0.2266185,13.5467423,-37.343749,7.1184177,255,0,0
36.05,713.957,713.957,4.19154105e-8,0,0,0,0,1.0789147,-0.1292604,0.2247207,13.1826968,-37.0631541,9.0558869,255,0,0
36.1,713.816,713.816,4.23089775e-8,0,0,0,0,1.06205,-0.1267334,0.2228005,12.8369794,-36.6814834,10.9489437,255,0,0
36.15,713.676,713.676,4.270624e-8,0,0,0,0,1.0450185,-0.1246776,0.2208833,12.5100933,-36.204784,12.7921404,255,0,0
36.2,713.535,713.535,4.31072325e-8,0,0,0,0,1.0278267,-0.1230827,0.2189924,12.2025125,-35.6393092,14.5806525,255,0,0
36.25,713.395,713.395,4.35119902e-8,0,0,0,0,1.0104809,-0.121937,0.2171491,11.9146825,-34.9914615,16.3102688,255,0,0
36.3,713.254,713.254,4.39205484e-8,0,0,0,0,0.9929877,-0.1212281,0.2153723,11.6470217,-34.2677386,17.9773763,255,0,0
36.35,713.114,713.114,4.43329428e-8,0,0,0,0,0.9753531,-0.1209428,0.2136788,11.3999216,-33.4746842,19.5789416,255,0,0
36.4,712.973,712.973,4.47492093e-8,0,0,0,0,0.9575833,-0.1210673,0.2120829,11.1737483,-32.6188411,21.112488,255,0,0
36.45,712.833,712.833,4.51693845e-8,0,0,0,0,0.9396843,-0.1215875,0.2105968,10.9688423,-31.7067096,22.5760711,255,0,0
36.5,712.692,712.692,4.55935048e-8,0,0,0,0,0.921662,-0.1224893,0.2092303,10.78552,-30.7447096,23.9682503,255,0,0
36.55,712.552,712.552,4.60216075e-8,0,0,0,0,0.9035221,-0.1237584,0.2079909,10.6240738,-29.7391463,25.2880595,255,0,0
36.6,712.411,712.411,4.64537299e-8,0,0,0,0,0.8852702,-0.1253806,0.206884,10.4847726,-28.6961806,26.5349762,255,0,0
36.65,712.271,712.271,4.68899097e-8,0,0,0,0,0.8669118,-0.1273424,0.2059128,10.3678622,-27.6218026,27.7088886,255,0,0
36.7,712.13,712.13,4.73301851e-8,0,0,0,0,0.8484525,-0.1296303,0.2050782,10.2735658,-26.5218097,28.8100634,255,0,0
36.75,711.99,711.99,4.77745944e-8,0,0,0,0,0.8298974,-0.1322317,0.2043793,10.2020841,-25.4017873,29.8391119,255,0,0
36.8,711.849,711.849,4.82231765e-8,0,0,0,0,0.8112516,-0.1351346,0.203813,10.1535952,-24.2670941,30.7969572,255,0,0
36.85,711.709,711.709,4.86759707e-8,0,0,0,0,0.7925204,-0.1383274,0.2033746,10.128255,-23.1228491,31.6848009,255,0,0
36.9,711.568,711.568,4.91330163e-8,0,0,0,0,0.7737085,-0.1417998,0.2030573,10.1261969,-21.973923,32.5040909,255,0,0
36.95,711.428,711.428,4.95943534e-8,0,0,0,0,0.7548208,-0.145542,0.2028526,10.1475318,-20.8249314,33.2564891,255,0,0
37,711.287,711.287,5.00600223e-8,0,0,0,0,0.7358619,-0.1495453,0.2027507,10.1923476,-19.6802307,33.9438411,255,0,0
37.05,711.147,711.147,5.05300636e-8,0,0,0,0,0.7168364,-0.1538018,0.2027397,10.2607088,-18.5439164,34.568146,255,0,0
37.1,711.006,711.006,5.10045184e-8,0,0,0,0,0.6977486,-0.1583044,0.2028067,10.3526566,-17.4198232,35.1315282,255,0,0
37.15,710.866,710.866,5.1483428e-8,0,0,0,0,0.6786029,-0.163047,0.2029371,10.4682076,-16.3115267,35.6362095,255,0,0
37.2,710.725,710.725,5.19668345e-8,0,0,0,0,0.6594034,-0.1680244,0.2031152,10.6073535,-15.2223472,36.0844839,255,0,0
37.25,710.585,710.585,5.24547799e-8,0,0,0,0,0.640154,-0.173232,0.2033239,10.7700604,-14.155354,36.4786923,255,0,0
37.3,710.444,710.444,5.29473069e-8,0,0,0,0,0.6208586,-0.1786663,0.2035449,10.956268,-13.1133711,36.8212002,255,0,0
37.35,710.304,710.304,5.34444585e-8,0,0,0,0,0.6015208,-0.184324,0.203759,11.1658884,-12.0989836,37.1143754,255,0,0
37.4,710.163,710.163,5.39462781e-8,0,0,0,0,0.5821444,-0.1902028,0.2039456,11.3988054,-11.1145451,37.3605684,255,0,0
37.45,710.023,710.023,5.44528096e-8,0,0,0,0,0.5627325,-0.1963006,0.2040834,11.6548733,-10.1621849,37.5620937,255,0,0
37.5,709.883,709.883,5.49640972e-8,0,0,0,0,0.5432885,-0.2026159,0.2041501,11.9339157,-9.2438156,37.7212126,255,0,0
37.55,709.742,709.742,5.54801856e-8,0,0,0,0,0.5238153,-0.2091474,0.2041223,12.2357245,-8.3611414,37.8401174,255,0,0
37.6,709.602,709.602,5.60011198e-8,0,0,0,0,0.504316,-0.2158938,0.203976,12.5600587,-7.5156653,37.9209176,255,0,0
37.65,709.461,709.461,5.65269453e-8,0,0,0,0,0.4847932,-0.222854,0.2036861,12.9066425,-6.7086965,37.9656268,255,0,0
37.7,709.321,709.321,5.70577082e-8,0,0,0,0,0.4652495,-0.2300266,0.2032271,13.275165,-5.9413581,37.976151,255,0,0
37.75,709.18,709.18,5.75934546e-8,0,0,0,0,0.4456874,-0.2374102,0.2025723,13.6652778,-5.2145927,37.9542794,255,0,0
37.8,709.04,709.04,5.81342315e-8,0,0,0,0,0.4261089,-0.2450025,0.2016946,14.0765943,-4.5291694,37.9016748,255,0,0
37.85,708.899,708.899,5.8680086e-8,0,0,0,0,0.4065162,-0.252801,0.2005662,14.5086881,-3.8856885,37.8198669,255,0,0
37.9,708.759,708.759,5.92310658e-8,0,0,0,0,0.3869111,-0.2608023,0.1991586,14.9610915,-3.2845861,37.7102461,255,0,0
37.95,708.618,708.618,5.97872191e-8,0,0,0,0,0.3672953,-0.2690021,0.1974428,15.4332945,-2.7261382,37.5740589,255,0,0
38,708.478,708.478,6.03485944e-8,0,0,0,0,0.3476704,-0.2773947,0.1953892,15.9247429,-2.2104635,37.4124042,255,0,0
38.05,708.337,708.337,6.09152408e-8,0,0,0,0,0.3280375,-0.2859736,0.1929679,16.4348375,-1.7375253,37.2262321,255,0,0
38.1,708.197,708.197,6.14872078e-8,0,0,0,0,0.308398,-0.2947305,0.1901486,16.9629326,-1.307133,37.0163424,255,0,0
38.15,708.056,708.056,6.20645453e-8,0,0,0,0,0.2887528,-0.3036556,0.1869004,17.5083348,-0.9189421,36.7833859,255,0,0
38.2,707.916,707.916,6.26473037e-8,0,0,0,0,0.2691026,-0.3127371,0.1831925,18.0703018,-0.572454,36.5278665,255,0,0
38.25,707.775,707.775,6.32355339e-8,0,0,0,0,0.2494482,-0.3219614,0.1789938,18.6480418,-0.2670145,36.2501448,255,0,0
38.3,707.635,707.635,6.38292874e-8,0,0,0,0,0.2297899,-0.3313127,0.1742734,19.240712,-0.0018118,35.9504432,255,0,0
38.35,707.494,707.494,6.44286159e-8,0,0,0,0,0.2101281,-0.3407728,0.1690004,19.847418,0.2241262,35.6288525,255,0,0
38.4,707.354,707.354,6.50335719e-8,0,0,0,0,0.1904629,-0.3503211,0.163144,20.4672133,0.4119351,35.2853403,255,0,0
38.45,707.213,707.213,6.56442082e-8,0,0,0,0,0.1707943,-0.3599343,0.1566743,21.0990986,0.562918,34.9197607,255,0,0
38.5,707.073,707.073,6.6260578e-8,0,0,0,0,0.1511222,-0.3695863,0.1495615,21.7420213,0.6785491,34.5318661,255,0,0
38.55,706.932,706.932,6.68827353e-8,0,0,0,0,0.1314461,-0.3792481,0.141777,22.3948755,0.7604781,34.12132,255,0,0
38.6,706.792,706.792,6.75107343e-8,0,0,0,0,0.1117658,-0.3888878,0.133293,23.0565017,0.8105342,33.6877124,255,0,0
38.65,706.651,706.651,6.814463e-8,0,0,0,0,0.0920807,-0.3984703,0.1240831,23.7256874,0.8307302,33.2305762,255,0,0
38.7,706.511,706.511,6.87844777e-8,0,0,0,0,0.07239,-0.4079572,0.1141224,24.4011669,0.8232653,32.7494057,255,0,0
38.75,706.37,706.37,6.94303333e-8,0,0,0,0,0.052693,-0.4173069,0.1033879,25.0816223,0.7905286,32.2436769,255,0,0
38.8,706.23,706.23,7.00822532e-8,0,0,0,0,0.0329889,-0.4264746,0.0918585,25.7656843,0.7351001,31.7128692,255,0,0
38.85,706.089,706.089,7.07402943e-8,0,0,0,0,0.0132766,-0.4354122,0.0795155,26.4519329,0.659752,31.1564892,255,0,0
38.9,705.949,705.949,7.14045141e-8,0,0,0,0,-0.0064447,-0.4440681,0.0663433,27.1388993,0.5674469,30.5740953,255,0,0
38.95,705.808,705.808,7.20749707e-8,0,0,0,0,-0.0261761,-0.4523877,0.0523289,27.8250667,0.4613357,29.9653246,255,0,0
39,705.668,705.668,7.27517225e-8,0,0,0,0,-0.0459188,-0.4603131,0.0374629,28.508873,0.3447523,29.3299206,255,0,0
39.05,705.527,705.527,7.34348287e-8,0,0,0,0,-0.0656738,-0.4677837,0.0217399,29.1887122,0.2212069,28.6677619,255,0,0
39.1,705.387,705.387,7.4124349e-8,0,0,0,0,-0.0854423,-0.4747356,0.0051582,29.8629371,0.0943756,27.9788918,255,0,0
39.15,705.246,705.246,7.48203436e-8,0,0,0,0,-0.1052252,-0.4811026,-0.012279,30.5298618,-0.031912,27.2635488,255,0,0
39.2,705.106,705.106,7.55228733e-8,0,0,0,0,-0.1250238,-0.4868159,-0.0305637,31.1877651,-0.1536892,26.5221969,255,0,0
39.25,704.965,704.965,7.62319994e-8,0,0,0,0,-0.144839,-0.4918047,-0.0496829,31.8348931,-0.2668712,25.755556,255,0,0
39.3,704.825,704.825,7.69477839e-8,0,0,0,0,-0.1646717,-0.4959965,-0.0696177,32.469463,-0.3672785,24.9646318,255,0,0
39.35,704.684,704.684,7.76702893e-8,0,0,0,0,-0.1845227,-0.4993172,-0.0903435,33.089667,-0.4506638,24.1507443,255,0,0
39.4,704.544,704.544,7.83995787e-8,0,0,0,0,-0.2043929,-0.5016921,-0.1118292,33.6936763,-0.5127427,23.3155556,255,0,0
39.45,704.403,704.403,7.91357157e-8,0,0,0,0,-0.2242828,-0.5030457,-0.1340374,34.2796452,-0.5492285,22.4610948,255,0,0
39.5,704.263,704.263,7.98787648e-8,0,0,0,0,-0.2441928,-0.5033027,-0.1569237,34.845716,-0.5558714,21.5897806,255,0,0
39.55,704.122,704.122,8.06287908e-8,0,0,0,0,-0.2641232,-0.5023885,-0.1804369,35.3900238,-0.5285009,20.7044409,255,0,0
39.6,703.982,703.982,8.13858592e-8,0,0,0,0,-0.2840741,-0.5002297,-0.2045184,35.9107016,-0.4630723,19.8083286,255,0,0
39.65,703.841,703.841,8.21500361e-8,0,0,0,0,-0.3040453,-0.4967548,-0.2291023,36.4058853,-0.3557174,18.9051319,255,0,0
39.7,703.701,703.701,8.29213884e-8,0,0,0,0,-0.3240364,-0.491895,-0.2541155,36.8737196,-0.2027973,17.9989813,255,0,0
39.75,703.56,703.56,8.36999832e-8,0,0,0,0,-0.3440469,-0.4855847,-0.279477,37.3123638,-0.0009586,17.0944488,255,0,0
39.8,703.42,703.42,8.44858887e-8,0,0,0,0,-0.3640757,-0.4777624,-0.3050991,37.7199971,0.2528078,16.1965427,255,0,0
39.85,703.279,703.279,8.52791736e-8,0,0,0,0,-0.3841216,-0.4683717,-0.3308862,38.0948254,0.5611068,15.3106936,255,0,0
39.9,703.139,703.139,8.6079907e-8,0,0,0,0,-0.4041831,-0.4573614,-0.3567363,38.4350869,0.9260781,14.4427349,255,0,0
39.95,702.998,702.998,8.68881589e-8,0,0,0,0,-0.4242583,-0.4446871,-0.3825401,38.7390586,1.3493351,13.5988736,255,0,0
40,702.858,702.858,8.7704e-8,0,0,0,0,-0.4443449,-0.4303114,-0.4081823,39.0050626,1.8319041,12.7856542,255,0,0
40.05,702.511,702.511,8.86190447e-8,0,0,0,0,-0.4644402,-0.4142049,-0.4335417,39.2314727,2.3741665,12.0099135,255,0,0
40.1,702.164,702.164,8.95436364e-8,0,0,0,0,-0.4845413,-0.3963471,-0.4584915,39.4167207,2.9758024,11.2787268,255,0,0
40.15,701.818,701.818,9.04778747e-8,0,0,0,0,-0.5046446,-0.3767266,-0.4829004,39.5593025,3.6357395,10.599346,255,0,0
40.2,701.471,701.471,9.14218602e-8,0,0,0,0,-0.5247464,-0.3553426,-0.506633,39.6577851,4.3521066,9.9791283,255,0,0
40.25,701.124,701.124,9.23756946e-8,0,0,0,0,-0.5448422,-0.3322045,-0.5295509,39.7108125,5.122194,9.4254577,255,0,0
40.3,700.777,700.777,9.33394807e-8,0,0,0,0,-0.5649273,-0.3073334,-0.5515132,39.717112,5.9424206,8.9456586,255,0,0
40.35,700.431,700.431,9.43133222e-8,0,0,0,0,-0.5849964,-0.2807619,-0.5723778,39.6755003,6.8083117,8.5469015,255,0,0
40.4,700.084,700.084,9.52973242e-8,0,0,0,0,-0.6050439,-0.252535,-0.5920024,39.5848894,7.714485,8.2361044,255,0,0
40.45,699.737,699.737,9.62915926e-8,0,0,0,0,-0.6250635,-0.2227099,-0.6102453,39.4442921,8.6546493,8.019827,255,0,0
40.5,699.39,699.39,9.72962345e-8,0,0,0,0,-0.6450485,-0.1913565,-0.6269672,39.252828,9.6216145,7.9041628,255,0,0
40.55,699.043,699.043,9.83113582e-8,0,0,0,0,-0.6649917,-0.1585575,-0.6420318,39.0097281,10.6073152,7.8946276,255,0,0
40.6,698.697,698.697,9.9337073e-8,0,0,0,0,-0.6848855,-0.1244082,-0.6553071,38.7143398,11.6028481,7.9960476,255,0,0
40.65,698.35,698.35,1.00373489e-7,0,0,0,0,-0.7047216,-0.0890163,-0.666667,38.3661319,12.5985235,8.2124481,255,0,0
40.7,698.003,698.003,1.01420719e-7,0,0,0,0,-0.7244914,-0.0525017,-0.6759925,37.9646982,13.5839317,8.5469451,255,0,0
40.75,697.656,697.656,1.02478875e-7,0,0,0,0,-0.7441857,-0.014996,-0.6831724,37.5097617,14.5480249,9.001641,255,0,0
40.8,697.31,697.31,1.03548071e-7,0,0,0,0,-0.7637947,0.0233581,-0.6881054,37.0011777,15.4792123,9.5775277,255,0,0
40.85,696.963,696.963,1.04628422e-7,0,0,0,0,-0.7833084,0.0624074,-0.6907004,36.4389369,16.365471,10.2743977,255,0,0
40.9,696.616,696.616,1.05720045e-7,0,0,0,0,-0.8027161,0.1019892,-0.6908785,35.8231679,17.1944693,11.0907663,255,0,0
40.95,696.269,696.269,1.06823057e-7,0,0,0,0,-0.8220068,0.1419324,-0.6885732,35.1541388,17.9537034,12.0238058,255,0,0
41,695.922,695.922,1.07937577e-7,0,0,0,0,-0.8411688,0.1820582,-0.6837319,34.432259,18.6306444,13.0692958,255,0,0
41.05,695.576,695.576,1.09063725e-7,0,0,0,0,-0.8601903,0.2221817,-0.6763168,33.6580802,19.2128954,14.2215884,255,0,0
41.1,695.229,695.229,1.10201623e-7,0,0,0,0,-0.8790587,0.2621133,-0.6663051,32.8322962,19.6883564,15.4735924,255,0,0
41.15,694.882,694.882,1.11351393e-7,0,0,0,0,-0.8977614,0.3016595,-0.6536904,31.9557432,20.0453946,16.8167766,255,0,0
41.2,694.535,694.535,1.12513159e-7,0,0,0,0,-0.9162852,0.3406251,-0.6384822,31.029399,20.2730174,18.2411936,255,0,0
41.25,694.189,694.189,1.13687046e-7,0,0,0,0,-0.9346165,0.3788146,-0.6207072,30.0543813,20.3610467,19.7355252,255,0,0
41.3,693.842,693.842,1.1487318e-7,0,0,0,0,-0.9527415,0.4160332,-0.6004086,29.0319463,20.3002907,21.2871498,255,0,0
41.35,693.495,693.495,1.1607169e-7,0,0,0,0,-0.9706461,0.4520895,-0.5776467,27.9634859,20.0827104,22.8822313,255,0,0
41.4,693.148,693.148,1.17282704e-7,0,0,0,0,-0.9883159,0.4867959,-0.5524984,26.8505244,19.7015785,24.50583,255,0,0
41.45,692.801,692.801,1.18506353e-7,0,0,0,0,-1.0057361,0.5199714,-0.5250566,25.6947156,19.1516272,26.1420347,255,0,0
41.5,692.455,692.455,1.19742769e-7,0,0,0,0,-1.0228921,0.5514422,-0.4954303,24.497838,18.4291821,27.7741149,255,0,0
41.55,692.108,692.108,1.20992085e-7,0,0,0,0,-1.0397686,0.5810438,-0.4637433,23.2617904,17.5322797,29.3846903,255,0,0
41.6,691.761,691.761,1.22254435e-7,0,0,0,0,-1.0563505,0.6086222,-0.4301335,21.9885865,16.4607654,30.9559185,255,0,0
41.65,691.414,691.414,1.23529956e-7,0,0,0,0,-1.0726226,0.6340355,-0.3947521,20.6803493,15.2163701,32.4696956,255,0,0
41.7,691.067,691.067,1.24818785e-7,0,0,0,0,-1.0885694,0.6571548,-0.357762,19.3393048,13.8027633,33.9078693,255,0,0
41.75,690.721,690.721,1.2612106e-7,0,0,0,0,-1.1041756,0.6778656,-0.319337,17.9677756,12.2255802,35.2524596,255,0,0
41.8,690.374,690.374,1.27436923e-7,0,0,0,0,-1.1194257,0.6960685,-0.2796599,16.5681735,10.4924227,36.4858859,255,0,0
41.85,690.027,690.027,1.28766514e-7,0,0,0,0,-1.1343045,0.7116805,-0.2389213,15.142992,8.6128322,37.5911958,255,0,0
41.9,689.68,689.68,1.30109978e-7,0,0,0,0,-1.1487965,0.7246348,-0.197318,13.6947989,6.5982343,38.5522916,255,0,0
41.95,689.334,689.334,1.31467458e-7,0,0,0,0,-1.1628868,0.7348824,-0.155051,12.2262278,4.461856,39.3541524,255,0,0
42,688.987,688.987,1.32839101e-7,0,0,0,0,-1.1765602,0.7423915,-0.1123245,10.7399699,2.2186145,39.983047,255,0,0
42.05,688.64,688.64,1.34225055e-7,0,0,0,0,-1.1898019,0.7471478,-0.0693434,9.2387649,-0.1150197,40.4267335,255,0,0
42.1,688.293,688.293,1.3562547e-7,0,0,0,0,-1.2025974,0.7491548,-0.0263123,7.7253929,-2.5211853,40.6746439,255,0,0
42.15,687.946,687.946,1.37040495e-7,0,0,0,0,-1.2149324,0.7484333,0.0165667,6.2026645,-4.9808152,40.718049,255,0,0
42.2,687.6,687.6,1.38470283e-7,0,0,0,0,-1.2267928,0.7450208,0.0590952,4.6734123,-7.4738417,40.5502004,255,0,0
42.25,687.253,687.253,1.3991499e-7,0,0,0,0,-1.238165,0.7389713,0.1010806,3.1404815,-9.9794198,40.1664484,255,0,0
42.3,686.906,686.906,1.41374769e-7,0,0,0,0,-1.2490357,0.7303544,0.1423368,1.6067206,-12.4761639,39.5643322,255,0,0
42.35,686.559,686.559,1.42849778e-7,0,0,0,0,-1.259392,0.7192542,0.1826864,0.0749721,-14.9423962,38.7436416,255,0,0
42.4,686.213,686.213,1.44340177e-7,0,0,0,0,-1.2692215,0.7057687,0.2219612,-1.4519365,-17.3564011,37.7064479,255,0,0
42.45,685.866,685.866,1.45846126e-7,0,0,0,0,-1.2785122,0.6900084,0.2600041,-2.9712017,-19.6966829,36.4571041,255,0,0
42.5,685.519,685.519,1.47367786e-7,0,0,0,0,-1.2872527,0.6720951,0.2966694,-4.4800532,-21.9422228,35.0022142,255,0,0
42.55,685.172,685.172,1.48905323e-7,0,0,0,0,-1.2954321,0.6521606,0.331824,-5.9757624,-24.0727301,33.3505709,255,0,0
42.6,684.825,684.825,1.50458901e-7,0,0,0,0,-1.30304,0.6303454,0.3653481,-7.4556509,-26.0688853,31.5130637,255,0,0
42.65,684.479,684.479,1.52028689e-7,0,0,0,0,-1.3100667,0.6067974,0.3971356,-8.9170989,-27.9125693,29.5025586,255,0,0
42.7,684.132,684.132,1.53614854e-7,0,0,0,0,-1.316503,0.5816703,0.4270946,-10.3575529,-29.5870775,27.3337511,255,0,0
42.75,683.785,683.785,1.55217569e-7,0,0,0,0,-1.3223403,0.555122,0.4551476,-11.7745336,-31.0773136,25.0229939,255,0,0
42.8,683.438,683.438,1.56837005e-7,0,0,0,0,-1.3275709,0.5273137,0.4812313,-13.1656427,-32.3699606,22.5881046,255,0,0
42.85,683.092,683.092,1.58473337e-7,0,0,0,0,-1.3321875,0.4984081,0.5052971,-14.5285702,-33.4536281,20.048154,255,0,0
42.9,682.745,682.745,1.60126741e-7,0,0,0,0,-1.3361836,0.4685681,0.5273102,-15.8611005,-34.3189713,17.4232396,255,0,0
42.95,682.398,682.398,1.61797396e-7,0,0,0,0,-1.3395534,0.4379556,0.5472499,-17.1611183,-34.9587825,14.7342475,255,0,0
43,682.051,682.051,1.63485482e-7,0,0,0,0,-1.3422918,0.4067305,0.5651087,-18.4266144,-35.3680525,12.0026074,255,0,0
43.05,681.704,681.704,1.6519118e-7,0,0,0,0,-1.3443944,0.3750491,0.5808917,-19.6556903,-35.5440026,9.2500435,255,0,0
43.1,681.358,681.358,1.66914674e-7,0,0,0,0,-1.3458575,0.3430634,0.5946164,-20.8465631,-35.4860864,6.4983249,255,0,0
43.15,681.011,681.011,1.6865615e-7,0,0,0,0,-1.3466782,0.3109202,0.6063114,-21.9975691,-35.1959622,3.769021,255,0,0
43.2,680.664,680.664,1.70415795e-7,0,0,0,0,-1.3468543,0.2787601,0.6160159,-23.1071674,-34.6774375,1.0832634,255,0,0
43.25,680.317,680.317,1.72193799e-7,0,0,0,0,-1.3463842,0.2467169,0.623779,-24.1739426,-33.9363859,-1.5384809,255,0,0
43.3,679.971,679.971,1.73990354e-7,0,0,0,0,-1.3452674,0.2149169,0.6296581,-25.1966078,-32.9806405,-4.076622,255,0,0
43.35,679.624,679.624,1.75805652e-7,0,0,0,0,-1.3435036,0.1834784,0.6337188,-26.1740054,-31.8198629,-6.5126442,255,0,0
43.4,679.277,679.277,1.77639891e-7,0,0,0,0,-1.3410938,0.1525116,0.6360336,-27.1051094,-30.4653941,-8.8292821,255,0,0
43.45,678.93,678.93,1.79493266e-7,0,0,0,0,-1.3380392,0.1221179,0.6366805,-27.9890256,-28.9300866,-11.0106769,255,0,0
43.5,678.583,678.583,1.81365979e-7,0,0,0,0,-1.3343419,0.0923898,0.6357431,-28.824992,-27.2281239,-13.0425097,255,0,0
43.55,678.237,678.237,1.8325823e-7,0,0,0,0,-1.3300049,0.0634113,0.6333087,-29.6123784,-25.3748272,-14.9121103,255,0,0
43.6,677.89,677.89,1.85170223e-7,0,0,0,0,-1.3250316,0.0352571,0.6294679,-30.3506859,-23.3864564,-16.6085422,255,0,0
43.65,677.543,677.543,1.87102165e-7,0,0,0,0,-1.3194261,0.0079933,0.6243138,-31.0395455,-21.2800048,-18.1226622,255,0,0
43.7,677.196,677.196,1.89054264e-7,0,0,0,0,-1.3131933,-0.0183224,0.6179409,-31.6787164,-19.0729934,-19.4471557,255,0,0
43.75,676.85,676.85,1.91026729e-7,0,0,0,0,-1.3063386,-0.0436412,0.6104446,-32.2680839,-16.7832668,-20.5765471,255,0,0
43.8,676.503,676.503,1.93019774e-7,0,0,0,0,-1.298868,-0.067922,0.6019203,-32.8076568,-14.4287926,-21.5071882,255,0,0
43.85,676.156,676.156,1.95033613e-7,0,0,0,0,-1.2907883,-0.0911316,0.592463,-33.2975645,-12.0274693,-22.2372236,255,0,0
43.9,675.809,675.809,1.97068463e-7,0,0,0,0,-1.2821066,-0.1132444,0.5821667,-33.7380539,-9.5969426,-22.7665359,255,0,0
43.95,675.462,675.462,1.99124543e-7,0,0,0,0,-1.2728307,-0.1342415,0.5711236,-34.129485,-7.1544342,-23.0966727,255,0,0
44,675.116,675.116,2.01202075e-7,0,0,0,0,-1.262969,-0.1541109,0.5594237,-34.472328,-4.7165829,-23.2307568,255,0,0
44.05,674.769,674.769,2.03301283e-7,0,0,0,0,-1.2525302,-0.1728464,0.5471549,-34.767158,-2.299302,-23.1733814,255,0,0
44.1,674.422,674.422,2.05422392e-7,0,0,0,0,-1.2415236,-0.1904477,0.5344019,-35.0146513,0.0823484,-22.9304942,255,0,0
44.15,674.075,674.075,2.07565632e-7,0,0,0,0,-1.229959,-0.2069197,0.5212464,-35.21558,2.4142712,-22.5092706,255,0,0
44.2,673.728,673.728,2.09731232e-7,0,0,0,0,-1.2178467,-0.2222718,0.5077669,-35.3708077,4.6834257,-21.91798,255,0,0
44.25,673.382,673.382,2.11919427e-7,0,0,0,0,-1.2051971,-0.2365179,0.4940382,-35.4812836,6.8779023,-21.1658467,255,0,0
44.3,673.035,673.035,2.14130452e-7,0,0,0,0,-1.1920213,-0.2496757,0.4801313,-35.5480381,8.9869804,-20.2629075,255,0,0
44.35,672.688,672.688,2.16364546e-7,0,0,0,0,-1.1783307,-0.2617662,0.4661136,-35.5721767,11.0011683,-19.219869,255,0,0
44.4,672.341,672.341,2.18621949e-7,0,0,0,0,-1.1641369,-0.2728134,0.4520486,-35.5548749,12.9122277,-18.0479656,255,0,0
44.45,671.995,671.995,2.20902904e-7,0,0,0,0,-1.1494519,-0.2828437,0.4379958,-35.4973728,14.7131809,-16.7588203,255,0,0
44.5,671.648,671.648,2.23207656e-7,0,0,0,0,-1.134288,-0.291886,0.4240111,-35.4009693,16.3983041,-15.3643111,255,0,0
44.55,671.301,671.301,2.25536455e-7,0,0,0,0,-1.1186577,-0.2999707,0.4101461,-35.2670167,17.9631068,-13.876442,255,0,0
44.6,670.954,670.954,2.27889552e-7,0,0,0,0,-1.1025739,-0.3071299,0.396449,-35.0969151,19.4042988,-12.3072228,255,0,0
44.65,670.607,670.607,2.30267198e-7,0,0,0,0,-1.0860494,-0.3133965,0.382964,-34.8921071,20.7197457,-10.6685559,255,0,0
44.7,670.261,670.261,2.32669652e-7,0,0,0,0,-1.0690976,-0.3188045,0.3697319,-34.6540724,21.9084159,-8.9721338,255,0,0
44.75,669.914,669.914,2.35097171e-7,0,0,0,0,-1.0517317,-0.3233885,0.3567896,-34.3843221,22.9703178,-7.2293455,255,0,0
44.8,669.567,669.567,2.37550017e-7,0,0,0,0,-1.0339651,-0.3271832,0.3441709,-34.0843942,23.9064314,-5.4511933,255,0,0
44.85,669.22,669.22,2.40028455e-7,0,0,0,0,-1.0158117,-0.3302235,0.3319061,-33.7558481,24.7186346,-3.6482204,255,0,0
44.9,668.874,668.874,2.42532751e-7,0,0,0,0,-0.9972849,-0.3325443,0.3200223,-33.4002594,25.4096245,-1.8304493,255,0,0
44.95,668.527,668.527,2.45063175e-7,0,0,0,0,-0.9783987,-0.3341798,0.3085436,-33.0192161,25.9828372,-0.00733,255,0,0
45,668.18,668.18,2.4762e-7,0,0,0,0,-0.9591669,-0.3351641,0.297491,-32.6143131,26.442366,1.8123004,255,0,0
45.05,667.312,667.312,2.50685112e-7,0,0,0,0,-0.9396035,-0.3355303,0.2868828,-32.1871482,26.7928784,3.620249,255,0,0
45.1,666.445,666.445,2.53788164e-7,0,0,0,0,-0.9197223,-0.3353109,0.2767347,-31.7393179,27.0395354,5.4089888,255,0,0
45.15,665.577,665.577,2.56929627e-7,0,0,0,0,-0.8995373,-0.3345374,0.2670597,-31.2724136,27.1879115,7.1716713,255,0,0
45.2,664.709,664.709,2.60109976e-7,0,0,0,0,-0.8790624,-0.3332404,0.2578684,-30.7880175,27.2439175,8.9021308,255,0,0
45.25,663.841,663.841,2.63329692e-7,0,0,0,0,-0.8583116,-0.331449,0.2491691,-30.2876993,27.2137268,10.5948813,255,0,0
45.3,662.974,662.974,2.66589263e-7,0,0,0,0,-0.8372988,-0.3291913,0.240968,-29.7730128,27.1037052,12.2451063,255,0,0
45.35,662.106,662.106,2.69889181e-7,0,0,0,0,-0.8160377,-0.3264943,0.2332691,-29.2454929,26.9203456,13.8486431,255,0,0
45.4,661.238,661.238,2.73229947e-7,0,0,0,0,-0.7945423,-0.3233832,0.2260745,-28.7066527,26.6702065,15.4019608,255,0,0
45.45,660.371,660.371,2.76612066e-7,0,0,0,0,-0.7728261,-0.319882,0.2193844,-28.1579809,26.3598566,16.9021346,255,0,0
45.5,659.503,659.503,2.8003605e-7,0,0,0,0,-0.7509029,-0.3160133,0.2131973,-27.6009394,25.9958239,18.346816,255,0,0
45.55,658.635,658.635,2.83502417e-7,0,0,0,0,-0.7287861,-0.3117982,0.20751,-27.0369612,25.5845497,19.7341996,255,0,0
45.6,657.767,657.767,2.87011691e-7,0,0,0,0,-0.7064893,-0.307256,0.2023176,-26.4674486,25.1323488,21.0629875,255,0,0
45.65,656.9,656.9,2.90564405e-7,0,0,0,0,-0.6840257,-0.3024048,0.1976139,-25.893771,24.6453739,22.3323526,255,0,0
45.7,656.032,656.032,2.94161095e-7,0,0,0,0,-0.6614085,-0.297261,0.1933911,-25.3172641,24.1295854,23.5418997,255,0,0
45.75,655.164,655.164,2.97802305e-7,0,0,0,0,-0.6386509,-0.2918394,0.1896403,-24.7392282,23.5907267,24.6916266,255,0,0
45.8,654.297,654.297,3.01488588e-7,0,0,0,0,-0.6157658,-0.2861534,0.186351,-24.1609272,23.0343026,25.7818846,255,0,0
45.85,653.429,653.429,3.052205e-7,0,0,0,0,-0.5927661,-0.2802147,0.1835116,-23.5835876,22.4655635,26.8133399,255,0,0
45.9,652.561,652.561,3.08998608e-7,0,0,0,0,-0.5696644,-0.2740336,0.1811093,-23.0083983,21.889493,27.786935,255,0,0
45.95,651.694,651.694,3.12823481e-7,0,0,0,0,-0.5464732,-0.2676189,0.1791302,-22.4365095,21.3107989,28.7038512,255,0,0
46,650.826,650.826,3.166957e-7,0,0,0,0,-0.5232051,-0.2609781,0.1775592,-21.8690328,20.7339086,29.5654728,255,0,0
46.05,649.958,649.958,3.20615851e-7,0,0,0,0,-0.4998721,-0.254117,0.1763803,-21.3070408,20.1629664,30.3733522,255,0,0
46.1,649.09,649.09,3.24584526e-7,0,0,0,0,-0.4764865,-0.2470403,0.1755761,-20.7515671,19.6018346,31.1291775,255,0,0
46.15,648.223,648.223,3.28602327e-7,0,0,0,0,-0.4530601,-0.2397515,0.1751287,-20.2036065,19.0540959,31.8347405,255,0,0
46.2,647.355,647.355,3.32669861e-7,0,0,0,0,-0.4296047,-0.2322525,0.1750186,-19.6641153,18.5230589,32.4919085,255,0,0
46.25,646.487,646.487,3.36787744e-7,0,0,0,0,-0.406132,-0.2245445,0.1752257,-19.1340115,18.0117648,33.1025965,255,0,0
46.3,645.62,645.62,3.409566e-7,0,0,0,0,-0.3826533,-0.2166274,0.1757289,-18.6141754,17.5229955,33.6687422,255,0,0
46.35,644.752,644.752,3.45177059e-7,0,0,0,0,-0.35918,-0.2085002,0.1765059,-18.1054502,17.0592829,34.1922828,255,0,0
46.4,643.884,643.884,3.4944976e-7,0,0,0,0,-0.3357233,-0.200161,0.1775335,-17.6086425,16.6229194,34.6751339,255,0,0
46.45,643.016,643.016,3.5377535e-7,0,0,0,0,-0.312294,-0.1916072,0.1787875,-17.1245233,16.215969,35.1191704,255,0,0
46.5,642.149,642.149,3.58154483e-7,0,0,0,0,-0.288903,-0.1828354,0.1802428,-16.6538285,15.8402778,35.5262089,255,0,0
46.55,641.281,641.281,3.62587822e-7,0,0,0,0,-0.2655609,-0.173842,0.1818731,-16.1972602,15.4974865,35.8979928,255,0,0
46.6,640.413,640.413,3.67076038e-7,0,0,0,0,-0.2422782,-0.1646226,0.1836512,-15.755487,15.1890411,36.2361778,255,0,0
46.65,639.546,639.546,3.71619811e-7,0,0,0,0,-0.2190652,-0.1551728,0.1855488,-15.3291455,14.9162047,36.5423208,255,0,0
46.7,638.678,638.678,3.76219828e-7,0,0,0,0,-0.1959319,-0.145488,0.1875367,-14.9188409,14.6800681,36.8178684,255,0,0
46.75,637.81,637.81,3.80876786e-7,0,0,0,0,-0.1728884,-0.1355637,0.1895844,-14.5251484,14.4815607,37.0641487,255,0,0
46.8,636.942,636.942,3.85591388e-7,0,0,0,0,-0.1499445,-0.1253956,0.1916606,-14.1486137,14.3214599,37.2823633,255,0,0
46.85,636.075,636.075,3.90364349e-7,0,0,0,0,-0.1271098,-0.1149797,0.1937328,-13.7897541,14.2004009,37.4735809,255,0,0
46.9,635.207,635.207,3.95196391e-7,0,0,0,0,-0.1043937,-0.1043125,0.1957676,-13.4490598,14.1188846,37.6387323,255,0,0
46.95,634.339,634.339,4.00088246e-7,0,0,0,0,-0.0818056,-0.0933914,0.1977304,-13.1269946,14.0772854,37.7786059,255,0,0
47,633.472,633.472,4.05040654e-7,0,0,0,0,-0.0593545,-0.0822146,0.1995857,-12.8239967,14.075858,37.8938454,255,0,0
47.05,632.604,632.604,4.10054363e-7,0,0,0,0,-0.0370494,-0.0707815,0.201297,-12.5404798,14.1147425,37.9849471,255,0,0
47.1,631.736,631.736,4.15130134e-7,0,0,0,0,-0.014899,-0.0590926,0.2028268,-12.276834,14.1939699,38.0522588,255,0,0
47.15,630.868,630.868,4.20268735e-7,0,0,0,0,0.0070879,-0.0471501,0.2041369,-12.0334264,14.3134648,38.0959799,255,0,0
47.2,630.001,630.001,4.25470942e-7,0,0,0,0,0.0289031,-0.034958,0.2051882,-11.8106018,14.4730487,38.1161614,255,0,0
47.25,629.133,629.133,4.30737544e-7,0,0,0,0,0.0505383,-0.0225219,0.2059408,-11.6086836,14.6724413,38.1127077,255,0,0
47.3,628.265,628.265,4.36069337e-7,0,0,0,0,0.0719854,-0.00985,0.2063543,-11.4279744,14.9112606,38.0853783,255,0,0
47.35,627.398,627.398,4.41467129e-7,0,0,0,0,0.0932365,0.0030477,0.2063878,-11.2687561,15.189023,38.0337911,255,0,0
47.4,626.53,626.53,4.46931736e-7,0,0,0,0,0.114284,0.0161581,0.2059999,-11.1312911,15.5051411,37.9574255,255,0,0
47.45,625.662,625.662,4.52463986e-7,0,0,0,0,0.1351203,0.0294657,0.2051491,-11.015822,15.8589218,37.8556276,255,0,0
47.5,624.795,624.795,4.58064715e-7,0,0,0,0,0.1557382,0.0429519,0.203794,-10.9225721,16.2495623,37.727615,255,0,0
47.55,623.927,623.927,4.63734772e-7,0,0,0,0,0.1761305,0.0565951,0.2018932,-10.8517459,16.6761461,37.5724834,255,0,0
47.6,623.059,623.059,4.69475014e-7,0,0,0,0,0.1962904,0.0703702,0.1994058,-10.8035286,17.1376376,37.3892135,255,0,0
47.65,622.191,622.191,4.75286311e-7,0,0,0,0,0.2162111,0.0842486,0.1962915,-10.7780868,17.6328767,37.1766791,255,0,0
47.7,621.324,621.324,4.81169542e-7,0,0,0,0,0.2358862,0.0981983,0.1925112,-10.7755678,18.1605721,36.9336566,255,0,0
47.75,620.456,620.456,4.87125597e-7,0,0,0,0,0.2553093,0.1121834,0.1880266,-10.7960998,18.7192943,36.6588349,255,0,0
47.8,619.588,619.588,4.93155378e-7,0,0,0,0,0.2744744,0.1261641,0.1828015,-10.8397916,19.3074688,36.3508272,255,0,0
47.85,618.721,618.721,4.99259797e-7,0,0,0,0,0.2933756,0.1400967,0.1768012,-10.906732,19.9233676,36.0081833,255,0,0
47.9,617.853,617.853,5.05439779e-7,0,0,0,0,0.3120074,0.1539335,0.1699934,-10.9969895,20.5651028,35.629404,255,0,0
47.95,616.985,616.985,5.11696258e-7,0,0,0,0,0.3303644,0.1676228,0.1623487,-11.1106116,21.2306179,35.2129562,255,0,0
48,616.117,616.117,5.18030181e-7,0,0,0,0,0.3484413,0.1811089,0.1538406,-11.2476242,21.9176817,34.7572896,255,0,0
48.05,615.25,615.25,5.24442508e-7,0,0,0,0,0.3662335,0.1943322,0.1444461,-11.408031,22.6238805,34.2608551,255,0,0
48.1,614.382,614.382,5.30934208e-7,0,0,0,0,0.3837361,0.2072291,0.1341462,-11.5918122,23.3466128,33.7221242,255,0,0
48.15,613.514,613.514,5.37506265e-7,0,0,0,0,0.4009449,0.2197326,0.1229264,-11.7989239,24.083084,33.1396102,255,0,0
48.2,612.647,612.647,5.44159672e-7,0,0,0,0,0.4178557,0.2317719,0.1107771,-12.0292971,24.8303024,32.5118908,255,0,0
48.25,611.779,611.779,5.50895437e-7,0,0,0,0,0.4344646,0.2432732,0.0976937,-12.2828362,25.585077,31.8376319,255,0,0
48.3,610.911,610.911,5.57714579e-7,0,0,0,0,0.4507681,0.2541594,0.0836779,-12.5594181,26.3440166,31.115613,255,0,0
48.35,610.043,610.043,5.64618131e-7,0,0,0,0,0.4667629,0.2643511,0.0687373,-12.8588911,27.1035311,30.3447533,255,0,0
48.4,609.176,609.176,5.71607137e-7,0,0,0,0,0.4824461,0.2737667,0.0528863,-13.1810729,27.8598352,29.5241399,255,0,0
48.45,608.308,608.308,5.78682654e-7,0,0,0,0,0.4978148,0.2823227,0.0361463,-13.5257501,28.6089545,28.6530556,255,0,0
48.5,607.44,607.44,5.85845755e-7,0,0,0,0,0.5128667,0.2899346,0.0185464,-13.8926758,29.3467343,27.7310084,255,0,0
48.55,606.573,606.573,5.93097522e-7,0,0,0,0,0.5275997,0.296517,0.0001233,-14.2815689,30.0688517,26.7577606,255,0,0
48.6,605.705,605.705,6.00439054e-7,0,0,0,0,0.542012,0.3019848,-0.019078,-14.6921121,30.7708312,25.7333591,255,0,0
48.65,604.837,604.837,6.07871461e-7,0,0,0,0,0.5561022,0.3062536,-0.039004,-15.1239505,31.448063,24.6581639,255,0,0
48.7,603.969,603.969,6.15395869e-7,0,0,0,0,0.569869,0.3092404,-0.0595928,-15.57669,32.095826,23.5328777,255,0,0
48.75,603.102,603.102,6.23013416e-7,0,0,0,0,0.5833116,0.3108645,-0.0807734,-16.0498957,32.7093139,22.3585728,255,0,0
48.8,602.234,602.234,6.30725256e-7,0,0,0,0,0.5964295,0.3110485,-0.1024661,-16.5430903,33.283666,21.1367176,255,0,0
48.85,601.366,601.366,6.38532554e-7,0,0,0,0,0.6092227,0.3097187,-0.1245823,-17.0557525,33.8140008,19.8692005,255,0,0
48.9,600.499,600.499,6.46436494e-7,0,0,0,0,0.6216911,0.3068066,-0.1470246,-17.5873158,34.295455,18.5583511,255,0,0
48.95,599.631,599.631,6.54438271e-7,0,0,0,0,0.6338354,0.3022494,-0.169687,-18.1371662,34.7232249,17.2069587,255,0,0
49,598.763,598.763,6.62539096e-7,0,0,0,0,0.6456563,0.2959913,-0.1924552,-18.7046416,35.0926128,15.8182867,255,0,0
49.05,597.895,597.895,6.70740196e-7,0,0,0,0,0.657155,0.2879841,-0.2152066,-19.28903,35.399076,14.3960823,255,0,0
49.1,597.028,597.028,6.79042811e-7,0,0,0,0,0.6683331,0.2781884,-0.2378117,-19.8895682,35.6382789,12.9445822,255,0,0
49.15,596.16,596.16,6.87448199e-7,0,0,0,0,0.6791924,0.2665743,-0.2601335,-20.5054405,35.8061482,11.4685114,255,0,0
49.2,595.292,595.292,6.9595763e-7,0,0,0,0,0.689735,0.2531228,-0.2820291,-21.135778,35.8989303,9.9730778,255,0,0
49.25,594.425,594.425,7.04572394e-7,0,0,0,0,0.6999636,0.2378261,-0.3033502,-21.779657,35.9132495,8.463958,255,0,0
49.3,593.557,593.557,7.13293794e-7,0,0,0,0,0.7098809,0.2206885,-0.3239438,-22.4360986,35.8461674,6.9472782,255,0,0
49.35,592.689,592.689,7.2212315e-7,0,0,0,0,0.7194902,0.2017275,-0.3436538,-23.1040679,35.6952432,5.4295861,255,0,0
49.4,591.822,591.822,7.31061798e-7,0,0,0,0,0.7287949,0.1809742,-0.3623214,-23.7824733,35.4585913,3.9178161,255,0,0
49.45,590.954,590.954,7.40111091e-7,0,0,0,0,0.7377988,0.1584737,-0.3797868,-24.4701664,35.134939,2.4192461,255,0,0
49.5,590.086,590.086,7.492724e-7,0,0,0,0,0.7465062,0.1342859,-0.3958904,-25.1659416,34.7236802,0.9414468,255,0,0
49.55,589.218,589.218,7.58547109e-7,0,0,0,0,0.7549213,0.1084854,-0.4104742,-25.8685362,34.2249254,-0.5077776,255,0,0
49.6,588.351,588.351,7.67936623e-7,0,0,0,0,0.7630489,0.0811622,-0.4233831,-26.5766307,33.6395471,-1.9204554,255,0,0
49.65,587.483,587.483,7.77442364e-7,0,0,0,0,0.7708941,0.0524214,-0.4344668,-27.2888494,32.9692192,-3.2885219,255,0,0
49.7,586.615,586.615,7.87065769e-7,0,0,0,0,0.778462,0.022383,-0.4435807,-28.0037608,32.2164482,-4.6038996,255,0,0
49.75,585.748,585.748,7.96808296e-7,0,0,0,0,0.7857582,-0.008818,-0.4505882,-28.7198791,31.3845977,-5.8585857,255,0,0
49.8,584.88,584.88,8.06671418e-7,0,0,0,0,0.7927884,-0.0410323,-0.4553615,-29.435665,30.477902,-7.044744,255,0,0
49.85,584.012,584.012,8.16656629e-7,0,0,0,0,0.7995586,-0.0740971,-0.4577839,-30.1495276,29.5014711,-8.1548018,255,0,0
49.9,583.144,583.144,8.2676544e-7,0,0,0,0,0.806075,-0.1078363,-0.4577508,-30.859826,28.461283,-9.1815501,255,0,0
49.95,582.277,582.277,8.36999381e-7,0,0,0,0,0.812344,-0.142062,-0.4551713,-31.5648718,27.3641653,-10.1182447,255,0,0
50,581.409,581.409,8.4736e-7,0,0,0,0,0.818372,-0.1765755,-0.4499699,-32.2629309,26.2177644,-10.9587097,255,0,0
50.05,580.731,580.731,8.5245845e-7,0,0,0,0,0.8241659,-0.2111684,-0.4420872,-32.9477137,25.0270727,-11.6958358,255,0,0
50.1,580.053,580.053,8.57587577e-7,0,0,0,0,0.8297323,-0.2456242,-0.4314815,-33.6217319,23.804991,-12.3263127,255,0,0
50.15,579.375,579.375,8.62747565e-7,0,0,0,0,0.8350783,-0.27972,-0.4181298,-34.2831384,22.561315,-12.8463088,255,0,0
50.2,578.697,578.697,8.679386e-7,0,0,0,0,0.8402109,-0.3132282,-0.4020285,-34.9300551,21.3064,-13.2529445,255,0,0
50.25,578.019,578.019,8.73160869e-7,0,0,0,0,0.8451371,-0.3459181,-0.3831942,-35.5605764,20.0510658,-13.5443718,255,0,0
50.3,577.341,577.341,8.7841456e-7,0,0,0,0,0.8498641,-0.3775582,-0.3616645,-36.1727736,18.8064908,-13.7198448,255,0,0
50.35,576.663,576.663,8.83699861e-7,0,0,0,0,0.854399,-0.4079179,-0.3374976,-36.7646998,17.5840942,-13.779778,255,0,0
50.4,575.985,575.985,8.89016963e-7,0,0,0,0,0.8587488,-0.4367698,-0.3107734,-37.3343946,16.3954108,-13.7257923,255,0,0
50.45,575.307,575.307,8.94366058e-7,0,0,0,0,0.8629206,-0.463892,-0.2815924,-37.8798894,15.2519564,-13.5607469,255,0,0
50.5,574.629,574.629,8.99747337e-7,0,0,0,0,0.8669215,-0.4890697,-0.2500759,-38.3992128,14.1650883,-13.2887551,255,0,0
50.55,573.951,573.951,9.05160995e-7,0,0,0,0,0.8707583,-0.5120976,-0.2163655,-38.8903965,13.1458613,-12.9151841,255,0,0
50.6,573.273,573.273,9.10607226e-7,0,0,0,0,0.8744377,-0.5327822,-0.1806219,-39.351481,12.2048813,-12.4466373,255,0,0
50.65,572.595,572.595,9.16086226e-7,0,0,0,0,0.8779665,-0.5509433,-0.1430242,-39.7805223,11.3521594,-11.8909185,255,0,0
50.7,571.917,571.917,9.21598193e-7,0,0,0,0,0.8813509,-0.5664161,-0.1037684,-40.1755976,10.5969684,-11.2569782,255,0,0
50.75,571.239,571.239,9.27143324e-7,0,0,0,0,0.8845972,-0.579053,-0.0630661,-40.5348125,9.9477037,-10.5548421,255,0,0
50.8,570.561,570.561,9.3272182e-7,0,0,0,0,0.8877113,-0.5887252,-0.0211427,-40.8563077,9.4117517,-9.7955218,255,0,0
50.85,569.883,569.883,9.3833388e-7,0,0,0,0,0.8906989,-0.5953242,0.0217641,-41.1382653,8.9953673,-8.9909083,255,0,0
50.9,569.205,569.205,9.43979708e-7,0,0,0,0,0.8935655,-0.5987625,0.0654067,-41.3789164,8.7035635,-8.1536499,255,0,0
50.95,568.527,568.527,9.49659506e-7,0,0,0,0,0.896316,-0.5989754,0.1095298,-41.5765478,8.5400147,-7.2970164,255,0,0
51,567.849,567.849,9.55373478e-7,0,0,0,0,0.8989552,-0.5959213,0.1538719,-41.7295093,8.5069758,-6.4347489,255,0,0
51.05,567.171,567.171,9.61121831e-7,0,0,0,0,0.9014874,-0.5895823,0.1981686,-41.8362206,8.6052193,-5.5809007,255,0,0
51.1,566.493,566.493,9.66904771e-7,0,0,0,0,0.9039165,-0.5799645,0.2421542,-41.8951784,8.8339907,-4.7496677,255,0,0
51.15,565.815,565.815,9.72722506e-7,0,0,0,0,0.9062459,-0.5670982,0.2855645,-41.9049633,9.1909849,-3.9552144,255,0,0
51.2,565.137,565.137,9.78575245e-7,0,0,0,0,0.9084788,-0.5510374,0.3281392,-41.8642471,9.672344,-3.2114953,255,0,0
51.25,564.459,564.459,9.844632e-7,0,0,0,0,0.9106176,-0.5318596,0.369624,-41.7717988,10.2726753,-2.5320755,255,0,0
51.3,563.781,563.781,9.90386581e-7,0,0,0,0,0.9126644,-0.5096648,0.409773,-41.6264919,10.9850933,-1.9299537,255,0,0
51.35,563.103,563.103,9.96345603e-7,0,0,0,0,0.9146208,-0.4845745,0.4483512,-41.4273105,11.8012813,-1.4173897,255,0,0
51.4,562.425,562.425,0.00000100234048,0,0,0,0,0.9164878,-0.4567309,0.485136,-41.1733551,12.7115749,-1.0057395,255,0,0
51.45,561.747,561.747,0.00000100837143,0,0,0,0,0.9182658,-0.4262951,0.5199198,-40.8638489,13.7050657,-0.7053009,255,0,0
51.5,561.069,561.069,0.00000101443866,0,0,0,0,0.9199548,-0.3934454,0.5525109,-40.498143,14.7697228,-0.5251712,255,0,0
51.55,560.391,560.391,0.0000010205424,0,0,0,0,0.9215541,-0.3583759,0.5827361,-40.0757215,15.8925315,-0.4731213,255,0,0
51.6,559.714,559.714,0.00000102668287,0,0,0,0,0.9230625,-0.3212943,0.6104412,-39.5962063,17.0596471,-0.5554855,255,0,0
51.65,559.036,559.036,0.00000103286028,0,0,0,0,0.9244781,-0.2824198,0.6354924,-39.0593614,18.256561,-0.7770718,255,0,0
51.7,558.358,558.358,0.00000103907486,0,0,0,0,0.9257986,-0.2419811,0.6577774,-38.4650966,19.4682765,-1.141092,255,0,0
51.75,557.68,557.68,0.00000104532683,0,0,0,0,0.927021,-0.2002141,0.6772058,-37.8134711,20.6794925,-1.6491132,255,0,0
51.8,557.002,557.002,0.00000105161642,0,0,0,0,0.9281416,-0.1573597,0.6937096,-37.1046958,21.8747913,-2.3010331,255,0,0
51.85,556.324,556.324,0.00000105794385,0,0,0,0,0.9291564,-0.1136615,0.7072434,-36.3391359,23.0388278,-3.0950766,255,0,0
51.9,555.646,555.646,0.00000106430936,0,0,0,0,0.9300605,-0.0693634,0.7177841,-35.5173125,24.1565178,-4.0278159,255,0,0
51.95,554.968,554.968,0.00000107071316,0,0,0,0,0.9308487,-0.0247078,0.7253308,-34.6399036,25.2132215,-5.0942131,255,0,0
52,554.29,554.29,0.0000010771555,0,0,0,0,0.9315151,0.0200668,0.7299042,-33.7077447,26.1949202,-6.2876844,255,0,0
52.05,553.612,553.612,0.0000010836366,0,0,0,0,0.9320533,0.0647279,0.7315459,-32.7218281,27.0883834,-7.6001839,255,0,0
52.1,552.934,552.934,0.00000109015669,0,0,0,0,0.9324563,0.1090505,0.730317,-31.6833028,27.8813232,-9.0223075,255,0,0
52.15,552.256,552.256,0.00000109671602,0,0,0,0,0.9327167,0.1528194,0.7262977,-30.5934726,28.562535,-10.5434126,255,0,0
52.2,551.578,551.578,0.00000110331481,0,0,0,0,0.9328266,0.1958303,0.7195854,-29.4537936,29.1220213,-12.151754,255,0,0
52.25,550.9,550.9,0.0000011099533,0,0,0,0,0.9327775,0.2378912,0.7102935,-28.2658724,29.5510981,-13.8346316,255,0,0
52.3,550.222,550.222,0.00000111663174,0,0,0,0,0.9325607,0.2788244,0.6985499,-27.0314617,29.8424816,-15.578549,255,0,0
52.35,549.544,549.544,0.00000112335036,0,0,0,0,0.9321668,0.3184663,0.6844951,-25.7524567,29.9903549,-17.3693788,255,0,0
52.4,548.866,548.866,0.00000113010941,0,0,0,0,0.9315863,0.3566694,0.6682808,-24.4308901,29.9904144,-19.1925341,255,0,0
52.45,548.188,548.188,0.00000113690913,0,0,0,0,0.9308091,0.3933021,0.6500681,-23.0689271,29.839895,-21.0331415,255,0,0
52.5,547.51,547.51,0.00000114374975,0,0,0,0,0.9298251,0.4282499,0.6300254,-21.6688592,29.537574,-22.876214,255,0,0
52.55,546.832,546.832,0.00000115063154,0,0,0,0,0.9286236,0.4614147,0.6083271,-20.2330977,29.0837557,-24.7068212,255,0,0
52.6,546.154,546.154,0.00000115755473,0,0,0,0,0.9271939,0.4927158,0.5851515,-18.7641667,28.4802363,-26.510254,255,0,0
52.65,545.476,545.476,0.00000116451958,0,0,0,0,0.925525,0.5220892,0.5606796,-17.2646954,27.7302497,-28.2721819,255,0,0
52.7,544.798,544.798,0.00000117152634,0,0,0,0,0.9236057,0.5494874,0.5350927,-15.7374102,26.8383974,-29.9788008,255,0,0
52.75,544.12,544.12,0.00000117857526,0,0,0,0,0.9214248,0.574879,0.5085715,-14.1851261,25.8105623,-31.6169688,255,0,0
52.8,543.442,543.442,0.00000118566658,0,0,0,0,0.9189709,0.5982482,0.4812946,-12.6107375,24.6538094,-33.1743304,255,0,0
52.85,542.764,542.764,0.00000119280058,0,0,0,0,0.9162328,0.619594,0.4534366,-11.0172092,23.3762743,-34.6394248,255,0,0
52.9,542.086,542.086,0.0000011999775,0,0,0,0,0.913199,0.6389292,0.4251678,-9.4075667,21.9870431,-36.0017804,255,0,0
52.95,541.408,541.408,0.0000012071976,0,0,0,0,0.9098583,0.6562796,0.396652,-7.7848862,20.4960235,-37.2519922,255,0,0
53,540.73,540.73,0.00000121446114,0,0,0,0,0.9061996,0.6716833,0.3680467,-6.1522842,18.9138116,-38.381784,255,0,0
53.05,540.052,540.052,0.00000122176839,0,0,0,0,0.9022118,0.6851891,0.3395011,-4.5129077,17.251555,-39.3840534,255,0,0
53.1,539.374,539.374,0.00000122911961,0,0,0,0,0.897884,0.6968555,0.3111564,-2.8699231,15.5208149,-40.2529004,255,0,0
53.15,538.696,538.696,0.00000123651505,0,0,0,0,0.8932058,0.7067499,0.2831447,-1.2265062,13.733429,-40.9836411,255,0,0
53.2,538.018,538.018,0.000001243955,0,0,0,0,0.8881668,0.7149472,0.2555885,0.414169,11.9013766,-41.5728045,255,0,0
53.25,537.34,537.34,0.0000012514397,0,0,0,0,0.8827571,0.7215286,0.2286008,2.0489403,10.0366488,-42.0181166,255,0,0
53.3,536.662,536.662,0.00000125896945,0,0,0,0,0.876967,0.7265806,0.2022844,3.6746682,8.1511241,-42.3184698,255,0,0
53.35,535.984,535.984,0.0000012665445,0,0,0,0,0.8707873,0.7301937,0.1767324,5.2882461,6.2564511,-42.4738807,255,0,0
53.4,535.306,535.306,0.00000127416512,0,0,0,0,0.8642094,0.7324616,0.1520278,6.8866107,4.3639404,-42.4854367,255,0,0
53.45,534.628,534.628,0.0000012818316,0,0,0,0,0.8572249,0.7334799,0.1282437,8.4667517,2.484465,-42.3552332,255,0,0
53.5,533.95,533.95,0.00000128954421,0,0,0,0,0.849826,0.7333453,0.1054437,10.0257219,0.6283713,-42.0863026,255,0,0
53.55,533.272,533.272,0.00000129730322,0,0,0,0,0.8420058,0.7321547,0.083682,11.5606461,-1.1945993,-41.6825368,255,0,0
53.6,532.594,532.594,0.00000130510892,0,0,0,0,0.8337574,0.7300042,0.063004,13.0687306,-2.9753778,-41.1486042,255,0,0
53.65,531.916,531.916,0.00000131296158,0,0,0,0,0.8250749,0.7269885,0.0434463,14.5472718,-4.7056234,-40.4898632,255,0,0
53.7,531.238,531.238,0.00000132086149,0,0,0,0,0.8159531,0.7232,0.0250376,15.993664,-6.3777688,-39.7122737,255,0,0
53.75,530.56,530.56,0.00000132880894,0,0,0,0,0.8063871,0.7187285,0.0077991,17.4054076,-7.985054,-38.8223075,255,0,0
53.8,529.882,529.882,0.0000013368042,0,0,0,0,0.7963731,0.7136602,-0.0082551,18.7801161,-9.5215495,-37.8268586,255,0,0
53.85,529.204,529.204,0.00000134484757,0,0,0,0,0.7859078,0.7080777,-0.0231173,20.1155228,-10.982169,-36.7331554,255,0,0
53.9,528.526,528.526,0.00000135293934,0,0,0,0,0.7749887,0.7020592,-0.0367859,21.4094869,-12.3626732,-35.5486758,255,0,0
53.95,527.848,527.848,0.00000136107979,0,0,0,0,0.7636138,0.6956783,-0.0492643,22.6599992,-13.6596637,-34.2810654,255,0,0
54,527.17,527.17,0.00000136926922,0,0,0,0,0.7517824,0.689004,-0.0605612,23.8651869,-14.8705692,-32.9380596,255,0,0
54.05,526.492,526.492,0.00000137750793,0,0,0,0,0.739494,0.6820998,-0.0706889,25.0233179,-15.993624,-31.5274117,255,0,0
54.1,525.814,525.814,0.00000138579621,0,0,0,0,0.7267492,0.6750244,-0.079664,26.1328045,-17.0278402,-30.056826,255,0,0
54.15,525.136,525.136,0.00000139413436,0,0,0,0,0.7135493,0.6678311,-0.0875059,27.1922068,-17.9729734,-28.5338968,255,0,0
54.2,524.458,524.458,0.00000140252267,0,0,0,0,0.6998964,0.6605677,-0.0942368,28.2002346,-18.8294842,-26.9660538,255,0,0
54.25,523.78,523.78,0.00000141096146,0,0,0,0,0.6857934,0.6532768,-0.0998814,29.1557495,-19.5984953,-25.3605147,255,0,0
54.3,523.102,523.102,0.00000141945103,0,0,0,0,0.6712439,0.6459956,-0.104466,30.057766,-20.2817456,-23.7242431,255,0,0
54.35,522.424,522.424,0.00000142799167,0,0,0,0,0.6562523,0.6387561,-0.1080185,30.9054523,-20.881541,-22.0639144,255,0,0
54.4,521.746,521.746,0.0000014365837,0,0,0,0,0.6408238,0.6315852,-0.1105677,31.6981295,-21.4007047,-20.3858869,255,0,0
54.45,521.068,521.068,0.00000144522743,0,0,0,0,0.6249644,0.6245047,-0.1121436,32.4352717,-21.8425256,-18.6961805,255,0,0
54.5,520.39,520.39,0.00000145392317,0,0,0,0,0.6086808,0.6175318,-0.1127764,33.1165044,-22.2107066,-17.0004602,255,0,0
54.55,519.712,519.712,0.00000146267123,0,0,0,0,0.5919804,0.6106787,-0.1124968,33.7416026,-22.5093126,-15.3040264,255,0,0
54.6,519.034,519.034,0.00000147147192,0,0,0,0,0.5748713,0.6039533,-0.1113356,34.3104886,-22.7427205,-13.6118097,255,0,0
54.65,518.356,518.356,0.00000148032557,0,0,0,0,0.5573624,0.5973593,-0.1093234,34.8232291,-22.9155686,-11.9283713,255,0,0
54.7,517.679,517.679,0.00000148923249,0,0,0,0,0.5394631,0.5908962,-0.1064908,35.2800316,-23.0327086,-10.2579074,255,0,0
54.75,517.001,517.001,0.000001498193,0,0,0,0,0.5211837,0.5845597,-0.1028682,35.6812409,-23.0991595,-8.6042585,255,0,0
54.8,516.323,516.323,0.00000150720742,0,0,0,0,0.5025349,0.5783419,-0.0984855,36.0273347,-23.1200626,-6.9709209,255,0,0
54.85,515.645,515.645,0.00000151627608,0,0,0,0,0.483528,0.5722315,-0.0933724,36.3189191,-23.1006401,-5.3610628,255,0,0
54.9,514.967,514.967,0.00000152539931,0,0,0,0,0.4641752,0.566214,-0.0875582,36.5567232,-23.046155,-3.777542,255,0,0
54.95,514.289,514.289,0.00000153457743,0,0,0,0,0.4444887,0.5602721,-0.0810718,36.7415942,-22.9618742,-2.2229262,255,0,0
55,513.611,513.611,0.00000154381078,0,0,0,0,0.4244818,0.5543856,-0.0739421,36.8744916,-22.8530337,-0.6995148,255,0,0
55.05,512.933,512.933,0.00000155309968,0,0,0,0,0.4041679,0.5485319,-0.0661975,36.9564814,-22.7248068,0.7906378,255,0,0
55.1,512.255,512.255,0.00000156244447,0,0,0,0,0.3835611,0.5426863,-0.0578665,36.9887298,-22.5822744,2.2456982,255,0,0
55.15,511.577,511.577,0.00000157184548,0,0,0,0,0.3626756,0.5368218,-0.0489776,36.9724973,-22.430398,3.6640297,255,0,0
55.2,510.899,510.899,0.00000158130306,0,0,0,0,0.3415264,0.53091,-0.0395593,36.9091319,-22.2739953,5.0441677,255,0,0
55.25,510.221,510.221,0.00000159081755,0,0,0,0,0.3201286,0.5249204,-0.0296404,36.8000628,-22.1177178,6.3847953,255,0,0
55.3,509.543,509.543,0.00000160038928,0,0,0,0,0.2984977,0.5188218,-0.0192503,36.6467938,-21.9660303,7.6847201,255,0,0
55.35,508.865,508.865,0.00000161001861,0,0,0,0,0.2766495,0.5125814,-0.0084185,36.4508966,-21.8231935,8.9428505,255,0,0
55.4,508.187,508.187,0.00000161970587,0,0,0,0,0.2546002,0.5061657,0.0028243,36.2140041,-21.6932474,10.158175,255,0,0
55.45,507.509,507.509,0.00000162945142,0,0,0,0,0.232366,0.4995406,0.0144469,35.937804,-21.5799968,11.3297411,255,0,0
55.5,506.831,506.831,0.00000163925561,0,0,0,0,0.2099635,0.4926715,0.0264171,35.6240318,-21.4869993,12.4566367,255,0,0
55.55,506.153,506.153,0.00000164911879,0,0,0,0,0.1874094,0.4855238,0.0387012,35.2744649,-21.4175537,13.5379727,255,0,0
55.6,505.475,505.475,0.00000165904131,0,0,0,0,0.1647206,0.4780629,0.0512646,34.8909156,-21.3746905,14.572868,255,0,0
55.65,504.797,504.797,0.00000166902354,0,0,0,0,0.141914,0.4702543,0.0640711,34.4752253,-21.3611634,15.5604356,255,0,0
55.7,504.119,504.119,0.00000167906583,0,0,0,0,0.1190067,0.4620645,0.077083,34.0292582,-21.3794427,16.4997714,255,0,0
55.75,503.441,503.441,0.00000168916854,0,0,0,0,0.0960158,0.4534605,0.0902609,33.5548956,-21.4317088,17.3899448,255,0,0
55.8,502.763,502.763,0.00000169933204,0,0,0,0,0.0729585,0.4444106,0.1035636,33.0540298,-21.519848,18.229991,255,0,0
55.85,502.085,502.085,0.00000170955669,0,0,0,0,0.049852,0.4348844,0.116948,32.5285591,-21.6454479,19.0189061,255,0,0
55.9,501.407,501.407,0.00000171984286,0,0,0,0,0.0267133,0.4248532,0.1303694,31.980382,-21.8097956,19.7556438,255,0,0
55.95,500.729,500.729,0.00000173019092,0,0,0,0,0.0035596,0.4142901,0.1437807,31.4113928,-22.013875,20.4391142,255,0,0
56,500.051,500.051,0.00000174060124,0,0,0,0,-0.0195921,0.4031707,0.1571332,30.8234761,-22.2583662,21.0681846,255,0,0
56.05,499.373,499.373,0.00000175107421,0,0,0,0,-0.0427248,0.3914728,0.170376,30.2185032,-22.5436456,21.641682,255,0,0
56.1,498.695,498.695,0.00000176161018,0,0,0,0,-0.0658219,0.3791773,0.1834563,29.5983268,-22.8697869,22.158398,255,0,0
56.15,498.017,498.017,0.00000177220955,0,0,0,0,-0.0888665,0.366268,0.1963195,28.9647782,-23.2365626,22.6170949,255,0,0
56.2,497.339,497.339,0.0000017828727,0,0,0,0,-0.1118422,0.3527322,0.2089091,28.3196627,-23.643447,23.0165132,255,0,0
56.25,496.661,496.661,0.0000017936,0,0,0,0,-0.1347326,0.3385608,0.2211671,27.6647569,-24.0896201,23.3553812,255,0,0
56.3,495.578,495.578,0.00000180698239,0,0,0,0,-0.1575216,0.3237488,0.2330339,27.0018051,-24.5739721,23.6324255,255,0,0
56.35,494.494,494.494,0.00000182046463,0,0,0,0,-0.1801932,0.3082954,0.2444484,26.3325169,-25.0951091,23.8463825,255,0,0
56.4,493.411,493.411,0.00000183404747,0,0,0,0,-0.2027316,0.2922043,0.2553488,25.6585644,-25.65136,23.9960115,255,0,0
56.45,492.328,492.328,0.00000184773164,0,0,0,0,-0.2251214,0.275484,0.265672,24.9815802,-26.2407842,24.080108,255,0,0
56.5,491.244,491.244,0.00000186151792,0,0,0,0,-0.2473474,0.2581481,0.2753546,24.3031551,-26.86118,24.097518,255,0,0
56.55,490.161,490.161,0.00000187540706,0,0,0,0,-0.2693945,0.2402151,0.284333,23.6248369,-27.5100951,24.0471527,255,0,0
56.6,489.078,489.078,0.00000188939983,0,0,0,0,-0.291248,0.2217095,0.2925436,22.9481284,-28.1848366,23.9280034,255,0,0
56.65,487.994,487.994,0.000001903497,0,0,0,0,-0.3128936,0.2026609,0.2999234,22.2744866,-28.8824836,23.7391571,255,0,0
56.7,486.911,486.911,0.00000191769936,0,0,0,0,-0.334317,0.1831049,0.3064105,21.6053216,-29.5998996,23.4798111,255,0,0
56.75,485.827,485.827,0.00000193200768,0,0,0,0,-0.3555045,0.163083,0.311944,20.9419957,-30.3337461,23.1492883,255,0,0
56.8,484.744,484.744,0.00000194642275,0,0,0,0,-0.3764425,0.1426424,0.3164652,20.2858234,-31.0804978,22.7470518,255,0,0
56.85,483.661,483.661,0.00000196094539,0,0,0,0,-0.3971178,0.1218365,0.3199179,19.6380704,-31.8364579,22.272719,255,0,0
56.9,482.577,482.577,0.00000197557637,0,0,0,0,-0.4175175,0.1007244,0.3222486,18.999954,-32.5977744,21.7260748,255,0,0
56.95,481.494,481.494,0.00000199031653,0,0,0,0,-0.4376291,0.0793712,0.3234073,18.372643,-33.3604573,21.1070848,255,0,0
57,480.411,480.411,0.00000200516666,0,0,0,0,-0.4574402,0.0578477,0.3233481,17.757258,-34.1203963,20.4159069,255,0,0
57.05,479.327,479.327,0.00000202012759,0,0,0,0,-0.476939,0.0362303,0.3220298,17.1548713,-34.8733791,19.6529021,255,0,0
57.1,478.244,478.244,0.00000203520014,0,0,0,0,-0.4961138,0.0146007,0.3194163,16.5665082,-35.6151101,18.8186445,255,0,0
57.15,477.161,477.161,0.00000205038516,0,0,0,0,-0.5149535,-0.0069544,0.3154772,15.993147,-36.3412297,17.9139301,255,0,0
57.2,476.077,476.077,0.00000206568347,0,0,0,0,-0.5334472,-0.0283437,0.3101885,15.43572,-37.0473337,16.9397841,255,0,0
57.25,474.994,474.994,0.00000208109593,0,0,0,0,-0.5515842,-0.0494714,0.3035332,14.8951142,-37.7289929,15.8974672,255,0,0
57.3,473.911,473.911,0.00000209662339,0,0,0,0,-0.5693544,-0.0702381,0.2955015,14.3721726,-38.3817727,14.7884813,255,0,0
57.35,472.827,472.827,0.00000211226669,0,0,0,0,-0.5867479,-0.0905412,0.2860915,13.8676945,-39.001253,13.6145725,255,0,0
57.4,471.744,471.744,0.00000212802672,0,0,0,0,-0.6037552,-0.1102752,0.27531,13.382437,-39.583048,12.3777346,255,0,0
57.45,470.661,470.661,0.00000214390433,0,0,0,0,-0.620367,-0.1293331,0.2631723,12.9171161,-40.1228252,11.08021,255,0,0
57.5,469.577,469.577,0.00000215990041,0,0,0,0,-0.6365745,-0.1476064,0.249703,12.4724075,-40.6163253,9.7244906,255,0,0
57.55,468.494,468.494,0.00000217601584,0,0,0,0,-0.6523693,-0.164986,0.2349361,12.0489481,-41.0593807,8.3133162,255,0,0
57.6,467.41,467.41,0.00000219225151,0,0,0,0,-0.6677431,-0.1813634,0.2189155,11.6473365,-41.4479347,6.8496735,255,0,0
57.65,466.327,466.327,0.00000220860831,0,0,0,0,-0.6826882,-0.1966313,0.201695,11.2681347,-41.7780597,5.3367925,255,0,0
57.7,465.244,465.244,0.00000222508716,0,0,0,0,-0.6971971,-0.2106847,0.1833383,10.9118691,-42.0459753,3.7781431,255,0,0
57.75,464.16,464.16,0.00000224168896,0,0,0,0,-0.7112626,-0.2234213,0.1639193,10.5790309,-42.2480658,2.1774297,255,0,0
57.8,463.077,463.077,0.00000225841463,0,0,0,0,-0.7248781,-0.2347434,0.143522,10.2700782,-42.3808981,0.5385862,255,0,0
57.85,461.994,461.994,0.00000227526509,0,0,0,0,-0.738037,-0.244558,0.1222398,9.9854357,-42.4412384,-1.1342314,255,0,0
57.9,460.91,460.91,0.00000229224128,0,0,0,0,-0.7507333,-0.2527783,0.1001762,9.7254968,-42.4260691,-2.8366521,255,0,0
57.95,459.827,459.827,0.00000230934413,0,0,0,0,-0.7629611,-0.2593244,0.0774435,9.4906233,-42.3326053,-4.564098,255,0,0
58,458.744,458.744,0.00000232657458,0,0,0,0,-0.7747153,-0.2641247,0.054163,9.2811471,-42.1583112,-6.3117944,255,0,0
58.05,457.66,457.66,0.0000023439336,0,0,0,0,-0.7859906,-0.2671162,0.030464,9.0973701,-41.900916,-8.0747789,255,0,0
58.1,456.577,456.577,0.00000236142214,0,0,0,0,-0.7967823,-0.2682461,0.0064834,8.9395653,-41.5584303,-9.8479132,255,0,0
58.15,455.494,455.494,0.00000237904116,0,0,0,0,-0.8070861,-0.267472,-0.0176352,8.807977,-41.1291615,-11.6258952,255,0,0
58.2,454.41,454.41,0.00000239679164,0,0,0,0,-0.816898,-0.2647634,-0.0417423,8.702821,-40.6117296,-13.4032719,255,0,0
58.25,453.327,453.327,0.00000241467456,0,0,0,0,-0.8262144,-0.2601019,-0.0656836,8.6242854,-40.0050826,-15.174454,255,0,0
58.3,452.244,452.244,0.0000024326909,0,0,0,0,-0.8350318,-0.2534818,-0.0893009,8.5725302,-39.3085122,-16.933732,255,0,0
58.35,451.16,451.16,0.00000245084167,0,0,0,0,-0.8433473,-0.2449113,-0.1124333,8.5476877,-38.5216683,-18.6752929,255,0,0
58.4,450.077,450.077,0.00000246912787,0,0,0,0,-0.8511584,-0.2344121,-0.1349183,8.5498622,-37.644574,-20.3932391,255,0,0
58.45,448.994,448.994,0.0000024875505,0,0,0,0,-0.8584627,-0.2220206,-0.1565934,8.5791299,-36.6776401,-22.0816092,255,0,0
58.5,447.91,447.91,0.00000250611059,0,0,0,0,-0.8652585,-0.2077872,-0.1772968,8.6355386,-35.6216781,-23.7343999,255,0,0
58.55,446.827,446.827,0.00000252480916,0,0,0,0,-0.8715441,-0.1917773,-0.1968697,8.7191072,-34.4779134,-25.3455901,255,0,0
58.6,445.743,445.743,0.00000254364724,0,0,0,0,-0.8773183,-0.1740707,-0.2151567,8.8298255,-33.2479971,-26.9091675,255,0,0
58.65,444.66,444.66,0.00000256262588,0,0,0,0,-0.8825805,-0.1547613,-0.2320078,8.9676529,-31.9340163,-28.4191564,255,0,0
58.7,443.577,443.577,0.00000258174612,0,0,0,0,-0.8873301,-0.1339574,-0.2472796,9.1325183,-30.5385029,-29.8696483,255,0,0
58.75,442.493,442.493,0.00000260100902,0,0,0,0,-0.8915671,-0.1117806,-0.260837,9.3243189,-29.0644411,-31.254834,255,0,0
58.8,441.41,441.41,0.00000262041564,0,0,0,0,-0.8952919,-0.0883655,-0.2725538,9.5429192,-27.5152715,-32.5690387,255,0,0
58.85,440.327,440.327,0.00000263996707,0,0,0,0,-0.8985051,-0.0638589,-0.282315,9.7881502,-25.8948939,-33.8067575,255,0,0
58.9,439.243,439.243,0.00000265966436,0,0,0,0,-0.9012078,-0.0384188,-0.2900171,10.059808,-24.2076664,-34.9626947,255,0,0
58.95,438.16,438.16,0.00000267950863,0,0,0,0,-0.9034015,-0.0122135,-0.2955701,10.3576525,-22.458401,-36.0318025,255,0,0
59,437.077,437.077,0.00000269950095,0,0,0,0,-0.9050881,0.0145795,-0.2988977,10.6814066,-20.6523569,-37.009323,255,0,0
59.05,435.993,435.993,0.00000271964244,0,0,0,0,-0.9062699,0.0417751,-0.2999392,11.030754,-18.7952277,-37.8908298,255,0,0
59.1,434.91,434.91,0.00000273993421,0,0,0,0,-0.9069494,0.0691817,-0.2986494,11.4053385,-16.8931267,-38.6722707,255,0,0
59.15,433.827,433.827,0.00000276037738,0,0,0,0,-0.9071298,0.0966025,-0.2950001,11.8047622,-14.9525655,-39.3500107,255,0,0
59.2,432.743,432.743,0.00000278097309,0,0,0,0,-0.9068146,0.1238376,-0.2889801,12.2285838,-12.9804298,-39.9208742,255,0,0
59.25,431.66,431.66,0.00000280172246,0,0,0,0,-0.9060075,0.150685,-0.2805958,12.6763174,-10.9839483,-40.3821866,255,0,0
59.3,430.577,430.577,0.00000282262664,0,0,0,0,-0.9047129,0.1769428,-0.2698716,13.1474306,-8.9706585,-40.7318141,255,0,0
59.35,429.493,429.493,0.0000028436868,0,0,0,0,-0.9029356,0.2024105,-0.2568495,13.6413433,-6.9483665,-40.9682018,255,0,0
59.4,428.41,428.41,0.00000286490409,0,0,0,0,-0.9006805,0.2268908,-0.2415897,14.1574258,-4.9251017,-41.0904078,255,0,0
59.45,427.326,427.326,0.00000288627968,0,0,0,0,-0.8979532,0.2501914,-0.2241695,14.6949971,-2.9090676,-41.0981356,255,0,0
59.5,426.243,426.243,0.00000290781476,0,0,0,0,-0.8947597,0.2721267,-0.2046836,15.2533242,-0.9085872,-40.9917606,255,0,0
59.55,425.16,425.16,0.00000292951052,0,0,0,0,-0.8911063,0.2925189,-0.1832431,15.8316197,1.0679548,-40.7723525,255,0,0
59.6,424.076,424.076,0.00000295136816,0,0,0,0,-0.8869998,0.3112006,-0.1599745,16.4290411,3.0121744,-40.4416926,255,0,0
59.65,422.993,422.993,0.00000297338888,0,0,0,0,-0.8824474,0.3280152,-0.1350194,17.0446891,4.9157532,-40.0022843,255,0,0
59.7,421.91,421.91,0.0000029955739,0,0,0,0,-0.8774566,0.3428188,-0.1085328,17.6776068,6.7705055,-39.4573577,255,0,0
59.75,420.826,420.826,0.00000301792445,0,0,0,0,-0.8720354,0.3554816,-0.0806821,18.3267783,8.5684484,-38.8108667,255,0,0
59.8,419.743,419.743,0.00000304044176,0,0,0,0,-0.8661923,0.3658886,-0.0516457,18.9911279,10.3018712,-38.0674788,255,0,0
59.85,418.66,418.66,0.00000306312708,0,0,0,0,-0.8599361,0.373941,-0.0216119,19.6695193,11.9634061,-37.2325581,255,0,0
59.9,417.576,417.576,0.00000308598165,0,0,0,0,-0.8532759,0.3795569,0.0092235,20.3607552,13.5460976,-36.312139,255,0,0
59.95,416.493,416.493,0.00000310900675,0,0,0,0,-0.8462214,0.3826717,0.0406581,21.0635767,15.0434705,-35.3128937,255,0,0
60,415.41,415.41,0.00000313220364,0,0,0,0,-0.8387825,0.383239,0.0724846,21.776663,16.4495941,-34.2420908,255,0,0
60.05,414.326,414.326,0.00000315557361,0,4e-7,2e-7,-2e-7,-0.8309696,0.381231,0.1044933,22.4986317,17.7591444,-33.107547,255,0,0
60.1,413.243,413.243,0.00000317911794,0,9e-7,3e-7,-3e-7,-0.8227934,0.376638,0.136473,23.2280389,18.9674603,-31.9175715,255,0,0
60.15,412.16,412.16,0.00000320283795,0,0.0000013,5e-7,-4e-7,-0.8142649,0.3694691,0.1682131,23.9633796,20.0705946,-30.6809038,255,0,0
60.2,411.076,411.076,0.00000322673493,0,0.0000018,7e-7,-5e-7,-0.8053956,0.3597515,0.1995056,24.7030888,21.0653592,-29.4066453,255,0,0
60.25,409.993,409.993,0.00000325081022,0,0.0000022,9e-7,-6e-7,-0.7961972,0.3475306,0.2301464,25.4455422,21.9493624,-28.1041856,255,0,0
60.3,408.909,408.909,0.00000327506513,0,0.0000027,0.0000011,-6e-7,-0.7866817,0.3328688,0.2599372,26.1890578,22.7210386,-26.7831241,255,0,0
60.35,407.826,407.826,0.00000329950102,0,0.0000032,0.0000012,-6e-7,-0.7768615,0.3158454,0.2886871,26.9318975,23.3796697,-25.4531884,255,0,0
60.4,406.743,406.743,0.00000332411922,0,0.0000038,0.0000013,-6e-7,-0.7667491,0.2965552,0.3162139,27.6722691,23.9253975,-24.1241495,255,0,0
60.45,405.659,405.659,0.00000334892111,0,0.0000043,0.0000014,-6e-7,-0.7563576,0.2751079,0.3423458,28.4083287,24.3592266,-22.8057358,255,0,0
60.5,404.576,404.576,0.00000337390805,0,0.0000048,0.0000015,-5e-7,-0.7456999,0.2516269,0.3669222,29.1381829,24.6830184,-21.5075464,255,0,0
60.55,403.493,403.493,0.00000339908142,0,0.0000054,0.0000016,-5e-7,-0.7347894,0.2262478,0.3897953,29.8598926,24.8994748,-20.2389649,255,0,0
60.6,402.409,402.409,0.00000342444262,0,0.0000059,0.0000016,-4e-7,-0.7236398,0.1991172,0.4108311,30.5714757,25.0121133,-19.0090757,255,0,0
60.65,401.326,401.326,0.00000344999303,0,0.0000065,0.0000015,-3e-7,-0.7122646,0.1703916,0.4299097,31.2709108,25.0252322,-17.8265818,255,0,0
60.7,400.243,400.243,0.00000347573409,0,0.000007,0.0000015,-2e-7,-0.7006778,0.1402352,0.4469267,31.9561417,24.9438675,-16.6997281,255,0,0
60.75,399.159,399.159,0.00000350166721,0,0.0000075,0.0000014,-1e-7,-0.6888934,0.1088189,0.4617933,32.6250815,24.7737409,-15.6362285,255,0,0
60.8,398.076,398.076,0.00000352779381,0,0.000008,0.0000013,0,-0.6769254,0.0763188,0.4744367,33.2756173,24.5212008,-14.6431995,255,0,0
60.85,396.993,396.993,0.00000355411535,0,0.0000085,0.0000011,0,-0.6647881,0.0429142,0.4848006,33.9056153,24.1931558,-13.7271005,255,0,0
60.9,395.909,395.909,0.00000358063329,0,0.000009,0.000001,1e-7,-0.6524956,0.0087863,0.492845,34.5129264,23.7970025,-12.8936814,255,0,0
60.95,394.826,394.826,0.00000360734907,0,0.0000095,8e-7,1e-7,-0.6400621,-0.0258833,0.4985462,35.0953918,23.340548,-12.147939,255,0,0
61,393.743,393.743,0.00000363426419,0,0.0000099,6e-7,1e-7,-0.6275019,-0.0609142,0.5018963,35.6508489,22.8319284,-11.4940814,255,0,0
61.05,392.659,392.659,0.00000366138013,0,0.0000104,3e-7,1e-7,-0.6148291,-0.0961285,0.5029033,36.1771382,22.2795244,-10.9355018,255,0,0
61.1,391.576,391.576,0.00000368869839,0,0.0000108,1e-7,1e-7,-0.6020577,-0.1313526,0.5015903,36.6721091,21.6918748,-10.4747617,255,0,0
61.15,390.493,390.493,0.00000371622047,0,0.0000113,-1e-7,0,-0.5892016,-0.1664179,0.4979948,37.1336275,21.0775895,-10.1135836,255,0,0
61.2,389.409,389.409,0.0000037439479,0,0.0000117,-4e-7,-1e-7,-0.5762748,-0.2011624,0.492168,37.5595826,20.4452625,-9.8528526,255,0,0
61.25,388.326,388.326,0.00000377188221,0,0.0000122,-7e-7,-2e-7,-0.5632907,-0.2354316,0.4841741,37.9478943,19.8033872,-9.6926274,255,0,0
61.3,387.242,387.242,0.00000380002494,0,0.0000126,-9e-7,-4e-7,-0.5502627,-0.2690796,0.4740891,38.2965206,19.1602732,-9.6321607,255,0,0
61.35,386.159,386.159,0.00000382837765,0,0.0000131,-0.0000012,-7e-7,-0.5372041,-0.3019702,0.4619999,38.6034653,18.5239672,-9.6699267,255,0,0
61.4,385.076,385.076,0.0000038569419,0,0.0000136,-0.0000014,-0.000001,-0.5241276,-0.3339769,0.4480036,38.8667858,17.9021786,-9.8036578,255,0,0
61.45,383.992,383.992,0.00000388571928,0,0.0000141,-0.0000017,-0.0000013,-0.5110457,-0.3649844,0.4322056,39.0846013,17.30221,-10.0303872,255,0,0
61.5,382.909,382.909,0.00000391471137,0,0.0000146,-0.000002,-0.0000017,-0.4979707,-0.3948885,0.4147193,39.2550999,16.730894,-10.3464989,255,0,0
61.55,381.826,381.826,0.00000394391978,0,0.000015,-0.0000022,-0.0000021,-0.4849143,-0.423597,0.3956644,39.3765473,16.1945365,-10.7477827,255,0,0
61.6,380.742,380.742,0.00000397334612,0,0.0000155,-0.0000025,-0.0000026,-0.4718878,-0.4510293,0.3751659,39.4472943,15.6988676,-11.2294936,255,0,0
61.65,379.659,379.659,0.00000400299201,0,0.000016,-0.0000028,-0.0000031,-0.4589022,-0.4771171,0.353353,39.4657848,15.2489997,-11.7864155,255,0,0
61.7,378.576,378.576,0.0000040328591,0,0.0000164,-0.0000031,-0.0000037,-0.4459679,-0.5018041,0.330358,39.4305633,14.8493939,-12.4129269,255,0,0
61.75,377.492,377.492,0.00000406294903,0,0.0000168,-0.0000034,-0.0000043,-0.4330948,-0.5250461,0.3063151,39.3402828,14.503834,-13.1030696,255,0,0
61.8,376.409,376.409,0.00000409326347,0,0.0000172,-0.0000036,-0.0000049,-0.4202921,-0.5468106,0.2813595,39.1937117,14.2154092,-13.8506162,255,0,0
61.85,375.326,375.326,0.00000412380409,0,0.0000175,-0.0000039,-0.0000056,-0.4075689,-0.5670769,0.2556263,38.9897414,13.986504,-14.6491398,255,0,0
61.9,374.242,374.242,0.00000415457257,0,0.0000178,-0.0000042,-0.0000064,-0.3949331,-0.5858351,0.2292496,38.7273927,13.818797,-15.4920807,255,0,0
61.95,373.159,373.159,0.00000418557063,0,0.000018,-0.0000044,-0.0000072,-0.3823925,-0.6030862,0.2023614,38.4058226,13.7132662,-16.3728126,255,0,0
62,372.076,372.076,0.00000421679997,0,0.0000181,-0.0000047,-0.000008,-0.3699538,-0.6188414,0.1750915,38.0243303,13.6702019,-17.2847053,255,0,0
62.05,370.992,370.992,0.00000424826232,0,0.0000182,-0.0000049,-0.0000088,-0.3576235,-0.6331214,0.1475659,37.5823631,13.6892268,-18.2211847,255,0,0
62.1,369.909,369.909,0.00000427995942,0,0.0000182,-0.0000051,-0.0000097,-0.3454069,-0.6459558,0.1199066,37.0795213,13.7693214,-19.1757881,255,0,0
62.15,368.825,368.825,0.00000431189301,0,0.0000182,-0.0000052,-0.0000106,-0.3333092,-0.6573826,0.0922313,36.5155632,13.9088554,-20.1422158,255,0,0
62.2,367.742,367.742,0.00000434406486,0,0.0000181,-0.0000054,-0.0000116,-0.3213344,-0.6674472,0.0646524,35.8904095,14.1056245,-21.1143773,255,0,0
62.25,366.659,366.659,0.00000437647676,0,0.0000179,-0.0000054,-0.0000125,-0.3094859,-0.6762018,0.0372768,35.2041465,14.3568908,-22.0864322,255,0,0
62.3,365.575,365.575,0.00000440913049,0,0.0000177,-0.0000054,-0.0000135,-0.2977665,-0.683705,0.0102058,34.4570297,14.6594275,-23.0528256,255,0,0
62.35,364.492,364.492,0.00000444202785,0,0.0000175,-0.0000054,-0.0000145,-0.2861782,-0.6900201,-0.0164655,33.6494856,15.0095663,-24.008318,255,0,0
62.4,363.409,363.409,0.00000447517067,0,0.0000172,-0.0000053,-0.0000155,-0.2747222,-0.6952153,-0.0426481,32.7821141,15.4032469,-24.9480094,255,0,0
62.45,362.325,362.325,0.00000450856077,0,0.000017,-0.0000051,-0.0000165,-0.263399,-0.6993625,-0.0682592,31.8556893,15.8360688,-25.8673569,255,0,0
62.5,361.242,361.242,0.0000045422,0,0.0000167,-0.0000049,-0.0000175,-0.2522083,-0.7025366,-0.0932225,30.8711596,16.3033433,-26.7621882,255,0,0
62.55,359.747,359.747,0.00000458427937,0,0.0000164,-0.0000046,-0.0000185,-0.2411493,-0.7048147,-0.1174677,29.829648,16.8001471,-27.6287079,255,0,0
62.6,358.251,358.251,0.00000462674856,0,0.0000161,-0.0000043,-0.0000195,-0.2302201,-0.7062755,-0.1409309,28.7324504,17.3213742,-28.4635,255,0,0
62.65,356.756,356.756,0.00000466961119,0,0.0000158,-0.0000039,-0.0000205,-0.2194185,-0.7069988,-0.1635541,27.581034,17.8617891,-29.2635247,255,0,0
62.7,355.261,355.261,0.0000047128709,0,0.0000155,-0.0000035,-0.0000215,-0.2087412,-0.7070642,-0.1852852,26.377035,18.4160768,-30.0261107,255,0,0
62.75,353.766,353.766,0.00000475653138,0,0.0000152,-0.000003,-0.0000225,-0.1981846,-0.7065514,-0.2060775,25.1222548,18.9788931,-30.7489438,255,0,0
62.8,352.27,352.27,0.00000480059633,0,0.0000149,-0.0000026,-0.0000235,-0.1877441,-0.7055389,-0.2258899,23.8186562,19.544912,-31.4300518,255,0,0
62.85,350.775,350.775,0.0000048450695,0,0.0000145,-0.0000021,-0.0000245,-0.1774147,-0.7041037,-0.244686,22.4683586,20.1088714,-32.0677854,255,0,0
62.9,349.28,349.28,0.00000488995468,0,0.0000141,-0.0000015,-0.0000254,-0.1671906,-0.7023208,-0.2624345,21.0736326,20.6656156,-32.6607978,255,0,0
62.95,347.784,347.784,0.00000493525568,0,0.0000136,-0.000001,-0.0000264,-0.1570656,-0.7002628,-0.2791081,19.6368933,21.2101368,-33.2080205,255,0,0
63,346.289,346.289,0.00000498097635,0,0.000013,-6e-7,-0.0000273,-0.1470328,-0.6979995,-0.2946837,18.1606941,21.7376119,-33.708639,255,0,0
63.05,344.794,344.794,0.00000502712058,0,0.0000124,-1e-7,-0.0000281,-0.1370849,-0.695597,-0.309142,16.6477185,22.2434375,-34.1620663,255,0,0
63.1,343.298,343.298,0.00000507369229,0,0.0000117,3e-7,-0.000029,-0.1272141,-0.6931183,-0.3224667,15.1007722,22.7232623,-34.5679159,255,0,0
63.15,341.803,341.803,0.00000512069545,0,0.0000109,7e-7,-0.0000298,-0.117412,-0.690622,-0.3346448,13.5227744,23.1730153,-34.9259755,255,0,0
63.2,340.308,340.308,0.00000516813405,0,0.0000099,0.000001,-0.0000307,-0.1076698,-0.6881626,-0.3456657,11.9167484,23.5889323,-35.2361793,255,0,0
63.25,338.813,338.813,0.00000521601213,0,0.0000089,0.0000013,-0.0000314,-0.0979787,-0.6857902,-0.3555214,10.2858116,23.9675787,-35.4985831,255,0,0
63.3,337.317,337.317,0.00000526433375,0,0.0000078,0.0000015,-0.0000322,-0.0883291,-0.68355,-0.3642057,8.6331654,24.3058699,-35.7133388,255,0,0
63.35,335.822,335.822,0.00000531310303,0,0.0000066,0.0000017,-0.0000329,-0.0787114,-0.6814825,-0.3717142,6.9620848,24.6010881,-35.8806719,255,0,0
63.4,334.327,334.327,0.00000536232412,0,0.0000054,0.0000018,-0.0000336,-0.0691157,-0.679623,-0.3780439,5.2759065,24.850898,-36.0008595,255,0,0
63.45,332.831,332.831,0.00000541200119,0,0.000004,0.0000018,-0.0000342,-0.0595318,-0.6780016,-0.3831933,3.5780184,25.053358,-36.0742117,255,0,0
63.5,331.336,331.336,0.00000546213847,0,0.0000027,0.0000018,-0.0000348,-0.0499496,-0.6766433,-0.3871618,1.8718475,25.2069301,-36.1010548,255,0,0
63.55,329.841,329.841,0.00000551274023,0,0.0000013,0.0000018,-0.0000354,-0.0403588,-0.6755674,-0.3899495,0.1608483,25.3104869,-36.0817174,255,0,0
63.6,328.345,328.345,0.00000556381077,0,-2e-7,0.0000017,-0.0000359,-0.0307489,-0.6747881,-0.3915575,-1.5515092,25.3633167,-36.0165194,255,0,0
63.65,326.85,326.85,0.00000561535444,0,-0.0000016,0.0000016,-0.0000364,-0.0211097,-0.6743139,-0.3919875,-3.2617517,25.3651257,-35.9057639,255,0,0
63.7,325.355,325.355,0.00000566737561,0,-0.000003,0.0000015,-0.0000369,-0.0114308,-0.6741479,-0.3912416,-4.9664141,25.3160382,-35.7497319,255,0,0
63.75,323.86,323.86,0.0000057198787,0,-0.0000043,0.0000013,-0.0000373,-0.001702,-0.6742878,-0.3893227,-6.6620522,25.2165951,-35.5486814,255,0,0
63.8,322.364,322.364,0.00000577286819,0,-0.0000057,0.0000012,-0.0000376,0.0080866,-0.6747258,-0.3862341,-8.3452538,25.0677498,-35.3028478,255,0,0
63.85,320.869,320.869,0.00000582634858,0,-0.000007,0.000001,-0.000038,0.0179449,-0.6754487,-0.3819796,-10.012651,24.8708619,-35.0124488,255,0,0
63.9,319.374,319.374,0.00000588032442,0,-0.0000083,9e-7,-0.0000382,0.0278826,-0.6764379,-0.3765637,-11.6609313,24.6276893,-34.677692,255,0,0
63.95,317.878,317.878,0.0000059348003,0,-0.0000095,7e-7,-0.0000384,0.0379088,-0.6776697,-0.3699919,-13.2868489,24.3403779,-34.2987849,255,0,0
64,316.383,316.383,0.00000598978084,0,-0.0000108,5e-7,-0.0000386,0.0480324,-0.6791153,-0.3622703,-14.8872356,24.011449,-33.8759484,255,0,0
64.05,314.888,314.888,0.00000604527073,0,-0.000012,4e-7,-0.0000387,0.0582622,-0.6807408,-0.3534063,-16.459011,23.643785,-33.4094322,255,0,0
64.1,313.392,313.392,0.00000610127468,0,-0.0000132,2e-7,-0.0000387,0.0686062,-0.6825074,-0.3434083,-17.999193,23.2406127,-32.8995328,255,0,0
64.15,311.897,311.897,0.00000615779746,0,-0.0000145,0,-0.0000387,0.079072,-0.6843719,-0.3322866,-19.5049066,22.8054838,-32.3466133,255,0,0
64.2,310.402,310.402,0.00000621484387,0,-0.0000158,-2e-7,-0.0000386,0.0896668,-0.6862863,-0.3200528,-20.9733935,22.3422544,-31.7511253,255,0,0
64.25,308.907,308.907,0.00000627241877,0,-0.0000171,-5e-7,-0.0000385,0.1003974,-0.6881988,-0.3067208,-22.4020204,21.855061,-31.1136313,255,0,0
64.3,307.411,307.411,0.00000633052704,0,-0.0000185,-7e-7,-0.0000383,0.1112696,-0.6900534,-0.2923069,-23.7882864,21.3482946,-30.4348291,255,0,0
64.35,305.916,305.916,0.00000638917364,0,-0.00002,-0.000001,-0.000038,0.1222891,-0.6917903,-0.2768296,-25.1298308,20.8265726,-29.7155758,255,0,0
64.4,304.421,304.421,0.00000644836354,0,-0.0000215,-0.0000014,-0.0000377,0.1334605,-0.6933467,-0.2603108,-26.424439,20.294708,-28.9569126,255,0,0
64.45,302.925,302.925,0.00000650810178,0,-0.0000231,-0.0000018,-0.0000373,0.1447883,-0.6946564,-0.2427752,-27.6700487,19.7576766,-28.1600888,255,0,0
64.5,301.43,301.43,0.00000656839344,0,-0.0000248,-0.0000022,-0.0000368,0.1562757,-0.695651,-0.2242514,-28.8647548,19.2205815,-27.3265856,255,0,0
64.55,299.935,299.935,0.00000662924365,0,-0.0000265,-0.0000027,-0.0000363,0.1679257,-0.6962595,-0.2047716,-30.006814,18.6886157,-26.4581379,255,0,0
64.6,298.439,298.439,0.00000669065759,0,-0.0000282,-0.0000033,-0.0000357,0.1797403,-0.6964093,-0.1843722,-31.0946481,18.1670226,-25.5567551,255,0,0
64.65,296.944,296.944,0.00000675264046,0,-0.00003,-0.000004,-0.000035,0.191721,-0.6960265,-0.1630941,-32.1268471,17.6610542,-24.6247394,255,0,0
64.7,295.449,295.449,0.00000681519756,0,-0.0000318,-0.0000047,-0.0000342,0.2038685,-0.6950364,-0.1409829,-33.1021717,17.1759279,-23.6647015,255,0,0
64.75,293.953,293.953,0.00000687833418,0,-0.0000336,-0.0000054,-0.0000334,0.2161825,-0.6933641,-0.1180891,-34.0195538,16.7167814,-22.6795735,255,0,0
64.8,292.458,292.458,0.00000694205571,0,-0.0000353,-0.0000062,-0.0000325,0.2286623,-0.6909349,-0.0944684,-34.8780981,16.2886269,-21.6726179,255,0,0
64.85,290.963,290.963,0.00000700636757,0,-0.000037,-0.000007,-0.0000315,0.2413063,-0.687675,-0.0701819,-35.6770817,15.8963036,-20.6474331,255,0,0
64.9,289.468,289.468,0.00000707127521,0,-0.0000386,-0.0000078,-0.0000305,0.2541121,-0.6835124,-0.045296,-36.4159534,15.5444304,-19.6079547,255,0,0
64.95,287.972,287.972,0.00000713678416,0,-0.0000401,-0.0000086,-0.0000294,0.2670768,-0.6783769,-0.0198827,-37.0943321,15.2373575,-18.5584522,255,0,0
65,286.477,286.477,0.0000072029,0,-0.0000415,-0.0000093,-0.0000282,0.2801967,-0.6722012,0.0059803,-37.712005,14.9791193,-17.5035207,255,0,0
65.05,284.67,284.67,0.00000728278556,0,-0.0000428,-0.00001,-0.000027,0.2940738,-0.6647202,0.0321464,-38.2688695,14.7730689,-16.4484836,255,0,0
65.1,282.863,282.863,0.00000736355711,0,-0.000044,-0.0000107,-0.0000257,0.3080772,-0.6560604,0.0585875,-38.7650105,14.6221899,-15.3989651,255,0,0
65.15,281.055,281.055,0.00000744522447,0,-0.000045,-0.0000113,-0.0000244,0.3221995,-0.6461669,0.0852058,-39.2007442,14.5293436,-14.3604511,255,0,0
65.2,279.248,279.248,0.00000752779759,0,-0.000046,-0.0000117,-0.000023,0.3364325,-0.6349912,0.111898,-39.5765474,14.4968845,-13.3386719,255,0,0
65.25,277.441,277.441,0.0000076112865,0,-0.0000469,-0.0000121,-0.0000216,0.3507678,-0.622491,0.138556,-39.8930516,14.5266212,-12.3395675,255,0,0
65.3,275.634,275.634,0.00000769570137,0,-0.0000478,-0.0000123,-0.0000201,0.365196,-0.6086315,0.1650672,-40.1510372,14.6197809,-11.3692477,255,0,0
65.35,273.827,273.827,0.00000778105247,0,-0.0000486,-0.0000123,-0.0000186,0.3797072,-0.5933862,0.1913147,-40.3514275,14.7769773,-10.4339473,255,0,0
65.4,272.02,272.02,0.00000786735017,0,-0.0000493,-0.0000123,-0.0000171,0.3942908,-0.5767368,0.2171783,-40.4952814,14.9981852,-9.5399765,255,0,0
65.45,270.212,270.212,0.00000795460498,0,-0.0000501,-0.000012,-0.0000156,0.4089358,-0.5586745,0.2425348,-40.5837869,15.2827191,-8.6936678,255,0,0
65.5,268.405,268.405,0.00000804282751,0,-0.0000509,-0.0000116,-0.0000141,0.4236305,-0.5392004,0.2672587,-40.618253,15.6292183,-7.9013192,255,0,0
65.55,266.598,266.598,0.00000813202849,0,-0.0000517,-0.0000111,-0.0000126,0.4383628,-0.5183255,0.2912234,-40.6001026,16.0356392,-7.1691342,255,0,0
65.6,264.791,264.791,0.00000822221878,0,-0.0000526,-0.0000104,-0.0000112,0.45312,-0.496072,0.3143013,-40.5308638,16.4992532,-6.5031601,255,0,0
65.65,262.984,262.984,0.00000831340934,0,-0.0000535,-0.0000095,-0.0000097,0.4678892,-0.4724726,0.3363655,-40.4121625,17.0166524,-5.9092243,255,0,0
65.7,261.176,261.176,0.00000840561128,0,-0.0000545,-0.0000086,-0.0000083,0.4826568,-0.4475715,0.35729,-40.2457138,17.5837628,-5.3928706,255,0,0
65.75,259.369,259.369,0.00000849883581,0,-0.0000555,-0.0000075,-0.000007,0.497409,-0.4214242,0.3769514,-40.0333137,18.1958648,-4.9592952,255,0,0
65.8,257.562,257.562,0.00000859309427,0,-0.0000565,-0.0000063,-0.0000057,0.5121317,-0.3940977,0.3952295,-39.7768306,18.8476207,-4.6132836,255,0,0
65.85,255.755,255.755,0.00000868839812,0,-0.0000576,-0.000005,-0.0000045,0.5268105,-0.3656702,0.4120083,-39.4781973,19.5331104,-4.3591502,255,0,0
65.9,253.948,253.948,0.00000878475896,0,-0.0000586,-0.0000037,-0.0000033,0.5414307,-0.3362313,0.4271775,-39.1394025,20.2458738,-4.20068,255,0,0
65.95,252.141,252.141,0.00000888218852,0,-0.0000596,-0.0000023,-0.0000023,0.5559774,-0.3058812,0.4406333,-38.7624826,20.9789601,-4.1410742,255,0,0
66,250.333,250.333,0.00000898069865,0,-0.0000606,-9e-7,-0.0000014,0.5704355,-0.2747307,0.4522793,-38.3495134,21.7249839,-4.1829007,255,0,0
66.05,248.526,248.526,0.00000908030133,0,-0.0000615,5e-7,-5e-7,0.5847898,-0.2429008,0.4620281,-37.902603,22.4761866,-4.3280497,255,0,0
66.1,246.719,246.719,0.00000918100867,0,-0.0000622,0.0000019,2e-7,0.5990252,-0.2105213,0.4698018,-37.423883,23.2245039,-4.5776949,255,0,0
66.15,244.912,244.912,0.00000928283294,0,-0.0000629,0.0000033,7e-7,0.6131261,-0.1777308,0.4755331,-36.915502,23.9616374,-4.9322626,255,0,0
66.2,243.105,243.105,0.00000938578651,0,-0.0000634,0.0000047,0.0000012,0.6270774,-0.1446757,0.4791665,-36.3796179,24.67913,-5.391407,255,0,0
66.25,241.298,241.298,0.00000948988191,0,-0.0000638,0.0000061,0.0000014,0.6408635,-0.1115088,0.4806587,-35.8183911,25.3684446,-5.9539941,255,0,0
66.3,239.49,239.49,0.00000959513181,0,-0.0000641,0.0000074,0.0000016,0.6544693,-0.0783886,0.4799798,-35.2339777,26.0210441,-6.618093,255,0,0
66.35,237.683,237.683,0.00000970154901,0,-0.0000642,0.0000087,0.0000015,0.6678795,-0.045478,0.4771134,-34.6285238,26.6284733,-7.3809768,255,0,0
66.4,235.876,235.876,0.00000980914646,0,-0.0000642,0.00001,0.0000013,0.6810789,-0.012943,0.4720577,-34.0041589,27.18244,-8.2391305,255,0,0
66.45,234.069,234.069,0.00000991793724,0,-0.0000641,0.0000113,0.000001,0.6940527,0.0190484,0.4648257,-33.3629906,27.6748958,-9.1882691,255,0,0
66.5,232.262,232.262,0.0000100279346,0,-0.0000639,0.0000125,4e-7,0.7067861,0.050328,0.4554453,-32.7070993,28.0981142,-10.2233628,255,0,0
66.55,230.454,230.454,0.0000101391519,0,-0.0000637,0.0000137,-3e-7,0.7192644,0.0807285,0.4439598,-32.0385335,28.4447662,-11.3386711,255,0,0
66.6,228.647,228.647,0.0000102516027,0,-0.0000634,0.0000149,-0.0000011,0.7314734,0.1100849,0.4304275,-31.3593052,28.7079918,-12.5277844,255,0,0
66.65,226.84,226.84,0.0000103653007,0,-0.0000632,0.0000161,-0.0000022,0.7433989,0.1382363,0.414922,-30.6713858,28.8814666,-13.783673,255,0,0
66.7,225.033,225.033,0.0000104802596,0,-0.000063,0.0000172,-0.0000033,0.7550271,0.1650272,0.3975316,-29.9767023,28.9594627,-15.0987429,255,0,0
66.75,223.226,223.226,0.0000105964935,0,-0.0000628,0.0000183,-0.0000047,0.7663445,0.1903087,0.378359,-29.277134,28.9369036,-16.4648975,255,0,0
66.8,221.419,221.419,0.0000107140166,0,-0.0000627,0.0000194,-0.0000062,0.777338,0.2139404,0.3575205,-28.5745097,28.8094113,-17.873604,255,0,0
66.85,219.611,219.611,0.0000108328431,0,-0.0000627,0.0000204,-0.0000078,0.7879946,0.2357913,0.3351455,-27.8706049,28.5733468,-19.3159652,255,0,0
66.9,217.804,217.804,0.0000109529874,0,-0.0000627,0.0000214,-0.0000095,0.798302,0.2557414,0.3113757,-27.1671395,28.2258417,-20.7827938,255,0,0
66.95,215.997,215.997,0.0000110744642,0,-0.0000629,0.0000223,-0.0000114,0.8082479,0.2736829,0.2863637,-26.4657758,27.7648222,-22.2646898,255,0,0
67,214.19,214.19,0.0000111972883,0,-0.0000631,0.0000231,-0.0000134,0.8178208,0.2895208,0.260272,-25.7681175,27.1890244,-23.7521185,255,0,0
67.05,212.383,212.383,0.0000113214747,0,-0.0000634,0.0000237,-0.0000154,0.8270092,0.3031746,0.2332721,-25.0757077,26.498001,-25.2354903,255,0,0
67.1,210.575,210.575,0.0000114470383,0,-0.0000638,0.0000243,-0.0000176,0.8358024,0.3145787,0.2055427,-24.3900281,25.6921201,-26.7052392,255,0,0
67.15,208.768,208.768,0.0000115739945,0,-0.0000641,0.0000246,-0.0000198,0.8441898,0.3236833,0.1772683,-23.7124989,24.7725551,-28.1518997,255,0,0
67.2,206.961,206.961,0.0000117023588,0,-0.0000645,0.0000248,-0.000022,0.8521614,0.3304546,0.1486379,-23.0444777,23.7412675,-29.5661822,255,0,0
67.25,205.154,205.154,0.0000118321467,0,-0.0000648,0.0000248,-0.0000243,0.8597077,0.334876,0.1198434,-22.3872597,22.6009813,-30.9390451,255,0,0
67.3,203.347,203.347,0.0000119633741,0,-0.0000651,0.0000246,-0.0000266,0.8668195,0.3369474,0.0910777,-21.7420779,21.3551515,-32.2617621,255,0,0
67.35,201.54,201.54,0.0000120960569,0,-0.0000652,0.0000241,-0.0000288,0.8734883,0.3366859,0.0625335,-21.110103,20.0079257,-33.5259862,255,0,0
67.4,199.732,199.732,0.0000122302112,0,-0.0000653,0.0000234,-0.0000311,0.8797057,0.3341255,0.0344012,-20.4924446,18.5640996,-34.723808,255,0,0
67.45,197.925,197.925,0.0000123658534,0,-0.0000653,0.0000223,-0.0000333,0.8854641,0.3293169,0.0068676,-19.8901513,17.0290685,-35.847808,255,0,0
67.5,196.118,196.118,0.000012503,0,-0.0000651,0.000021,-0.0000354,0.8907562,0.322327,-0.0198856,-19.3042119,15.4087739,-36.8911034,255,0,0
67.55,194.037,194.037,0.0000126682216,0,-0.0000648,0.0000194,-0.0000375,0.8955752,0.3132384,-0.0456838,-18.7355564,13.7096466,-37.8473884,255,0,0
67.6,191.955,191.955,0.0000128356265,0,-0.0000644,0.0000176,-0.0000395,0.8999148,0.3021486,-0.0703605,-18.1850571,11.9385477,-38.7109676,255,0,0
67.65,189.874,189.874,0.0000130052436,0,-0.0000639,0.0000155,-0.0000413,0.9037692,0.2891691,-0.0937587,-17.6535298,10.1027074,-39.4767836,255,0,0
67.7,187.792,187.792,0.0000131771021,0,-0.0000633,0.0000131,-0.0000431,0.9071329,0.2744246,-0.1157326,-17.1417356,8.2096626,-40.1404372,255,0,0
67.75,185.711,185.711,0.0000133512316,0,-0.0000627,0.0000105,-0.0000447,0.9100011,0.2580514,-0.1361482,-16.6503817,6.2671942,-40.6982015,255,0,0
67.8,183.629,183.629,0.0000135276622,0,-0.0000621,0.0000076,-0.0000461,0.9123693,0.2401966,-0.1548847,-16.1801235,4.2832653,-41.1470295,255,0,0
67.85,181.548,181.548,0.0000137064242,0,-0.0000616,0.0000046,-0.0000474,0.9142335,0.2210166,-0.1718354,-15.7315659,2.2659596,-41.4845561,255,0,0
67.9,179.466,179.466,0.0000138875485,0,-0.0000611,0.0000015,-0.0000485,0.9155902,0.2006758,-0.1869081,-15.3052648,0.2234219,-41.7090938,255,0,0
67.95,177.385,177.385,0.0000140710662,0,-0.0000607,-0.0000018,-0.0000494,0.9164363,0.1793448,-0.2000262,-14.9017289,-1.8361996,-41.8196233,255,0,0
68,175.303,175.303,0.0000142570091,0,-0.0000604,-0.0000051,-0.0000501,0.9167692,0.157199,-0.2111285,-14.5214213,-3.9048076,-41.8157796,255,0,0
68.05,173.222,173.222,0.0000144454091,0,-0.0000602,-0.0000085,-0.0000506,0.9165867,0.1344176,-0.2201702,-14.164761,-5.9744086,-41.6978328,255,0,0
68.1,171.14,171.14,0.0000146362988,0,-0.0000602,-0.0000119,-0.0000509,0.915887,0.1111811,-0.2271225,-13.8321244,-8.0371604,-41.466666,255,0,0
68.15,169.059,169.059,0.0000148297109,0,-0.0000603,-0.0000153,-0.0000509,0.9146689,0.0876706,-0.2319726,-13.5238473,-10.0854182,-41.1237486,255,0,0
68.2,166.977,166.977,0.000015025679,0,-0.0000606,-0.0000186,-0.0000508,0.9129315,0.0640656,-0.2347239,-13.2402258,-12.1117753,-40.6711079,255,0,0
68.25,164.896,164.896,0.0000152242366,0,-0.000061,-0.0000219,-0.0000504,0.9106743,0.0405433,-0.235395,-12.981518,-14.1091007,-40.1112968,255,0,0
68.3,162.814,162.814,0.0000154254181,0,-0.0000615,-0.000025,-0.0000499,0.9078973,0.0172763,-0.2340199,-12.7479455,-16.070573,-39.4473608,255,0,0
68.35,160.733,160.733,0.0000156292581,0,-0.0000621,-0.000028,-0.0000491,0.9046009,-0.0055679,-0.2306469,-12.5396947,-17.9897097,-38.6828028,255,0,0
68.4,158.651,158.651,0.0000158357918,0,-0.0000627,-0.0000309,-0.0000481,0.9007857,-0.0278288,-0.2253381,-12.3569177,-19.8603933,-37.8215467,255,0,0
68.45,156.57,156.57,0.0000160450547,0,-0.0000633,-0.0000336,-0.0000468,0.8964531,-0.0493537,-0.2181683,-12.1997338,-21.6768933,-36.8679007,255,0,0
68.5,154.488,154.488,0.000016257083,0,-0.000064,-0.0000362,-0.0000454,0.8916045,-0.0699988,-0.2092243,-12.0682304,-23.4338849,-35.8265199,255,0,0
68.55,152.407,152.407,0.0000164719131,0,-0.0000645,-0.0000386,-0.0000438,0.886242,-0.0896303,-0.1986037,-11.9624642,-25.1264634,-34.7023687,255,0,0
68.6,150.325,150.325,0.0000166895821,0,-0.000065,-0.0000409,-0.000042,0.8803678,-0.1081251,-0.186414,-11.8824614,-26.7501567,-33.5006844,255,0,0
68.65,148.244,148.244,0.0000169101275,0,-0.0000654,-0.0000431,-0.0000401,0.8739847,-0.1253714,-0.172771,-11.8282195,-28.3009328,-32.2269398,255,0,0
68.7,146.162,146.162,0.0000171335873,0,-0.0000657,-0.0000451,-0.0000379,0.8670958,-0.1412693,-0.1577979,-11.7997067,-29.7752066,-30.8868077,255,0,0
68.75,144.081,144.081,0.00001736,0,-0.0000659,-0.000047,-0.0000356,0.8597045,-0.1557314,-0.1416243,-11.7968637,-31.1698417,-29.4861259,255,0,0
68.8,141.792,141.792,0.0000176253525,0,-0.000066,-0.0000488,-0.0000332,0.8518147,-0.1686829,-0.1243842,-11.8196032,-32.4821517,-28.0308631,255,0,0
68.85,139.503,139.503,0.000017894761,0,-0.000066,-0.0000505,-0.0000306,0.8434304,-0.1800619,-0.1062155,-11.8678106,-33.7098975,-26.5270857,255,0,0
68.9,137.213,137.213,0.0000181682875,0,-0.0000659,-0.0000521,-0.000028,0.8345563,-0.1898192,-0.0872582,-11.9413444,-34.8512838,-24.9809267,255,0,0
68.95,134.924,134.924,0.0000184459949,0,-0.0000658,-0.0000536,-0.0000252,0.8251972,-0.1979185,-0.0676537,-12.0400359,-35.9049527,-23.3985547,255,0,0
69,132.635,132.635,0.0000187279471,0,-0.0000657,-0.000055,-0.0000224,0.8153582,-0.2043362,-0.0475431,-12.1636895,-36.8699759,-21.7861453,255,0,0
69.05,130.346,130.346,0.0000190142091,0,-0.0000656,-0.0000563,-0.0000195,0.805045,-0.2090607,-0.0270665,-12.3120829,-37.7458455,-20.1498533,255,0,0
69.1,128.056,128.056,0.0000193048466,0,-0.0000655,-0.0000576,-0.0000165,0.7942634,-0.2120926,-0.0063615,-12.4849661,-38.5324623,-18.495786,255,0,0
69.15,125.767,125.767,0.0000195999267,0,-0.0000656,-0.0000587,-0.0000135,0.7830196,-0.2134436,0.0144373,-12.6820621,-39.230124,-16.8299789,255,0,0
69.2,123.478,123.478,0.0000198995171,0,-0.0000658,-0.0000598,-0.0000105,0.7713201,-0.2131363,0.0351997,-12.9030658,-39.8395111,-15.1583715,255,0,0
69.25,121.189,121.189,0.0000202036868,0,-0.0000662,-0.0000607,-0.0000074,0.7591718,-0.2112035,0.0558004,-13.1476441,-40.3616721,-13.486786,255,0,0
69.3,118.899,118.899,0.0000205125059,0,-0.0000668,-0.0000615,-0.0000044,0.7465819,-0.2076873,0.0761201,-13.4154352,-40.7980076,-11.8209059,255,0,0
69.35,116.61,116.61,0.0000208260453,0,-0.0000675,-0.0000621,-0.0000014,0.7335578,-0.2026387,0.0960458,-13.7060479,-41.1502528,-10.1662574,255,0,0
69.4,114.321,114.321,0.0000211443773,0,-0.0000684,-0.0000626,0.0000015,0.7201073,-0.1961163,0.1154716,-14.0190612,-41.42046,-8.5281909,255,0,0
69.45,112.032,112.032,0.0000214675751,0,-0.0000695,-0.0000629,0.0000044,0.7062385,-0.1881859,0.1342994,-14.3540235,-41.6109794,-6.9118655,255,0,0
69.5,109.742,109.742,0.000021795713,0,-0.0000707,-0.0000629,0.0000073,0.6919597,-0.1789194,0.1524387,-14.7104522,-41.7244394,-5.3222333,255,0,0
69.55,107.453,107.453,0.0000221288667,0,-0.0000721,-0.0000628,0.0000101,0.6772798,-0.168394,0.1698075,-15.0878322,-41.7637265,-3.7640269,255,0,0
69.6,105.164,105.164,0.0000224671126,0,-0.0000735,-0.0000624,0.0000128,0.6622076,-0.1566915,0.1863324,-15.4856161,-41.7319637,-2.2417465,255,0,0
69.65,102.875,102.875,0.0000228105288,0,-0.000075,-0.0000617,0.0000153,0.6467525,-0.1438969,0.2019483,-15.9032228,-41.632489,-0.7596505,255,0,0
69.7,100.585,100.585,0.0000231591942,0,-0.0000764,-0.0000609,0.0000178,0.630924,-0.1300985,0.216599,-16.3400366,-41.4688333,0.6782541,255,0,0
69.75,98.296,98.296,0.000023513189,0,-0.0000779,-0.0000597,0.0000202,0.6147319,-0.1153861,0.230237,-16.795407,-41.2446974,2.0682185,255,0,0
69.8,96.007,96.007,0.0000238725947,0,-0.0000792,-0.0000584,0.0000224,0.5981864,-0.0998507,0.2428233,-17.2686475,-40.9639295,3.406758,255,0,0
69.85,93.718,93.718,0.0000242374941,0,-0.0000805,-0.0000568,0.0000245,0.5812979,-0.0835839,0.2543273,-17.7590349,-40.6305011,4.6906563,255,0,0
69.9,91.428,91.428,0.000024607971,0,-0.0000816,-0.000055,0.0000265,0.564077,-0.0666768,0.2647264,-18.2658086,-40.2484844,5.916968,255,0,0
69.95,89.139,89.139,0.0000249841108,0,-0.0000827,-0.000053,0.0000283,0.5465348,-0.0492196,0.2740062,-18.7881702,-39.822028,7.0830194,255,0,0
70,86.85,86.85,0.000025366,0,-0.0000835,-0.0000509,0.00003,0.5286823,-0.0313008,0.2821598,-19.3252825,-39.3553341,8.1864085,255,255,0
70.05,85.49,85.49,0.0000256297717,0,-0.0001115,-0.0000644,0.0000417,0.510531,-0.0130068,0.2891872,-19.8754732,-38.8510781,9.2246334,255,255,0
70.1,84.13,84.13,0.0000258962863,0,-0.0001396,-0.0000762,0.0000541,0.4920927,0.0055785,0.2950955,-20.4385774,-38.3150977,10.196119,255,255,0
70.15,82.77,82.77,0.0000261655722,0,-0.0001676,-0.0000862,0.0000668,0.4733792,0.0243746,0.2998982,-21.0136381,-37.7516188,11.0992685,255,255,0
70.2,81.41,81.41,0.0000264376584,0,-0.0001956,-0.0000946,0.0000799,0.4544029,0.0433043,0.3036144,-21.5996581,-37.1648281,11.9327399,255,255,0
70.25,80.05,80.05,0.0000267125739,0,-0.0002236,-0.0001014,0.0000931,0.435176,0.0622944,0.306269,-22.1956003,-36.5588516,12.6954391,255,255,0
70.3,78.69,78.69,0.0000269903481,0,-0.0002518,-0.0001068,0.0001062,0.4157112,0.0812759,0.3078915,-22.8003874,-35.9377334,13.386511,255,255,0
70.35,77.33,77.33,0.0000272710108,0,-0.0002803,-0.0001109,0.0001192,0.3960214,0.1001839,0.3085161,-23.4129023,-35.3054151,14.0053298,255,255,0
70.4,75.97,75.97,0.000027554592,0,-0.0003092,-0.0001139,0.0001318,0.3761195,0.1189583,0.308181,-24.0319881,-34.6657169,14.5514882,255,255,0
70.45,74.61,74.61,0.0000278411221,0,-0.0003389,-0.0001159,0.0001439,0.356019,0.1375437,0.3069279,-24.6564488,-34.0223184,15.0247858,255,255,0
70.5,73.25,73.25,0.0000281306316,0,-0.0003694,-0.0001173,0.0001554,0.3357331,0.1558894,0.3048013,-25.2850499,-33.3787415,15.4252169,255,255,0
70.55,71.89,71.89,0.0000284231517,0,-0.0004011,-0.000118,0.0001661,0.3152756,0.1739496,0.3018487,-25.9165191,-32.7383336,15.7529574,255,255,0
70.6,70.53,70.53,0.0000287187136,0,-0.000434,-0.0001184,0.0001759,0.2946602,0.1916833,0.2981193,-26.5495474,-32.1042523,16.0083519,255,255,0
70.65,69.17,69.17,0.000029017349,0,-0.0004682,-0.0001184,0.0001847,0.2739008,0.2090542,0.2936643,-27.1827901,-31.4794511,16.1918998,255,255,0
70.7,67.81,67.81,0.0000293190897,0,-0.0005038,-0.0001182,0.0001923,0.2530116,0.2260308,0.2885362,-27.8148682,-30.8666665,16.3042415,255,255,0
70.75,66.45,66.45,0.0000296239681,0,-0.0005407,-0.0001179,0.0001988,0.2320068,0.2425862,0.2827884,-28.44437,-30.2684061,16.3461451,255,255,0
70.8,65.09,65.09,0.0000299320169,0,-0.0005788,-0.0001173,0.0002039,0.2109006,0.258698,0.2764747,-29.0698531,-29.6869381,16.3184925,255,255,0
70.85,63.73,63.73,0.0000302432689,0,-0.0006179,-0.0001165,0.0002077,0.1897076,0.274348,0.2696495,-29.6898459,-29.1242819,16.2222664,255,255,0
70.9,62.37,62.37,0.0000305577575,0,-0.0006576,-0.0001154,0.0002099,0.1684422,0.2895223,0.262367,-30.3028502,-28.5822002,16.0585375,255,255,0
70.95,61.01,61.01,0.0000308755164,0,-0.0006977,-0.0001138,0.0002105,0.1471192,0.3042108,0.2546811,-30.9073432,-28.062192,15.8284528,255,255,0
71,59.65,59.65,0.0000311965795,0,-0.0007377,-0.0001117,0.0002096,0.1257531,0.3184072,0.2466451,-31.5017805,-27.5654872,15.5332236,255,255,0
71.05,58.29,58.29,0.0000315209813,0,-0.0007773,-0.0001089,0.0002069,0.1043586,0.3321085,0.2383117,-32.0845987,-27.0930426,15.1741158,255,255,0
71.1,56.93,56.93,0.0000318487564,0,-0.0008162,-0.0001052,0.0002025,0.0829506,0.3453152,0.2297327,-32.6542185,-26.6455383,14.7524398,255,255,0
71.15,55.57,55.57,0.0000321799399,0,-0.000854,-0.0001006,0.0001963,0.0615437,0.3580305,0.2209584,-33.2090476,-26.2233762,14.2695428,255,255,0
71.2,54.21,54.21,0.0000325145672,0,-0.0008904,-0.0000948,0.0001883,0.0401528,0.3702607,0.2120385,-33.7474847,-25.8266791,13.7268015,255,255,0
71.25,52.85,52.85,0.0000328526742,0,-0.0009253,-0.0000878,0.0001783,0.0187924,0.3820142,0.2030208,-34.2679226,-25.4552914,13.1256162,255,255,0
71.3,51.49,51.49,0.0000331942971,0,-0.0009587,-0.0000797,0.0001665,-0.0025226,0.3933019,0.1939519,-34.7687523,-25.1087807,12.4674066,255,255,0
71.35,50.13,50.13,0.0000335394724,0,-0.0009905,-0.0000703,0.0001528,-0.0237776,0.4041365,0.184877,-35.2483668,-24.7864407,11.7536087,255,255,0
71.4,48.77,48.77,0.000033888237,0,-0.001021,-0.0000598,0.0001371,-0.0449582,0.4145324,0.1758397,-35.705165,-24.4872946,10.9856733,255,255,0
71.45,47.41,47.41,0.0000342406283,0,-0.0010504,-0.0000483,0.0001194,-0.0660498,0.4245055,0.1668819,-36.1375566,-24.2101009,10.1650662,255,255,0
71.5,46.05,46.05,0.000034596684,0,-0.0010789,-0.0000359,0.0000997,-0.0870383,0.4340728,0.1580441,-36.5439657,-23.9533592,9.2932693,255,255,0
71.55,44.69,44.69,0.0000349564422,0,-0.0011071,-0.0000228,0.000078,-0.1079093,0.4432525,0.1493653,-36.9228362,-23.7153175,8.3717841,255,255,0
71.6,43.33,43.33,0.0000353199414,0,-0.0011352,-0.0000094,0.0000544,-0.1286489,0.4520631,0.1408827,-37.2726355,-23.4939806,7.4021356,255,255,0
71.65,41.97,41.97,0.0000356872205,0,-0.0011638,0.0000043,0.0000288,-0.1492432,0.4605238,0.1326323,-37.5918599,-23.2871199,6.3858782,255,255,0
71.7,40.61,40.61,0.0000360583188,0,-0.0011931,0.0000178,0.0000011,-0.1696786,0.4686541,0.1246482,-37.8790391,-23.0922841,5.3246032,255,255,0
71.75,39.25,39.25,0.0000364332759,0,-0.0012234,0.0000309,-0.0000284,-0.1899418,0.4764732,0.1169636,-38.1327409,-22.9068109,4.2199469,255,255,0
71.8,37.89,37.89,0.0000368121322,0,-0.0012549,0.0000435,-0.00006,-0.2100194,0.4840005,0.1096099,-38.3515764,-22.7278407,3.0736003,255,255,0
71.85,36.53,36.53,0.000037194928,0,-0.0012876,0.0000552,-0.0000935,-0.2298986,0.4912547,0.1026173,-38.5342046,-22.5523306,1.8873195,255,255,0
71.9,35.17,35.17,0.0000375817044,0,-0.0013215,0.0000659,-0.0001288,-0.2495668,0.4982539,0.0960148,-38.6793371,-22.3770702,0.6629373,255,255,0
71.95,33.81,33.81,0.0000379725027,0,-0.0013562,0.0000757,-0.0001661,-0.2690116,0.5050156,0.0898301,-38.7857432,-22.1986988,-0.5976249,255,255,0
72,32.45,32.45,0.0000383673648,0,-0.0013915,0.0000843,-0.0002051,-0.288221,0.511556,0.0840899,-38.8522546,-22.0137234,-1.8923439,255,255,0
72.05,31.09,31.09,0.0000387663329,0,-0.0014267,0.0000921,-0.0002459,-0.3071833,0.5178904,0.0788195,-38.8777698,-21.8185387,-3.2190823,255,255,0
72.1,29.73,29.73,0.0000391694497,0,-0.0014612,0.000099,-0.0002885,-0.3258872,0.5240326,0.0740434,-38.8612589,-21.609448,-4.5755751,255,255,0
72.15,28.37,28.37,0.0000395767584,0,-0.0014944,0.0001055,-0.0003326,-0.3443217,0.5299951,0.0697849,-38.8017676,-21.3826857,-5.9594163,255,255,0
72.2,27.01,27.01,0.0000399883025,0,-0.0015256,0.0001118,-0.0003784,-0.3624763,0.5357885,0.0660665,-38.6984221,-21.1344408,-7.3680468,255,255,0
72.25,25.65,25.65,0.0000405039677,0,-0.0015539,0.0001184,-0.0004256,-0.3803407,0.5414218,0.0629095,-38.5504324,-20.8608824,-8.7987419,255,255,0
72.3,24.29,24.29,0.0000410397853,0,-0.0015787,0.0001258,-0.0004742,-0.3979053,0.546902,0.0603344,-38.3570967,-20.5581858,-10.2486002,255,255,0
72.35,22.93,22.93,0.0000415826911,0,-0.0015996,0.0001345,-0.0005241,-0.4151607,0.5522341,0.0583607,-38.1178048,-20.2225601,-11.7145332,255,255,0
72.4,21.57,21.57,0.0000421327788,0,-0.0016159,0.0001452,-0.0005751,-0.432098,0.5574209,0.0570068,-37.8320414,-19.8502773,-13.1932565,255,255,0
72.45,20.21,20.21,0.0000426901436,0,-0.0016276,0.0001584,-0.0006272,-0.4487087,0.562463,0.0562902,-37.4993894,-19.4377018,-14.6812831,255,255,0
72.5,18.85,18.85,0.0000432548816,0,-0.0016345,0.0001747,-0.0006801,-0.464985,0.5673586,0.0562275,-37.1195323,-18.9813213,-16.1749175,255,255,0
72.55,17.49,17.49,0.0000438270903,0,-0.0016367,0.0001946,-0.0007337,-0.4809194,0.5721035,0.0568339,-36.6922573,-18.4777786,-17.670253,255,255,0
72.6,16.13,16.13,0.0000444068687,0,-0.0016346,0.0002186,-0.0007879,-0.4965047,0.5766909,0.0581237,-36.2174568,-17.9239032,-19.1631711,255,255,0
72.65,14.77,14.77,0.0000449943169,0,-0.0016285,0.0002471,-0.0008424,-0.5117346,0.5811117,0.0601099,-35.6951306,-17.3167443,-20.649343,255,255,0
72.7,13.41,13.41,0.0000455895363,0,-0.0016191,0.0002804,-0.000897,-0.526603,0.5853539,0.062804,-35.1253874,-16.6536034,-22.1242351,255,255,0
72.75,12.05,12.05,0.0000461926296,0,-0.001607,0.0003188,-0.0009515,-0.5411043,0.5894032,0.0662162,-34.5084454,-15.9320665,-23.5831162,255,255,0
72.8,10.69,10.69,0.0000468037012,0,-0.001593,0.0003624,-0.0010057,-0.5552336,0.5932424,0.070355,-33.8446337,-15.1500367,-25.0210691,255,255,0
72.85,9.33,9.33,0.0000474228565,0,-0.0015778,0.000411,-0.0010593,-0.5689864,0.5968518,0.0752274,-33.1343918,-14.3057655,-26.4330048,255,255,0
72.9,7.97,7.97,0.0000480502025,0,-0.0015621,0.0004646,-0.001112,-0.5823585,0.6002093,0.0808384,-32.3782701,-13.3978828,-27.8136806,255,255,0
72.95,6.61,6.61,0.0000486858474,0,-0.0015464,0.000523,-0.0011636,-0.5953466,0.60329,0.0871909,-31.5769291,-12.4254261,-29.1577211,255,255,0
73,5.25,5.25,0.0000493299012,0,-0.0015312,0.0005858,-0.0012138,-0.6079477,0.6060667,0.0942858,-30.7311385,-11.3878675,-30.4596435,255,255,0
73.05,3.89,3.89,0.000049982475,0,-0.0015165,0.0006525,-0.0012622,-0.6201591,0.6085099,0.1021213,-29.841776,-10.2851386,-31.713886,255,255,0
73.1,2.53,2.53,0.0000506436816,0,-0.0015025,0.0007227,-0.0013085,-0.631979,0.6105879,0.1106935,-28.9098252,-9.1176525,-32.9148391,255,255,0
73.15,1.17,1.17,0.0000513136351,0,-0.0014888,0.0007959,-0.0013525,-0.6434057,0.6122666,0.1199955,-27.9363739,-7.886323,-34.0568809,255,255,0
73.2,-0.19,-0.19,0.0000519924512,0,-0.001475,0.0008715,-0.0013936,-0.6544382,0.6135105,0.1300175,-26.9226112,-6.5925809,-35.1344151,255,255,0
73.25,-1.55,-1.55,0.0000526802473,0,-0.0014606,0.000949,-0.0014317,-0.665076,0.6142819,0.1407466,-25.8698247,-5.2383851,-36.1419118,255,255,0
73.3,-2.91,-2.91,0.000053377142,0,-0.0014446,0.0010279,-0.0014663,-0.6753189,0.614542,0.1521667,-24.779397,-3.8262313,-37.0739506,255,255,0
73.35,-4.27,-4.27,0.0000540832559,0,-0.0014262,0.0011078,-0.0014971,-0.6851672,0.6142505,0.1642581,-23.6528022,-2.3591545,-37.9252662,255,255,0
73.4,-5.63,-5.63,0.0000547987107,0,-0.0014044,0.0011883,-0.0015237,-0.6946216,0.6133663,0.1769978,-22.491602,-0.8407277,-38.6907951,255,255,0
73.45,-6.99,-6.99,0.0000555236301,0,-0.0013783,0.0012692,-0.0015459,-0.7036835,0.6118474,0.1903588,-21.2974406,0.7249445,-39.3657242,255,255,0
73.5,-8.35,-8.35,0.0000562581393,0,-0.001347,0.0013501,-0.0015631,-0.7123542,0.6096518,0.2043101,-20.0720409,2.3332385,-39.9455394,255,255,0
73.55,-9.71,-9.71,0.0000570023652,0,-0.0013098,0.0014311,-0.0015751,-0.7206359,0.6067372,0.2188172,-18.8171988,3.9790288,-40.4260746,255,255,0
73.6,-11.07,-11.07,0.0000577564362,0,-0.0012661,0.0015121,-0.0015816,-0.7285307,0.6030619,0.233841,-17.5347782,5.6567114,-40.8035605,255,255,0
73.65,-12.43,-12.43,0.0000585204827,0,-0.0012155,0.0015932,-0.0015823,-0.7360415,0.5985848,0.2493386,-16.2267056,7.3602322,-41.0746716,255,255,0
73.7,-13.79,-13.79,0.0000592946366,0,-0.001158,0.0016745,-0.0015768,-0.7431712,0.593266,0.2652628,-14.8949637,9.0831221,-41.236572,255,255,0
73.75,-15.15,-15.15,0.0000600790315,0,-0.0010939,0.0017563,-0.0015649,-0.7499231,0.5870674,0.2815625,-13.5415864,10.8185364,-41.2869585,255,255,0
73.8,-16.51,-16.51,0.0000608738031,0,-0.0010237,0.0018387,-0.0015463,-0.7563009,0.5799525,0.2981823,-12.1686517,12.5592998,-41.2241007,255,255,0
73.85,-17.87,-17.87,0.0000616790885,0,-0.0009479,0.001922,-0.0015209,-0.7623085,0.5718876,0.3150628,-10.778276,14.2979576,-41.046877,255,255,0
73.9,-19.23,-19.23,0.0000624950268,0,-0.0008677,0.0020063,-0.0014885,-0.76795,0.5628419,0.3321408,-9.3726075,16.0268296,-40.7548069,255,255,0
73.95,-20.59,-20.59,0.000063321759,0,-0.000784,0.0020919,-0.0014488,-0.7732299,0.5527878,0.3493493,-7.9538195,17.7380701,-40.3480775,255,255,0
74,-21.95,-21.95,0.0000641594279,0,-0.0006981,0.0021787,-0.0014019,-0.7781526,0.5417015,0.366618,-6.5241041,19.4237302,-39.8275651,255,255,0
74.05,-23.31,-23.31,0.0000650081781,0,-0.0006111,0.0022666,-0.0013476,-0.7827231,0.5295635,0.3838732,-5.0856656,21.0758245,-39.19485,255,255,0
74.1,-24.67,-24.67,0.0000658681561,0,-0.0005242,0.0023555,-0.0012859,-0.7869463,0.5163588,0.4010382,-3.6407138,22.6863988,-38.4522254,255,255,0
74.15,-26.03,-26.03,0.0000667395107,0,-0.0004384,0.0024451,-0.0012169,-0.7908272,0.5020775,0.4180338,-2.1914571,24.2476013,-37.6026992,255,255,0
74.2,-27.39,-27.39,0.0000676223922,0,-0.0003544,0.0025348,-0.0011406,-0.7943711,0.486715,0.4347787,-0.7400967,25.7517531,-36.6499885,255,255,0
74.25,-28.75,-28.75,0.0000685169531,0,-0.0002729,0.0026239,-0.0010572,-0.7975833,0.4702725,0.4511895,0.7111805,27.1914197,-35.5985066,255,255,0
74.3,-30.11,-30.11,0.0000694233479,0,-0.000194,0.0027117,-0.0009669,-0.8004692,0.452757,0.4671818,2.1602079,28.559482,-34.4533429,255,255,0
74.35,-31.47,-31.47,0.0000703417333,0,-0.0001178,0.0027972,-0.0008699,-0.8030343,0.4341821,0.4826704,3.6048453,29.849205,-33.2202351,255,255,0
74.4,-32.83,-32.83,0.0000712722677,0,-0.000044,0.0028793,-0.0007664,-0.8052842,0.4145675,0.4975695,5.0429854,31.0543044,-31.9055339,255,255,0
74.45,-33.69,-33.69,0.0000723680023,0,0.0000282,0.002957,-0.0006568,-0.8072242,0.3939398,0.5117939,6.4725589,32.1690101,-30.5161605,255,255,0
74.5,-34.397,-34.397,0.0000735284151,0,0.0000995,0.0030289,-0.0005416,-0.80886,0.3723322,0.5252593,7.8915407,33.1881251,-29.0595581,255,255,0
74.55,-35.103,-35.103,0.0000747074349,0,0.0001711,0.0030938,-0.0004211,-0.8101971,0.3497848,0.5378829,9.2979553,34.1070795,-27.5436355,255,255,0
74.6,-35.809,-35.809,0.0000759053602,0,0.0002439,0.0031505,-0.0002959,-0.8112409,0.3263443,0.5495838,10.6898813,34.921979,-25.9767064,255,255,0
74.65,-36.516,-36.516,0.0000771224941,0,0.0003193,0.0031979,-0.0001664,-0.8119969,0.3020644,0.5602841,12.0654571,35.6296463,-24.3674224,255,255,0
74.7,-37.222,-37.222,0.0000783591447,0,0.0003984,0.0032348,-0.0000333,-0.8124705,0.2770051,0.5699093,13.4228848,36.2276564,-22.7247025,255,255,0
74.75,-37.929,-37.929,0.0000796156247,0,0.000482,0.0032604,0.0001028,-0.8126668,0.2512329,0.5783889,14.7604347,36.7143634,-21.0576575,255,255,0
74.8,-38.635,-38.635,0.0000808922523,0,0.0005711,0.0032739,0.0002413,-0.8125912,0.2248204,0.5856571,16.0764495,37.0889196,-19.3755133,255,255,0
74.85,-39.341,-39.341,0.0000821893505,0,0.000666,0.0032747,0.0003816,-0.8122486,0.197846,0.5916531,17.3693475,37.3512863,-17.6875311,255,255,0
74.9,-40.048,-40.048,0.0000835072475,0,0.000767,0.0032626,0.0005228,-0.8116441,0.1703934,0.5963222,18.637626,37.502236,-16.0029272,255,255,0
74.95,-40.754,-40.754,0.0000848462768,0,0.0008739,0.0032373,0.0006644,-0.8107823,0.1425512,0.5996159,19.8798645,37.5433455,-14.3307924,255,255,0
75,-41.461,-41.461,0.0000862067773,0,0.0009862,0.0031991,0.0008055,-0.8096681,0.1144125,0.6014926,21.094727,37.4769812,-12.6800134,255,255,0
75.05,-42.167,-42.167,0.0000875890933,0,0.001103,0.0031483,0.0009454,-0.8083058,0.0860744,0.6019179,22.2809644,37.3062752,-11.0591953,255,255,0
75.1,-42.873,-42.873,0.0000889935745,0,0.0012232,0.0030855,0.0010835,-0.8066999,0.0576368,0.6008652,23.4374162,37.0350937,-9.4765874,255,255,0
75.15,-43.58,-43.58,0.0000904205765,0,0.0013453,0.0030116,0.0012189,-0.8048545,0.0292027,0.5983157,24.5630124,36.6679969,-7.9400134,255,255,0
75.2,-44.286,-44.286,0.0000918704602,0,0.001468,0.0029275,0.0013509,-0.8027737,0.0008765,0.5942592,25.6567741,36.2101925,-6.4568059,255,255,0
75.25,-44.993,-44.993,0.0000933435927,0,0.0015896,0.0028343,0.0014788,-0.8004612,-0.0272358,0.5886936,26.7178149,35.6674822,-5.0337464,255,255,0
75.3,-45.699,-45.699,0.0000948403467,0,0.0017087,0.0027333,0.001602,-0.7979207,-0.0550282,0.5816257,27.7453412,35.0462018,-3.6770124,255,255,0
75.35,-46.406,-46.406,0.000096361101,0,0.0018238,0.0026257,0.0017199,-0.7951556,-0.0823947,0.5730709,28.7386521,34.3531564,-2.3921305,255,255,0
75.4,-47.112,-47.112,0.0000979062404,0,0.0019338,0.0025128,0.0018317,-0.7921693,-0.1092305,0.5630531,29.6971397,33.5955521,-1.183938,255,255,0
75.45,-47.818,-47.818,0.000099476156,0,0.0020378,0.0023959,0.001937,-0.7889648,-0.1354329,0.5516049,30.6202882,32.7809224,-0.0565511,255,255,0
75.5,-48.525,-48.525,0.000101071245,0,0.0021352,0.0022761,0.0020351,-0.7855449,-0.1609015,0.5387674,31.5076733,31.9170545,0.9866574,255,255,0
75.55,-49.231,-49.231,0.000102691911,0,0.0022261,0.0021545,0.0021257,-0.7819124,-0.1855397,0.5245895,32.3589612,31.0119118,1.9430727,255,255,0
75.6,-49.938,-49.938,0.000104338564,0,0.0023105,0.002032,0.0022083,-0.7780697,-0.2092545,0.5091284,33.173907,30.0735579,2.8108446,255,255,0
75.65,-50.644,-50.644,0.000106011621,0,0.0023892,0.0019093,0.0022826,-0.7740193,-0.231958,0.4924482,33.9523535,29.1100795,3.5888849,255,255,0
75.7,-51.35,-51.35,0.000107711506,0,0.0024632,0.0017871,0.0023482,-0.7697632,-0.2535678,0.4746205,34.6942288,28.1295117,4.2768572,255,255,0
75.75,-52.057,-52.057,0.000109438648,0,0.0025337,0.0016658,0.0024049,-0.7653035,-0.2740073,0.455723,35.3995444,27.1397655,4.8751586,255,255,0
75.8,-52.763,-52.763,0.000111193484,0,0.0026022,0.0015454,0.0024525,-0.7606419,-0.2932066,0.4358396,36.0683933,26.1485577,5.3848947,255,255,0
75.85,-53.47,-53.47,0.000112976459,0,0.0026702,0.0014262,0.002491,-0.75578,-0.3111027,0.4150592,36.7009469,25.1633458,5.8078463,255,255,0
75.9,-54.176,-54.176,0.000114788024,0,0.0027392,0.0013081,0.0025202,-0.7507194,-0.3276403,0.3934757,37.2974524,24.191267,6.1464311,255,255,0
75.95,-54.882,-54.882,0.000116628637,0,0.0028108,0.0011908,0.0025402,-0.7454614,-0.3427718,0.3711866,37.8582304,23.2390826,6.4036593,255,255,0
76,-55.589,-55.589,0.000118498764,0,0.002886,0.001074,0.0025511,-0.7400071,-0.3564577,0.3482927,38.3836712,22.3131282,6.5830833,255,255,0
76.05,-56.295,-56.295,0.000120398878,0,0.0029658,0.0009576,0.002553,-0.7343577,-0.368667,0.3248975,38.8742323,21.4192702,6.6887453,255,255,0
76.1,-57.002,-57.002,0.000122329461,0,0.0030507,0.0008411,0.0025461,-0.728514,-0.3793768,0.3011058,39.3304349,20.5628689,6.7251191,255,255,0
76.15,-57.708,-57.708,0.000124291,0,0.0031409,0.0007243,0.0025306,-0.7224769,-0.3885731,0.2770237,39.7528602,19.7487486,6.6970512,255,255,0
76.2,-58.414,-58.414,0.000126283992,0,0.0032361,0.0006071,0.0025069,-0.7162471,-0.3962503,0.2527573,40.1421468,18.981174,6.6096992,255,255,0
76.25,-59.121,-59.121,0.000128308942,0,0.0033355,0.0004894,0.0024753,-0.7098251,-0.402411,0.2284121,40.4989863,18.2638344,6.46847,255,255,0
76.3,-59.827,-59.827,0.000130366361,0,0.003438,0.0003714,0.0024362,-0.7032115,-0.4070665,0.2040926,40.8241204,17.5998341,6.2789566,255,255,0
76.35,-60.534,-60.534,0.000132456771,0,0.0035422,0.0002532,0.0023901,-0.6964068,-0.4102357,0.1799009,41.1183374,16.9916899,6.0468775,255,255,0
76.4,-61.24,-61.24,0.000134580701,0,0.0036465,0.0001354,0.0023374,-0.6894112,-0.4119457,0.1559367,41.3824679,16.4413346,5.7780157,255,255,0
76.45,-61.946,-61.946,0.000136738687,0,0.0037491,0.0000186,0.0022786,-0.6822252,-0.4122306,0.1322963,41.6173822,15.9501273,5.4781606,255,255,0
76.5,-62.653,-62.653,0.000138931276,0,0.0038482,-0.0000965,0.0022143,-0.6748489,-0.4111318,0.1090721,41.823986,15.5188684,5.1530529,255,255,0
76.55,-63.359,-63.359,0.000141159024,0,0.003942,-0.0002088,0.002145,-0.6672827,-0.4086972,0.0863521,42.0032173,15.1478208,4.8083317,255,255,0
76.6,-64.066,-64.066,0.000143422493,0,0.0040293,-0.0003174,0.0020713,-0.6595267,-0.4049807,0.0642192,42.1560427,14.8367352,4.4494862,255,255,0
76.65,-64.517,-64.517,0.000145926458,0,0.0041087,-0.0004209,0.0019937,-0.6515811,-0.4000419,0.0427511,42.2834542,14.5848793,4.0818111,255,255,0
76.7,-64.828,-64.828,0.00014858759,0,0.0041795,-0.0005183,0.0019129,-0.6434461,-0.3939452,0.0220198,42.3864654,14.3910718,3.7103666,255,255,0
76.75,-65.14,-65.14,0.000151297251,0,0.0042415,-0.0006083,0.0018293,-0.6351219,-0.3867595,0.002091,42.4661088,14.2537176,3.3399427,255,255,0
76.8,-65.452,-65.452,0.000154056325,0,0.0042948,-0.0006896,0.0017436,-0.6266087,-0.3785575,-0.0169758,42.5234321,14.1708467,2.9750287,255,255,0
76.85,-65.764,-65.764,0.000156865713,0,0.00434,-0.0007614,0.0016564,-0.6179067,-0.3694151,-0.0351275,42.5594951,14.1401546,2.6197873,255,255,0
76.9,-66.076,-66.076,0.000159726335,0,0.0043782,-0.0008227,0.0015681,-0.6090161,-0.3594107,-0.0523178,42.575367,14.1590432,2.2780336,255,255,0
76.95,-66.387,-66.387,0.000162639122,0,0.004411,-0.0008727,0.0014794,-0.5999372,-0.3486246,-0.0685072,42.5721232,14.2246631,1.9532197,255,255,0
77,-66.699,-66.699,0.000165605028,0,0.0044399,-0.000911,0.0013906,-0.5906705,-0.3371388,-0.0836628,42.5508425,14.3339554,1.6484226,255,255,0
77.05,-67.011,-67.011,0.000168625021,0,0.0044671,-0.0009374,0.0013024,-0.5812163,-0.3250356,-0.0977584,42.5126044,14.4836936,1.3663379,255,255,0
77.1,-67.323,-67.323,0.000171700086,0,0.0044943,-0.0009519,0.0012151,-0.571575,-0.3123977,-0.1107744,42.4584864,14.6705238,1.1092777,255,255,0
77.15,-67.634,-67.634,0.000174831228,0,0.0045237,-0.0009549,0.0011292,-0.5617473,-0.2993074,-0.122698,42.3895618,14.8910042,0.8791717,255,255,0
77.2,-67.946,-67.946,0.000178019471,0,0.0045567,-0.000947,0.001045,-0.5517337,-0.2858461,-0.1335221,42.3068971,15.1416429,0.6775731,255,255,0
77.25,-68.258,-68.258,0.000181265854,0,0.004595,-0.0009291,0.0009631,-0.5415349,-0.2720938,-0.1432462,42.2115496,15.4189331,0.5056672,255,255,0
77.3,-68.57,-68.57,0.000184571439,0,0.0046395,-0.0009023,0.0008836,-0.5311518,-0.2581286,-0.1518751,42.1045657,15.7193863,0.364284,255,255,0
77.35,-68.881,-68.881,0.000187937305,0,0.0046906,-0.0008679,0.0008068,-0.5205854,-0.2440265,-0.1594196,41.9869786,16.0395634,0.253912,255,255,0
77.4,-69.193,-69.193,0.000191364552,0,0.0047485,-0.0008275,0.0007331,-0.5098365,-0.2298605,-0.1658951,41.8598065,16.3761019,0.1747163,255,255,0
77.45,-69.505,-69.505,0.000194854298,0,0.0048126,-0.0007826,0.0006626,-0.4989064,-0.215701,-0.1713222,41.7240506,16.7257419,0.1265567,255,255,0
77.5,-69.817,-69.817,0.000198407683,0,0.004882,-0.0007348,0.0005956,-0.4877963,-0.2016147,-0.1757257,41.5806941,17.0853477,0.1090091,255,255,0
77.55,-70.128,-70.128,0.000202025868,0,0.0049553,-0.0006857,0.0005321,-0.4765075,-0.1876651,-0.1791345,41.4307,17.451927,0.1213867,255,255,0
77.6,-70.44,-70.44,0.000205710035,0,0.0050306,-0.0006367,0.0004724,-0.4650417,-0.1739116,-0.1815812,41.2750099,17.8226474,0.1627632,255,255,0
77.65,-70.752,-70.752,0.000209461387,0,0.0051061,-0.0005893,0.0004164,-0.4534004,-0.1604099,-0.1831014,41.1145428,18.19485,0.2319962,255,255,0
77.7,-71.064,-71.064,0.000213281149,0,0.0051796,-0.0005447,0.0003643,-0.4415854,-0.1472113,-0.1837337,40.9501941,18.5660593,0.3277501,255,255,0
77.75,-71.375,-71.375,0.000217170569,0,0.0052491,-0.0005036,0.000316,-0.4295986,-0.1343631,-0.1835191,40.7828339,18.9339917,0.4485201,255,255,0
77.8,-71.687,-71.687,0.000221130916,0,0.0053128,-0.0004669,0.0002716,-0.4174421,-0.1219084,-0.1825005,40.6133067,19.2965603,0.5926555,255,255,0
77.85,-71.999,-71.999,0.000225163485,0,0.0053692,-0.0004349,0.0002311,-0.405118,-0.1098859,-0.1807224,40.44243,19.6518779,0.7583817,255,255,0
77.9,-72.311,-72.311,0.000229269592,0,0.005417,-0.0004077,0.0001943,-0.3926288,-0.09833,-0.1782307,40.2709939,19.9982576,0.9438227,255,255,0
77.95,-72.622,-72.622,0.000233450579,0,0.0054557,-0.0003851,0.0001611,-0.379977,-0.087271,-0.1750719,40.0997599,20.3342109,1.1470216,255,255,0
78,-72.934,-72.934,0.00023770781,0,0.0054851,-0.0003666,0.0001316,-0.367165,-0.0767349,-0.1712933,39.9294611,20.6584447,1.3659608,255,255,0
78.05,-73.246,-73.246,0.000242042677,0,0.0055057,-0.0003516,0.0001055,-0.3541959,-0.0667437,-0.1669421,39.7608007,20.9698559,1.5985808,255,255,0
78.1,-73.558,-73.558,0.000246456596,0,0.0055185,-0.0003392,0.0000828,-0.3410725,-0.0573155,-0.1620655,39.5944521,21.2675249,1.8427968,255,255,0
78.15,-73.869,-73.869,0.000250951006,0,0.0055251,-0.0003282,0.0000632,-0.3277978,-0.0484644,-0.1567103,39.4310586,21.5507072,2.0965159,255,255,0
78.2,-74.181,-74.181,0.000255527378,0,0.0055272,-0.0003177,0.0000466,-0.3143753,-0.0402012,-0.1509226,39.2712326,21.8188251,2.3576508,255,255,0
78.25,-74.493,-74.493,0.000260187205,0,0.005527,-0.0003065,0.0000329,-0.3008082,-0.0325329,-0.1447475,39.1155558,22.071457,2.6241335,255,255,0
78.3,-74.805,-74.805,0.000264932008,0,0.0055269,-0.0002934,0.0000218,-0.2871002,-0.0254635,-0.138229,38.9645787,22.3083271,2.8939269,255,255,0
78.35,-75.116,-75.116,0.000269763339,0,0.0055291,-0.0002775,0.0000132,-0.273255,-0.0189935,-0.1314097,38.8188206,22.5292936,3.1650355,255,255,0
78.4,-75.428,-75.428,0.000274682774,0,0.0055358,-0.000258,0.0000068,-0.2592763,-0.013121,-0.1243306,38.6787695,22.7343377,3.4355139,255,255,0
78.45,-75.74,-75.74,0.000279691921,0,0.0055489,-0.0002341,0.0000025,-0.2451684,-0.0078411,-0.1170313,38.5448817,22.9235509,3.7034751,255,255,0
78.5,-76.052,-76.052,0.000284792415,0,0.0055698,-0.0002055,0,-0.2309352,-0.0031465,-0.1095492,38.4175825,23.0971231,3.9670965,255,255,0
78.55,-76.364,-76.364,0.000289985922,0,0.0055995,-0.0001722,-8e-7,-0.2165811,0.0009722,-0.1019202,38.2972654,23.2553305,4.2246255,255,255,0
78.6,-76.675,-76.675,0.000295274139,0,0.0056383,-0.0001342,-2e-7,-0.2021106,0.0045266,-0.0941777,38.1842927,23.3985235,4.4743833,255,255,0
78.65,-76.987,-76.987,0.000300658792,0,0.0056861,-0.000092,0.0000016,-0.1875283,0.0075301,-0.0863536,38.0789954,23.5271149,4.7147684,255,255,0
78.7,-77.299,-77.299,0.00030614164,0,0.0057419,-0.0000464,0.0000045,-0.1728389,0.0099976,-0.0784772,37.9816733,23.6415681,4.9442584,255,255,0
78.75,-77.611,-77.611,0.000311724474,0,0.0058043,0.0000016,0.0000082,-0.1580473,0.0119456,-0.0705761,37.8925953,23.7423859,5.1614117,255,255,0
78.8,-77.922,-77.922,0.000317409118,0,0.0058717,0.0000509,0.0000126,-0.1431585,0.0133917,-0.0626753,37.8119993,23.8301001,5.3648678,255,255,0
78.85,-78.149,-78.149,0.000323447178,0,0.0059417,0.0001001,0.0000175,-0.1281778,0.0143545,-0.0547979,37.7400925,23.9052604,5.5533474,255,255,0
78.9,-78.3,-78.3,0.000329826488,0,0.006012,0.0001477,0.0000226,-0.1131103,0.0148537,-0.0469651,37.6770516,23.9684251,5.7256516,255,255,0
78.95,-78.451,-78.451,0.000336331617,0,0.0060802,0.0001922,0.0000279,-0.0979615,0.0149094,-0.0391955,37.6230231,24.0201514,5.880661,255,255,0
79,-78.602,-78.602,0.000342965045,0,0.0061439,0.0002322,0.0000332,-0.0827369,0.0145425,-0.0315059,37.5781234,24.0609867,6.017334,255,255,0
79.05,-78.753,-78.753,0.000349729304,0,0.0062011,0.0002664,0.0000382,-0.0674423,0.013774,-0.0239113,37.542439,24.0914605,6.1347051,255,255,0
79.1,-78.904,-78.904,0.000356626974,0,0.0062502,0.0002934,0.0000429,-0.0520833,0.0126254,-0.0164245,37.516027,24.1120766,6.2318829,255,255,0
79.15,-79.055,-79.055,0.000363660685,0,0.00629,0.0003124,0.0000472,-0.036666,0.0111184,-0.0090565,37.4989152,24.123306,6.308048,255,255,0
79.2,-79.206,-79.206,0.000370833122,0,0.0063199,0.0003226,0.0000508,-0.0211963,0.0092743,-0.0018164,37.4911021,24.1255802,6.3624505,255,255,0
79.25,-79.357,-79.357,0.000378147019,0,0.00634,0.0003236,0.0000538,-0.0056804,0.0071148,0.0052883,37.4925578,24.1192859,6.394408,255,255,0
79.3,-79.508,-79.508,0.000385605168,0,0.0063512,0.0003153,0.0000559,0.0098756,0.0046612,0.0122517,37.5032239,24.1047587,6.4033034,255,255,0
79.35,-79.659,-79.659,0.000393210413,0,0.0063546,0.0002979,0.0000571,0.0254652,0.0019344,0.0190694,37.5230136,24.0822791,6.3885827,255,255,0
79.4,-79.81,-79.81,0.000400965655,0,0.0063522,0.0002721,0.0000572,0.0410821,-0.0010447,0.0257387,37.5518126,24.0520675,6.3497531,255,255,0
79.45,-79.961,-79.961,0.000408873853,0,0.0063461,0.0002386,0.0000563,0.0567196,-0.0042559,0.0322581,37.589479,24.0142809,6.2863814,255,255,0
79.5,-80.112,-80.112,0.000416938024,0,0.006339,0.0001986,0.0000543,0.0723713,-0.0076794,0.0386274,37.6358438,23.9690096,6.1980923,255,255,0
79.55,-80.263,-80.263,0.000425161243,0,0.0063334,0.0001534,0.000051,0.0880303,-0.0112956,0.0448475,37.690711,23.9162742,6.0845674,255,255,0
79.6,-80.414,-80.414,0.000433546648,0,0.0063319,0.0001045,0.0000464,0.1036899,-0.0150858,0.0509205,37.7538584,23.8560235,5.9455439,255,255,0
79.65,-80.565,-80.565,0.000442097437,0,0.0063367,0.0000536,0.0000406,0.1193432,-0.0190318,0.0568494,37.8250377,23.7881326,5.7808146,255,255,0
79.7,-80.716,-80.716,0.000450816872,0,0.0063497,0.0000022,0.0000334,0.1349833,-0.0231157,0.0626383,37.9039749,23.7124018,5.5902269,255,255,0
79.75,-80.867,-80.867,0.00045970828,0,0.0063723,-0.0000483,0.0000249,0.1506032,-0.0273205,0.0682919,37.9903707,23.6285554,5.3736834,255,255,0
79.8,-81.018,-81.018,0.000468775051,0,0.0064054,-0.0000963,0.0000149,0.1661958,-0.0316296,0.0738157,38.0839012,23.5362417,5.131142,255,255,0
79.85,-81.17,-81.17,0.000478020646,0,0.0064489,-0.0001406,0.0000037,0.1817539,-0.0360271,0.079216,38.1842179,23.4350327,4.8626168,255,255,0
79.9,-81.321,-81.321,0.000487448591,0,0.0065023,-0.0001805,-0.0000089,0.1972705,-0.0404977,0.0844994,38.2909486,23.3244249,4.5681791,255,255,0
79.95,-81.472,-81.472,0.000497062481,0,0.0065643,-0.0002151,-0.0000229,0.2127382,-0.0450266,0.0896734,38.4036976,23.2038399,4.2479587,255,255,0
80,-81.623,-81.623,0.000506865986,0,0.0066331,-0.0002442,-0.0000381,0.2281498,-0.0495998,0.0947456,38.5220464,23.0726263,3.9021461,255,255,0
80.05,-81.774,-81.774,0.000516862843,0,0.0067063,-0.0002679,-0.0000547,0.2434979,-0.0542035,0.099724,38.6455542,22.9300609,3.5309939,255,255,0
80.1,-81.925,-81.925,0.000527056868,0,0.0067813,-0.0002866,-0.0000724,0.2587752,-0.0588248,0.104617,38.7737583,22.7753518,3.1348195,255,255,0
80.15,-82.076,-82.076,0.000537451948,0,0.0068553,-0.0003011,-0.0000913,0.2739744,-0.063451,0.1094332,38.9061752,22.6076404,2.7140077,255,255,0
80.2,-82.227,-82.227,0.000548052049,0,0.0069255,-0.0003123,-0.0001112,0.2890881,-0.0680701,0.1141814,39.0423005,22.4260054,2.2690133,255,255,0
80.25,-82.378,-82.378,0.000558861214,0,0.0069893,-0.0003218,-0.0001322,0.3041088,-0.0726706,0.1188704,39.1816105,22.2294657,1.8003642,255,255,0
80.3,-82.529,-82.529,0.000569883568,0,0.0070445,-0.000331,-0.0001541,0.319029,-0.0772412,0.1235093,39.3235618,22.0169855,1.3086645,255,255,0
80.35,-82.68,-82.68,0.000581123314,0,0.0070892,-0.0003417,-0.0001767,0.3338415,-0.0817713,0.1281068,39.4675932,21.7874783,0.7945975,255,255,0
80.4,-82.831,-82.831,0.00059258474,0,0.0071225,-0.0003555,-0.0002001,0.3485386,-0.0862505,0.132672,39.6131256,21.5398123,0.2589295,255,255,0
80.45,-82.982,-82.982,0.000604272218,0,0.007144,-0.0003743,-0.0002241,0.3631131,-0.0906687,0.1372136,39.7595631,21.2728161,-0.2974873,255,255,0
80.5,-83.133,-83.133,0.000616190207,0,0.0071539,-0.0003997,-0.0002485,0.3775575,-0.0950164,0.1417403,39.9062943,20.9852851,-0.8737114,255,255,0
80.55,-83.284,-83.284,0.000628343254,0,0.0071533,-0.0004332,-0.0002732,0.3918644,-0.099284,0.1462608,40.0526923,20.6759875,-1.468709,255,255,0
80.6,-83.435,-83.435,0.000640735993,0,0.0071439,-0.0004761,-0.0002981,0.4060264,-0.1034625,0.1507832,40.1981166,20.3436723,-2.0813506,255,255,0
80.65,-83.586,-83.586,0.000653373153,0,0.0071279,-0.0005292,-0.0003229,0.4200362,-0.107543,0.1553157,40.3419134,19.987076,-2.7104086,255,255,0
80.7,-83.737,-83.737,0.000666259554,0,0.007108,-0.0005932,-0.0003476,0.4338865,-0.1115168,0.159866,40.4834168,19.6049316,-3.3545544,255,255,0
80.75,-83.888,-83.888,0.000679400112,0,0.0070869,-0.0006684,-0.0003719,0.4475701,-0.1153753,0.1644417,40.6219503,19.1959766,-4.0123564,255,255,0
80.8,-84.039,-84.039,0.00069279984,0,0.0070675,-0.0007545,-0.0003956,0.4610797,-0.1191103,0.1690498,40.7568272,18.7589619,-4.6822781,255,255,0
80.85,-84.19,-84.19,0.000706463849,0,0.0070527,-0.0008511,-0.0004186,0.4744082,-0.1227134,0.1736972,40.8873522,18.2926616,-5.3626767,255,255,0
80.9,-84.341,-84.341,0.000720397352,0,0.0070447,-0.0009573,-0.0004405,0.4875484,-0.1261766,0.1783903,41.0128227,17.7958825,-6.0518023,255,255,0
80.95,-84.492,-84.492,0.000734605663,0,0.0070454,-0.0010719,-0.0004613,0.5004935,-0.1294919,0.1831349,41.1325296,17.2674742,-6.7477975,255,255,0
81,-84.643,-84.643,0.000749094204,0,0.0070561,-0.0011933,-0.0004806,0.5132365,-0.1326512,0.1879366,41.2457588,16.7063395,-7.4486981,255,255,0
81.05,-84.746,-84.746,0.000764063943,0,0.0070773,-0.00132,-0.0004983,0.5257704,-0.1356468,0.1928004,41.3517928,16.1114453,-8.1524336,255,255,0
81.1,-84.782,-84.782,0.000779617709,0,0.0071089,-0.0014501,-0.000514,0.5380886,-0.1384707,0.1977308,41.4499116,15.4818329,-8.8568293,255,255,0
81.15,-84.817,-84.817,0.000795488096,0,0.0071497,-0.0015818,-0.0005276,0.5501844,-0.1411151,0.2027318,41.5393941,14.8166297,-9.5596091,255,255,0
81.2,-84.852,-84.852,0.000811681551,0,0.007198,-0.0017132,-0.0005387,0.5620511,-0.1435723,0.2078068,41.61952,14.1150594,-10.2583987,255,255,0
81.25,-84.887,-84.887,0.00082820465,0,0.0072516,-0.0018427,-0.000547,0.5736825,-0.1458345,0.2129588,41.6895707,13.3764539,-10.9507297,255,255,0
81.3,-84.922,-84.922,0.000845064104,0,0.0073076,-0.0019688,-0.0005524,0.5850721,-0.1478939,0.2181901,41.748831,12.6002635,-11.6340454,255,255,0
81.35,-84.957,-84.957,0.00086226676,0,0.007363,-0.0020903,-0.0005545,0.5962138,-0.1497428,0.2235022,41.7965906,11.7860682,-12.3057065,255,255,0
81.4,-84.993,-84.993,0.000879819603,0,0.0074146,-0.0022063,-0.0005531,0.6071015,-0.1513735,0.2288964,41.8321457,10.9335879,-12.9629987,255,255,0
81.45,-85.028,-85.028,0.000897729763,0,0.0074593,-0.0023163,-0.0005478,0.6177292,-0.1527784,0.234373,41.8548003,10.0426927,-13.6031402,255,255,0
81.5,-85.063,-85.063,0.000916004514,0,0.0074942,-0.00242,-0.0005384,0.6280911,-0.1539498,0.2399318,41.8638679,9.1134128,-14.2232917,255,255,0
81.55,-85.098,-85.098,0.000934651277,0,0.0075171,-0.0025177,-0.0005246,0.6381817,-0.1548801,0.2455719,41.8586729,8.1459472,-14.8205657,255,255,0
81.6,-85.133,-85.133,0.000953677625,0,0.0075263,-0.0026101,-0.0005061,0.6479955,-0.1555618,0.2512918,41.8385526,7.1406728,-15.3920379,255,255,0
81.65,-85.168,-85.168,0.000973091285,0,0.0075209,-0.002698,-0.0004826,0.6575271,-0.1559875,0.2570892,41.802858,6.0981517,-15.9347592,255,255,0
81.7,-85.204,-85.204,0.000992900142,0,0.0075007,-0.0027827,-0.0004538,0.6667714,-0.1561498,0.2629611,41.7509561,5.0191386,-16.4457685,255,255,0
81.75,-85.239,-85.239,0.00101311224,0,0.0074664,-0.0028657,-0.0004195,0.6757234,-0.1560415,0.2689039,41.6822311,3.9045864,-16.9221063,255,255,0
81.8,-85.274,-85.274,0.00103373579,0,0.0074194,-0.0029486,-0.0003795,0.6843784,-0.1556556,0.2749131,41.5960858,2.7556513,-17.3608294,255,255,0
81.85,-85.309,-85.309,0.00105477916,0,0.0073619,-0.0030331,-0.0003334,0.6927317,-0.1549852,0.2809837,41.4919434,1.5736969,-17.7590259,255,255,0
81.9,-85.344,-85.344,0.00107625091,0,0.0072966,-0.0031208,-0.000281,0.700779,-0.1540238,0.2871098,41.369249,0.3602963,-18.113831,255,255,0
81.95,-85.379,-85.379,0.00109815975,0,0.0072264,-0.0032133,-0.000222,0.7085161,-0.1527647,0.2932849,41.2274706,-0.8827664,-18.4224434,255,255,0
82,-85.414,-85.414,0.00112051458,0,0.0071547,-0.0033119,-0.0001564,0.715939,-0.1512021,0.2995017,41.0661011,-2.1534958,-18.6821419,255,255,0
82.05,-85.45,-85.45,0.00114332448,0,0.0070845,-0.0034178,-0.0000838,0.7230438,-0.14933,0.3057522,40.8846595,-3.4496874,-18.8903028,255,255,0
82.1,-85.485,-85.485,0.00116659871,0,0.0070189,-0.0035316,-0.0000041,0.7298271,-0.147143,0.3120277,40.682692,-4.7689301,-19.0444165,255,255,0
82.15,-85.52,-85.52,0.00119034672,0,0.0069603,-0.0036536,0.0000828,0.7362854,-0.1446361,0.3183189,40.4597737,-6.1086109,-19.1421052,255,255,0
82.2,-85.555,-85.555,0.00121457817,0,0.0069105,-0.0037839,0.0001772,0.7424157,-0.1418047,0.3246157,40.2155096,-7.465921,-19.1811401,255,255,0
82.25,-85.59,-85.59,0.00123930288,0,0.0068708,-0.0039217,0.0002791,0.7482151,-0.1386447,0.3309075,39.9495356,-8.8378636,-19.1594579,255,255,0
82.3,-85.625,-85.625,0.00126453091,0,0.0068414,-0.0040662,0.0003886,0.7536808,-0.1351526,0.3371829,39.6615203,-10.2212631,-19.0751779,255,255,0
82.35,-85.661,-85.661,0.0012902725,0,0.0068218,-0.004216,0.0005059,0.7588104,-0.1313253,0.34343,39.3511653,-11.6127757,-18.9266174,255,255,0
82.4,-85.696,-85.696,0.00131653809,0,0.0068106,-0.0043693,0.0006308,0.7636018,-0.1271605,0.3496363,39.0182065,-13.0089024,-18.7123076,255,255,0
82.45,-85.731,-85.731,0.00134333837,0,0.0068056,-0.0045239,0.0007635,0.768053,-0.1226565,0.3557889,38.6624152,-14.4060021,-18.4310074,255,255,0
82.5,-85.766,-85.766,0.00137068421,0,0.0068042,-0.0046775,0.0009038,0.7721622,-0.1178122,0.3618741,38.2835985,-15.8003076,-18.0817175,255,255,0
82.55,-85.801,-85.801,0.00139858672,0,0.0068031,-0.0048278,0.0010519,0.775928,-0.1126274,0.3678781,37.8816006,-17.187942,-17.6636924,255,255,0
82.6,-85.836,-85.836,0.00142705723,0,0.0067989,-0.004972,0.0012075,0.7793492,-0.1071027,0.3737865,37.4563028,-18.5649364,-17.1764513,255,255,0
82.65,-85.871,-85.871,0.0014561073,0,0.0067882,-0.0051078,0.0013705,0.7824247,-0.1012393,0.3795846,37.0076247,-19.9272497,-16.6197879,255,255,0
82.7,-85.907,-85.907,0.00148574873,0,0.0067677,-0.0052327,0.0015409,0.7851538,-0.0950395,0.3852574,36.535524,-21.2707878,-15.9937787,255,255,0
82.75,-85.942,-85.942,0.00151599357,0,0.0067346,-0.0053446,0.0017183,0.7875362,-0.0885063,0.3907896,36.0399977,-22.5914256,-15.298789,255,255,0
82.8,-85.977,-85.977,0.00154685408,0,0.0066866,-0.0054417,0.0019027,0.7895714,-0.0816437,0.3961658,35.5210817,-23.885028,-14.5354777,255,255,0
82.85,-86.012,-86.012,0.00157834282,0,0.0066223,-0.0055225,0.0020937,0.7912595,-0.0744568,0.4013705,34.978851,-25.1474729,-13.7048007,255,255,0
82.9,-86.047,-86.047,0.00161047255,0,0.006541,-0.0055861,0.0022911,0.7926008,-0.0669513,0.4063881,34.4134203,-26.3746738,-12.8080108,255,255,0
82.95,-86.082,-86.082,0.00164325634,0,0.006443,-0.0056318,0.0024945,0.7935958,-0.0591342,0.4112031,33.8249435,-27.5626025,-11.8466578,255,255,0
83,-86.118,-86.118,0.0016767075,0,0.0063294,-0.0056596,0.0027037,0.7942452,-0.0510133,0.4158,33.2136138,-28.7073128,-10.8225849,255,255,0
83.05,-86.153,-86.153,0.00171083961,0,0.0062022,-0.0056698,0.0029181,0.79455,-0.0425974,0.4201635,32.5796631,-29.8049634,-9.7379239,255,255,0
83.1,-86.188,-86.188,0.00174566654,0,0.0060642,-0.0056633,0.0031375,0.7945114,-0.0338964,0.4242786,31.9233623,-30.8518402,-8.5950879,255,255,0
83.15,-86.223,-86.223,0.00178120242,0,0.0059184,-0.0056412,0.0033613,0.794131,-0.0249211,0.4281306,31.2450203,-31.8443788,-7.3967629,255,255,0
83.2,-86.258,-86.258,0.0018174617,0,0.0057686,-0.0056052,0.0035891,0.7934103,-0.0156833,0.4317052,30.5449835,-32.7791859,-6.1458966,255,255,0
83.25,-86.282,-86.282,0.00185437434,0,0.0056182,-0.0055569,0.0038205,0.7923515,-0.0061958,0.4349886,29.8236356,-33.6530601,-4.8456855,255,255,0
83.3,-86.28,-86.28,0.00189182917,0,0.0054709,-0.0054982,0.0040548,0.7909565,0.0035279,0.4379675,29.0813963,-34.4630109,-3.4995605,255,255,0
83.35,-86.278,-86.278,0.00193004051,0,0.0053298,-0.0054311,0.0042916,0.7892279,0.013473,0.4406292,28.3187208,-35.2062776,-2.1111709,255,255,0
83.4,-86.276,-86.276,0.00196902365,0,0.0051974,-0.0053576,0.0045303,0.7871682,0.0236241,0.4429619,27.5360986,-35.8803461,-0.6843659,255,255,0
83.45,-86.273,-86.273,0.00200879418,0,0.0050757,-0.0052793,0.0047704,0.7847803,0.0339651,0.4449543,26.734053,-36.4829638,0.7768241,255,255,0
83.5,-86.271,-86.271,0.00204936799,0,0.0049657,-0.0051978,0.0050112,0.7820672,0.0444787,0.4465962,25.9131392,-37.0121539,2.268208,255,255,0
83.55,-86.269,-86.269,0.00209076132,0,0.0048673,-0.0051143,0.0052522,0.7790322,0.0551473,0.447878,25.0739437,-37.4662272,3.7854563,255,255,0
83.6,-86.267,-86.267,0.00213299071,0,0.0047798,-0.0050296,0.0054928,0.7756787,0.0659523,0.4487915,24.2170829,-37.8437917,5.3241233,255,255,0
83.65,-86.264,-86.264,0.00217607306,0,0.0047015,-0.0049442,0.0057324,0.7720104,0.0768748,0.449329,23.3432015,-38.1437612,6.8796706,255,255,0
83.7,-86.262,-86.262,0.00222002559,0,0.0046297,-0.004858,0.0059703,0.7680311,0.087895,0.4494843,22.4529713,-38.3653609,8.4474912,255,255,0
83.75,-86.26,-86.26,0.00226486587,0,0.0045614,-0.0047705,0.0062061,0.7637448,0.0989931,0.4492521,21.5470896,-38.5081316,10.022934,255,255,0
83.8,-86.258,-86.258,0.00231061185,0,0.0044931,-0.0046809,0.0064389,0.7591558,0.1101484,0.4486283,20.6262777,-38.5719312,11.6013285,255,255,0
83.85,-86.255,-86.255,0.0023572818,0,0.004421,-0.004588,0.0066684,0.7542684,0.1213403,0.4476101,19.6912794,-38.5569346,13.1780092,255,255,0
83.9,-86.253,-86.253,0.0024048944,0,0.0043415,-0.00449,0.0068938,0.7490872,0.1325478,0.4461957,18.742859,-38.4636312,14.7483403,255,255,0
83.95,-86.251,-86.251,0.00245346869,0,0.0042512,-0.0043853,0.0071147,0.7436168,0.1437497,0.4443848,17.7817998,-38.2928204,16.3077395,255,255,0
84,-86.249,-86.249,0.00250302408,0,0.0041475,-0.0042719,0.0073304,0.7378622,0.1549248,0.4421782,16.8089024,-38.0456051,17.8517019,255,255,0
84.05,-86.247,-86.247,0.00255358039,0,0.0040281,-0.0041477,0.0075404,0.7318282,0.1660521,0.4395779,15.824983,-37.7233832,19.3758222,255,255,0
84.1,-86.244,-86.244,0.00260515785,0,0.0038919,-0.0040108,0.0077443,0.7255201,0.1771103,0.4365873,14.8308711,-37.3278376,20.8758169,255,255,0
84.15,-86.242,-86.242,0.00265777707,0,0.0037387,-0.0038594,0.0079415,0.7189431,0.1880788,0.4332111,13.8274083,-36.8609236,22.347545,255,255,0
84.2,-86.24,-86.24,0.00271145911,0,0.0035691,-0.0036921,0.0081316,0.7121026,0.1989369,0.4294552,12.815446,-36.3248556,23.7870269,255,255,0
84.25,-86.238,-86.238,0.00276622541,0,0.0033849,-0.0035076,0.0083141,0.7050041,0.2096644,0.4253265,11.7958439,-35.722092,25.1904634,255,255,0
84.3,-86.235,-86.235,0.00282209789,0,0.0031886,-0.0033052,0.0084886,0.6976531,0.2202418,0.4208334,10.7694679,-35.0553185,26.5542513,255,255,0
84.35,-86.233,-86.233,0.00287909889,0,0.0029835,-0.0030847,0.0086547,0.6900555,0.2306497,0.4159853,9.7371882,-34.3274306,27.8749992,255,255,0
84.4,-86.231,-86.231,0.0029372512,0,0.0027732,-0.0028462,0.0088122,0.682217,0.2408697,0.4107928,8.6998777,-33.5415146,29.1495405,255,255,0
84.45,-86.229,-86.229,0.00299657808,0,0.0025619,-0.0025906,0.0089606,0.6741434,0.2508839,0.4052676,7.65841,-32.7008283,30.3749448,255,255,0
84.5,-86.226,-86.226,0.00305710325,0,0.0023535,-0.0023191,0.0090997,0.6658409,0.2606751,0.3994222,6.6136577,-31.8087807,31.5485279,255,255,0
84.55,-86.224,-86.224,0.00311885091,0,0.0021517,-0.0020336,0.0092294,0.6573153,0.2702272,0.3932704,5.5664906,-30.8689113,32.6678598,255,255,0
84.6,-86.222,-86.222,0.00318184575,0,0.00196,-0.0017362,0.0093492,0.6485728,0.2795248,0.3868267,4.5177738,-29.8848688,33.7307706,255,255,0
84.65,-86.22,-86.22,0.00324611297,0,0.0017808,-0.0014295,0.0094592,0.6396195,0.2885533,0.3801065,3.4683662,-28.8603899,34.735355,255,255,0
84.7,-86.217,-86.217,0.00331167826,0,0.001616,-0.0011162,0.0095592,0.6304617,0.2972995,0.3731258,2.4191188,-27.7992784,35.6799744,255,255,0
84.75,-86.215,-86.215,0.00337856785,0,0.0014662,-0.0007994,0.009649,0.6211056,0.3057508,0.3659015,1.3708731,-26.7053837,36.563258,255,255,0
84.8,-86.213,-86.213,0.00344680849,0,0.0013312,-0.000482,0.0097287,0.6115575,0.3138959,0.3584511,0.3244594,-25.5825802,37.3841016,255,255,0
84.85,-86.211,-86.211,0.00351642745,0,0.0012098,-0.000167,0.0097982,0.6018236,0.3217247,0.3507926,-0.7193046,-24.4347472,38.1416646,255,255,0
84.9,-86.208,-86.208,0.00358745258,0,0.0010997,0.000143,0.0098575,0.5919104,0.329228,0.3429443,-1.7596153,-23.2657489,38.8353662,255,255,0
84.95,-86.206,-86.206,0.00365991229,0,0.000998,0.0004454,0.0099067,0.5818242,0.3363978,0.3349252,-2.7956845,-22.0794159,39.4648793,255,255,0
85,-86.204,-86.204,0.00373383554,0,0.000901,0.0007382,0.0099459,0.5715713,0.3432274,0.3267542,-3.8267407,-20.8795267,40.0301233,255,255,0
85.05,-86.029,-86.029,0.00379403895,0,0.0009587,0.0012147,0.0118811,0.5611581,0.3497112,0.3184508,-4.8519779,-19.6695776,40.5308164,255,255,0
85.1,-85.854,-85.854,0.00385518933,0,0.0009744,0.0017802,0.0138015,0.550591,0.3558445,0.3100344,-5.8706923,-18.453433,40.9677746,255,255,0
85.15,-85.678,-85.678,0.00391726848,0,0.0009406,0.0024259,0.0157018,0.5398763,0.3616242,0.3015245,-6.8821703,-17.2346174,41.3416038,255,255,0
85.2,-85.503,-85.503,0.00398028964,0,0.0008477,0.0031435,0.017577,0.5290203,0.3670481,0.2929406,-7.8857193,-16.0165417,41.6531161,255,255,0
85.25,-85.328,-85.328,0.00404426623,0,0.0006849,0.003926,0.0194226,0.5180295,0.3721149,0.284302,-8.8806692,-14.8024904,41.9033175,255,255,0
85.3,-85.153,-85.153,0.00410921186,0,0.0004412,0.0047679,0.0212339,0.50691,0.3768249,0.275628,-9.8663731,-13.5956102,42.0933947,255,255,0
85.35,-84.977,-84.977,0.00417514032,0,0.0001065,0.0056655,0.023007,0.4956682,0.381179,0.2669375,-10.8422078,-12.3989007,42.2247014,255,255,0
85.4,-84.802,-84.802,0.00424206556,0,-0.0003271,0.0066172,0.0247381,0.4843103,0.3851794,0.2582492,-11.8075748,-11.2152049,42.2987446,255,255,0
85.45,-84.627,-84.627,0.00431000174,0,-0.0008646,0.0076234,0.0264236,0.4728425,0.3888292,0.2495813,-12.7619008,-10.0472028,42.31717,255,255,0
85.5,-84.452,-84.452,0.00437896319,0,-0.0015072,0.0086863,0.0280606,0.461271,0.3921324,0.2409516,-13.7046384,-8.8974046,42.2817478,255,255,0
85.55,-84.276,-84.276,0.00444896446,0,-0.0022518,0.00981,0.0296461,0.4496018,0.3950939,0.2323775,-14.6352663,-7.7681466,42.1943583,255,255,0
85.6,-84.101,-84.101,0.00452002027,0,-0.0030907,0.0109998,0.0311778,0.4378411,0.3977196,0.2238759,-15.5532898,-6.6615872,42.056977,255,255,0
85.65,-83.926,-83.926,0.00459214552,0,-0.0040123,0.0122616,0.0326535,0.425995,0.400016,0.2154628,-16.458241,-5.579705,41.8716608,255,255,0
85.7,-83.75,-83.75,0.00466535534,0,-0.0050012,0.0136019,0.0340715,0.4140692,0.4019905,0.2071539,-17.3496794,-4.5242974,41.6405339,255,255,0
85.75,-83.575,-83.575,0.00473966504,0,-0.0060393,0.0150266,0.0354303,0.4020698,0.403651,0.1989641,-18.2271913,-3.4969804,41.3657741,255,255,0
85.8,-83.4,-83.4,0.00481509014,0,-0.0071071,0.0165406,0.0367289,0.3900026,0.4050062,0.1909076,-19.0903907,-2.49919,41.0495996,255,255,0
85.85,-83.225,-83.225,0.00489164636,0,-0.0081848,0.0181471,0.0379664,0.3778734,0.4060652,0.1829979,-19.9389186,-1.5321839,40.6942564,255,255,0
85.9,-83.049,-83.049,0.00496934963,0,-0.0092543,0.0198474,0.0391424,0.3656879,0.4068378,0.1752478,-20.7724434,-0.5970441,40.302006,255,255,0
85.95,-82.874,-82.874,0.00504821609,0,-0.0103001,0.0216399,0.0402568,0.3534518,0.4073342,0.1676692,-21.5906603,0.3053191,39.8751141,255,255,0
86,-82.699,-82.699,0.0051282621,0,-0.0113108,0.0235204,0.0413095,0.3411705,0.4075647,0.1602733,-22.3932916,1.1741631,39.4158395,255,255,0
86.05,-82.523,-82.523,0.00520950422,0,-0.0122802,0.0254813,0.0423012,0.3288498,0.4075403,0.1530706,-23.180086,2.0089075,38.9264244,255,255,0
86.1,-82.348,-82.348,0.00529195923,0,-0.0132081,0.0275124,0.0432323,0.3164949,0.4072721,0.1460706,-23.9508182,2.8091289,38.4090844,255,255,0
86.15,-82.173,-82.173,0.00537564413,0,-0.0141003,0.0296002,0.0441038,0.3041112,0.4067713,0.1392822,-24.705289,3.5745549,37.8660004,255,255,0
86.2,-81.997,-81.997,0.00546057617,0,-0.0149688,0.0317291,0.0449169,0.2917041,0.4060495,0.1327134,-25.4433243,4.3050568,37.2993104,255,255,0
86.25,-81.822,-81.822,0.00554677279,0,-0.015831,0.0338813,0.0456729,0.2792788,0.4051183,0.1263715,-26.1647748,5.0006435,36.7111026,255,255,0
86.3,-81.647,-81.647,0.00563425167,0,-0.0167083,0.0360378,0.0463734,0.2668403,0.4039891,0.120263,-26.8695155,5.6614538,36.1034088,255,255,0
86.35,-81.471,-81.471,0.00572303072,0,-0.0176253,0.0381792,0.0470202,0.2543939,0.4026737,0.1143936,-27.5574449,6.2877495,35.4781993,255,255,0
86.4,-81.296,-81.296,0.0058131281,0,-0.0186075,0.0402862,0.0476151,0.2419443,0.4011835,0.1087683,-28.2284846,6.879907,34.8373777,255,255,0
86.45,-81.12,-81.12,0.00590456219,0,-0.0196798,0.042341,0.0481602,0.2294966,0.3995301,0.1033913,-28.8825782,7.4384104,34.182777,255,255,0
86.5,-80.945,-80.945,0.00599735161,0,-0.0208642,0.0443276,0.0486577,0.2170555,0.3977247,0.0982663,-29.519691,7.9638437,33.5161564,255,255,0
86.55,-80.77,-80.77,0.00609151523,0,-0.0221781,0.046233,0.04911,0.2046259,0.3957784,0.0933961,-30.1398091,8.4568825,32.8391985,255,255,0
86.6,-80.594,-80.594,0.00618707216,0,-0.0236329,0.0480477,0.0495196,0.1922123,0.3937022,0.088783,-30.7429384,8.9182871,32.1535072,255,255,0
86.65,-80.419,-80.419,0.00628404176,0,-0.0252324,0.0497663,0.0498889,0.1798195,0.3915066,0.0844285,-31.329104,9.3488948,31.4606067,255,255,0
86.7,-80.244,-80.244,0.00638244366,0,-0.0269723,0.0513878,0.0502206,0.1674518,0.3892021,0.0803336,-31.8983494,9.7496122,30.7619407,255,255,0
86.75,-80.068,-80.068,0.0064822977,0,-0.0288402,0.0529157,0.0505173,0.1551137,0.3867988,0.0764989,-32.4507352,10.1214085,30.0588718,255,255,0
86.8,-79.893,-79.893,0.00658362403,0,-0.0308156,0.054358,0.0507818,0.1428097,0.3843063,0.0729242,-32.9863388,10.4653081,29.3526824,255,255,0
86.85,-79.717,-79.717,0.00668644302,0,-0.032871,0.0557269,0.0510169,0.1305439,0.3817339,0.0696089,-33.5052533,10.7823843,28.6445751,255,255,0
86.9,-79.542,-79.542,0.00679077533,0,-0.0349738,0.0570381,0.0512253,0.1183205,0.3790907,0.066552,-34.0075862,11.0737523,27.9356744,255,255,0
86.95,-79.367,-79.367,0.00689664187,0,-0.0370876,0.0583104,0.0514099,0.1061438,0.3763853,0.0637518,-34.4934591,11.3405636,27.227028,255,255,0
87,-79.191,-79.191,0.00700406384,0,-0.0391753,0.0595643,0.0515736,0.0940177,0.3736257,0.0612065,-34.9630065,11.5839995,26.5196087,255,255,0
87.05,-79.016,-79.016,0.00711306269,0,-0.0412008,0.0608214,0.051719,0.0819462,0.3708198,0.0589137,-35.4163746,11.8052659,25.8143176,255,255,0
87.1,-78.84,-78.84,0.00722366017,0,-0.043132,0.0621032,0.051849,0.0699333,0.3679748,0.0568707,-35.8537211,12.0055878,25.1119856,255,255,0
87.15,-78.665,-78.665,0.00733587829,0,-0.044943,0.0634297,0.0519665,0.0579827,0.3650976,0.0550744,-36.2752135,12.1862043,24.4133774,255,255,0
87.2,-78.489,-78.489,0.00744973936,0,-0.0466158,0.0648187,0.0520742,0.0460983,0.3621945,0.0535217,-36.6810287,12.348364,23.7191937,255,255,0
87.25,-78.314,-78.314,0.00756526596,0,-0.0481422,0.0662844,0.0521747,0.0342837,0.3592717,0.0522088,-37.0713518,12.4933204,23.0300753,255,255,0
87.3,-78.138,-78.138,0.00768248098,0,-0.0495243,0.0678369,0.0522709,0.0225425,0.3563345,0.0511319,-37.4463755,12.6223281,22.346606,255,255,0
87.35,-77.963,-77.963,0.00780140759,0,-0.0507749,0.0694811,0.0523654,0.0108783,0.3533881,0.0502871,-37.8062992,12.7366386,21.6693161,255,255,0
87.4,-77.788,-77.788,0.00792206927,0,-0.0519169,0.0712165,0.0524607,-0.0007054,0.3504371,0.0496699,-38.1513276,12.837497,20.9986867,255,255,0
87.45,-77.612,-77.612,0.00804448979,0,-0.0529819,0.0730372,0.0525594,-0.0122052,0.3474856,0.049276,-38.4816708,12.9261387,20.3351526,255,255,0
87.5,-77.437,-77.437,0.00816869322,0,-0.0540084,0.0749314,0.052664,-0.0236179,0.3445375,0.0491007,-38.7975425,13.0037865,19.6791066,255,255,0
87.55,-77.261,-77.261,0.00829470396,0,-0.0550393,0.0768824,0.052777,-0.03494,0.341596,0.0491395,-39.09916,13.0716475,19.0309029,255,255,0
87.6,-77.086,-77.086,0.0084225467,0,-0.0561191,0.078869,0.0529007,-0.0461684,0.3386641,0.0493874,-39.3867429,13.1309109,18.390861,255,255,0
87.65,-76.91,-76.91,0.00855224645,0,-0.0572909,0.0808662,0.0530374,-0.0573,0.3357442,0.0498396,-39.6605125,13.1827457,17.7592693,255,255,0
87.7,-76.735,-76.735,0.00868382856,0,-0.0585929,0.0828466,0.0531894,-0.0683316,0.3328385,0.050491,-39.9206913,13.2282981,17.1363885,255,255,0
87.75,-76.559,-76.559,0.00881731868,0,-0.0600563,0.0847816,0.0533588,-0.0792602,0.3299486,0.0513366,-40.1675018,13.2686903,16.5224557,255,255,0
87.8,-76.384,-76.384,0.00895274278,0,-0.0617025,0.0866426,0.0535479,-0.090083,0.327076,0.0523713,-40.4011663,13.3050182,15.9176872,255,255,0
87.85,-76.208,-76.208,0.0090901272,0,-0.0635409,0.0884026,0.0537586,-0.1007969,0.3242217,0.05359,-40.621906,13.33835,15.322282,255,255,0
87.9,-76.033,-76.033,0.00922949857,0,-0.0655686,0.0900376,0.053993,-0.1113992,0.3213862,0.0549875,-40.8299404,13.3697247,14.7364255,255,255,0
87.95,-75.857,-75.857,0.00937088389,0,-0.0677696,0.0915277,0.054253,-0.1218871,0.3185699,0.0565586,-41.025487,13.4001508,14.1602917,255,255,0
88,-75.682,-75.682,0.00951431049,0,-0.0701155,0.0928583,0.0545404,-0.1322579,0.3157729,0.0582982,-41.2087602,13.4306052,13.5940469,255,255,0
88.05,-75.506,-75.506,0.00965980605,0,-0.0725671,0.094021,0.0548571,-0.1425088,0.3129948,0.0602012,-41.3799711,13.4620319,13.037852,255,255,0
88.1,-75.331,-75.331,0.00980739861,0,-0.0750766,0.0950143,0.0552049,-0.1526374,0.310235,0.0622623,-41.5393271,13.495341,12.4918652,255,255,0
88.15,-75.155,-75.155,0.00995711653,0,-0.0775905,0.0958435,0.0555853,-0.1626412,0.3074928,0.0644764,-41.6870313,13.5314081,11.9562446,255,255,0
88.2,-74.98,-74.98,0.0101089886,0,-0.0800529,0.0965213,0.0560001,-0.1725175,0.3047669,0.0668385,-41.8232819,13.571073,11.4311502,255,255,0
88.25,-74.804,-74.804,0.0102630439,0,-0.0824094,0.0970669,0.0564508,-0.182264,0.3020562,0.0693435,-41.9482722,13.6151391,10.9167464,255,255,0
88.3,-74.628,-74.628,0.0104193119,0,-0.0846106,0.0975052,0.056939,-0.1918784,0.2993591,0.0719862,-42.0621898,13.6643727,10.4132033,255,255,0
88.35,-74.453,-74.453,0.0105778224,0,-0.0866152,0.0978664,0.057466,-0.2013584,0.2966738,0.0747618,-42.1652167,13.7195023,9.9206988,255,255,0
88.4,-74.277,-74.277,0.0107386057,0,-0.0883934,0.098184,0.0580334,-0.2107017,0.2939983,0.0776651,-42.2575286,13.7812177,9.4394201,255,255,0
88.45,-74.102,-74.102,0.0109016924,0,-0.0899291,0.0984937,0.0586424,-0.2199061,0.2913307,0.0806913,-42.3392948,13.8501697,8.969565,255,255,0
88.5,-73.926,-73.926,0.0110671135,0,-0.0912211,0.0988315,0.0592944,-0.2289695,0.2886686,0.0838355,-42.410678,13.9269694,8.5113429,255,255,0
88.55,-73.751,-73.751,0.0112349004,0,-0.0922835,0.0992323,0.0599907,-0.2378898,0.2860096,0.0870928,-42.4718341,14.0121874,8.0649759,255,255,0
88.6,-73.575,-73.575,0.0114050848,0,-0.0931454,0.0997279,0.0607324,-0.2466651,0.2833512,0.0904583,-42.5229119,14.1063536,7.6306993,255,255,0
88.65,-73.399,-73.399,0.011577699,0,-0.0938491,0.1003456,0.0615207,-0.2552933,0.2806909,0.0939273,-42.564053,14.2099566,7.2087627,255,255,0
88.7,-73.224,-73.224,0.0117527754,0,-0.0944474,0.1011065,0.0623567,-0.2637726,0.2780258,0.097495,-42.5953918,14.3234429,6.7994298,255,255,0
88.75,-73.048,-73.048,0.0119303471,0,-0.0950008,0.1020249,0.0632415,-0.2721012,0.2753531,0.1011567,-42.6170553,14.4472168,6.4029788,255,255,0
88.8,-72.873,-72.873,0.0121104475,0,-0.095573,0.1031067,0.0641762,-0.2802772,0.2726701,0.1049076,-42.629163,14.5816398,6.0197024,255,255,0
88.85,-72.697,-72.697,0.0122931105,0,-0.0962273,0.1043494,0.0651616,-0.288299,0.2699738,0.1087431,-42.6318271,14.7270301,5.6499078,255,255,0
88.9,-72.522,-72.522,0.0124783702,0,-0.0970218,0.1057421,0.0661988,-0.2961648,0.2672611,0.1126586,-42.6251521,14.8836625,5.2939161,255,255,0
88.95,-72.346,-72.346,0.0126662613,0,-0.0980057,0.1072653,0.0672886,-0.3038732,0.2645293,0.1166495,-42.6092354,15.0517677,4.9520618,255,255,0
89,-72.17,-72.17,0.012856819,0,-0.0992154,0.1088921,0.0684318,-0.3114224,0.2617752,0.1207111,-42.5841667,15.231532,4.6246923,255,255,0
89.05,-71.995,-71.995,0.0130500788,0,-0.1006723,0.110589,0.0696293,-0.3188111,0.2589959,0.1248389,-42.5500285,15.4230976,4.3121668,255,255,0
89.1,-71.819,-71.819,0.0132460766,0,-0.1023807,0.1123175,0.0708818,-0.3260378,0.2561884,0.1290283,-42.5068962,15.6265614,4.0148557,255,255,0
89.15,-71.643,-71.643,0.013444849,0,-0.1043266,0.1140358,0.07219,-0.3331012,0.2533497,0.1332749,-42.4548381,15.8419757,3.7331389,255,255,0
89.2,-71.468,-71.468,0.0136464327,0,-0.1064792,0.1157004,0.0735545,-0.3399999,0.250477,0.137574,-42.3939154,16.0693476,3.467405,255,255,0
89.25,-71.292,-71.292,0.0138508652,0,-0.1087917,0.1172686,0.0749761,-0.3467326,0.2475674,0.1419213,-42.3241827,16.3086394,3.2180497,255,255,0
89.3,-71.116,-71.116,0.0140581842,0,-0.1112041,0.1187001,0.0764551,-0.3532984,0.244618,0.1463122,-42.2456882,16.5597679,2.9854741,255,255,0
89.35,-70.941,-70.941,0.0142684281,0,-0.1136472,0.119959,0.0779922,-0.3596959,0.2416262,0.1507422,-42.1584734,16.8226053,2.7700835,255,255,0
89.4,-70.765,-70.765,0.0144816356,0,-0.116047,0.1210158,0.0795877,-0.3659241,0.2385892,0.1552069,-42.0625739,17.0969788,2.5722851,255,255,0
89.45,-70.59,-70.59,0.014697846,0,-0.1183287,0.1218486,0.0812422,-0.371982,0.2355046,0.1597019,-41.9580193,17.3826713,2.3924866,255,255,0
89.5,-70.414,-70.414,0.0149170989,0,-0.1204227,0.1224445,0.0829558,-0.3778688,0.2323698,0.1642227,-41.8448339,17.6794213,2.2310938,255,255,0
89.55,-70.238,-70.238,0.0151394346,0,-0.1222683,0.1228001,0.084729,-0.3835835,0.2291825,0.1687649,-41.7230363,17.9869239,2.0885093,255,255,0
89.6,-70.062,-70.062,0.0153648937,0,-0.1238186,0.1229222,0.0865619,-0.3891253,0.2259404,0.1733241,-41.5926402,18.304831,1.9651295,255,255,0
89.65,-69.887,-69.887,0.0155935176,0,-0.1250434,0.1228273,0.0884547,-0.3944934,0.2226414,0.1778959,-41.4536547,18.6327521,1.8613433,255,255,0
89.7,-69.711,-69.711,0.0158253479,0,-0.1259316,0.1225408,0.0904075,-0.3996873,0.2192835,0.182476,-41.3060845,18.9702553,1.7775295,255,255,0
89.75,-69.535,-69.535,0.0160604269,0,-0.1264925,0.1220966,0.0924203,-0.4047062,0.2158649,0.1870599,-41.14993,19.3168676,1.7140547,255,255,0
89.8,-69.36,-69.36,0.0162987973,0,-0.1267554,0.1215349,0.0944932,-0.4095497,0.2123837,0.1916433,-40.9851882,19.6720767,1.6712711,255,255,0
89.85,-69.184,-69.184,0.0165405024,0,-0.1267679,0.1209009,0.096626,-0.4142172,0.2088385,0.1962219,-40.8118524,20.0353318,1.6495142,255,255,0
89.9,-69.008,-69.008,0.0167855861,0,-0.1265933,0.1202422,0.0988185,-0.4187083,0.2052278,0.2007915,-40.6299133,20.4060447,1.6491007,255,255,0
89.95,-68.833,-68.833,0.0170340927,0,-0.1263067,0.1196069,0.1010706,-0.4230227,0.2015503,0.2053476,-40.4393587,20.7835916,1.6703265,255,255,0
90,-68.657,-68.657,0.017286067,0,-0.12599,0.1190413,0.1033819,-0.4271601,0.197805,0.2098862,-40.2401742,21.1673144,1.713464,255,255,0
90.05,-68.481,-68.481,0.0175415547,0,-0.1257268,0.1185872,0.1057521,-0.4311203,0.1939909,0.214403,-40.0323434,21.5565222,1.7787604,255,255,0
90.1,-68.305,-68.305,0.0178006015,0,-0.1255969,0.1182804,0.1081806,-0.4349031,0.1901073,0.2188938,-39.8158487,21.9504936,1.8664358,255,255,0
90.15,-68.13,-68.13,0.0180632543,0,-0.1256707,0.1181483,0.110667,-0.4385085,0.1861535,0.2233545,-39.5906712,22.348478,1.9766807,255,255,0
90.2,-67.954,-67.954,0.01832956,0,-0.1260046,0.1182084,0.1132106,-0.4419364,0.1821291,0.2277809,-39.3567913,22.749698,2.1096546,255,255,0
90.25,-67.778,-67.778,0.0185995664,0,-0.1266369,0.1184678,0.1158107,-0.4451869,0.178034,0.2321692,-39.1141889,23.1533514,2.2654838,255,255,0
90.3,-67.603,-67.603,0.0188733219,0,-0.127585,0.1189218,0.1184666,-0.4482601,0.173868,0.2365153,-38.8628444,23.5586134,2.4442601,255,255,0
90.35,-67.427,-67.427,0.0191508752,0,-0.1288437,0.1195545,0.1211773,-0.4511562,0.1696313,0.2408152,-38.6027382,23.9646389,2.6460388,255,255,0
90.4,-67.251,-67.251,0.019432276,0,-0.1303849,0.120339,0.1239421,-0.4538755,0.1653242,0.2450652,-38.3338517,24.3705651,2.8708374,255,255,0
90.45,-67.075,-67.075,0.0197175742,0,-0.1321598,0.1212382,0.1267597,-0.4564184,0.1609471,0.2492614,-38.0561676,24.7755139,3.1186346,255,255,0
90.5,-66.899,-66.899,0.0200068207,0,-0.1341007,0.1222067,0.1296292,-0.4587851,0.1565007,0.2534001,-37.7696699,25.1785944,3.3893684,255,255,0
90.55,-66.724,-66.724,0.0203000667,0,-0.136126,0.1231926,0.1325493,-0.4609763,0.1519858,0.2574777,-37.4743449,25.5789057,3.6829358,255,255,0
90.6,-66.548,-66.548,0.0205973642,0,-0.1381447,0.1241395,0.1355188,-0.4629923,0.1474035,0.2614907,-37.1701809,25.9755395,3.9991914,255,255,0
90.65,-66.372,-66.372,0.0208987657,0,-0.1400624,0.1249893,0.1385363,-0.4648339,0.1427549,0.2654356,-36.857169,26.367583,4.337947,255,255,0
90.7,-66.196,-66.196,0.0212043245,0,-0.1417875,0.1256847,0.1416003,-0.4665017,0.1380414,0.2693091,-36.5353033,26.7541214,4.6989708,255,255,0
90.75,-66.021,-66.021,0.0215140945,0,-0.1432373,0.126172,0.1447095,-0.4679965,0.1332645,0.273108,-36.2045814,27.1342412,5.0819874,255,255,0
90.8,-65.845,-65.845,0.0218281301,0,-0.1443432,0.1264033,0.1478621,-0.4693191,0.128426,0.2768289,-35.8650042,27.5070326,5.486677,255,255,0
90.85,-65.669,-65.669,0.0221464865,0,-0.1450559,0.1263391,0.1510565,-0.4704703,0.1235276,0.2804691,-35.5165769,27.8715927,5.9126761,255,255,0
90.9,-65.493,-65.493,0.0224692196,0,-0.1453486,0.1259501,0.154291,-0.4714511,0.1185714,0.2840255,-35.159309,28.2270278,6.359577,255,255,0
90.95,-65.317,-65.317,0.022796386,0,-0.1452193,0.1252188,0.1575638,-0.4722625,0.1135595,0.2874954,-34.7932143,28.572457,6.8269287,255,255,0
91,-65.142,-65.142,0.0231280427,0,-0.1446912,0.1241401,0.1608729,-0.4729056,0.1084942,0.2908762,-34.4183118,28.9070143,7.314237,255,255,0
91.05,-64.966,-64.966,0.0234642477,0,-0.1438115,0.1227221,0.1642165,-0.4733816,0.1033781,0.2941652,-34.0346255,29.2298514,7.8209657,255,255,0
91.1,-64.79,-64.79,0.0238050596,0,-0.142649,0.1209858,0.1675925,-0.4736917,0.0982136,0.2973602,-33.6421847,29.5401409,8.3465368,255,255,0
91.15,-64.614,-64.614,0.0241505376,0,-0.1412895,0.1189641,0.1709988,-0.4738371,0.0930035,0.3004589,-33.2410245,29.8370783,8.8903322,255,255,0
91.2,-64.438,-64.438,0.0245007419,0,-0.1398306,0.1167004,0.1744334,-0.4738193,0.0877506,0.3034593,-32.8311856,30.1198847,9.4516945,255,255,0
91.25,-64.262,-64.262,0.0248557331,0,-0.1383755,0.114247,0.177894,-0.4736395,0.0824579,0.3063593,-32.4127149,30.3878095,10.0299287,255,255,0
91.3,-64.087,-64.087,0.0252155727,0,-0.1370263,0.1116624,0.1813785,-0.4732993,0.0771283,0.3091572,-31.9856656,30.6401322,10.6243035,255,255,0
91.35,-63.911,-63.911,0.0255803229,0,-0.135877,0.1090088,0.1848845,-0.4728003,0.0717652,0.3118514,-31.5500972,30.8761652,11.2340532,255,255,0
91.4,-63.735,-63.735,0.0259500466,0,-0.1350078,0.1063491,0.1884097,-0.472144,0.0663717,0.3144405,-31.1060757,31.0952552,11.8583794,255,255,0
91.45,-63.559,-63.559,0.0263248076,0,-0.1344788,0.1037441,0.1919519,-0.471332,0.0609511,0.3169231,-30.6536739,31.2967858,12.496453,255,255,0
91.5,-63.383,-63.383,0.0267046704,0,-0.1343265,0.1012495,0.1955087,-0.4703662,0.0555069,0.319298,-30.1929715,31.4801789,13.1474163,255,255,0
91.55,-63.207,-63.207,0.0270897,0,-0.1345605,0.0989132,0.1990776,-0.4692482,0.0500425,0.3215644,-29.7240548,31.6448964,13.8103852,255,255,0
91.6,-63.031,-63.031,0.0274799627,0,-0.1351629,0.096773,0.2026562,-0.46798,0.0445615,0.3237215,-29.2470174,31.7904418,14.4844516,255,255,0
91.65,-62.856,-62.856,0.0278755252,0,-0.1360886,0.0948545,0.2062422,-0.4665633,0.0390674,0.3257685,-28.7619599,31.9163614,15.1686855,255,255,0
91.7,-62.68,-62.68,0.0282764551,0,-0.1372683,0.09317,0.209833,-0.4650002,0.033564,0.327705,-28.26899,32.0222456,15.8621379,255,255,0
91.75,-62.504,-62.504,0.0286828208,0,-0.1386124,0.0917176,0.2134263,-0.4632926,0.0280548,0.3295308,-27.7682226,32.1077298,16.5638431,255,255,0
91.8,-62.328,-62.328,0.0290946915,0,-0.1400166,0.0904809,0.2170197,-0.4614426,0.0225435,0.3312456,-27.2597796,32.1724951,17.2728212,255,255,0
91.85,-62.152,-62.152,0.0295121374,0,-0.1413689,0.08943,0.2206106,-0.4594522,0.017034,0.3328496,-26.7437901,32.2162693,17.988081,255,255,0
91.9,-61.976,-61.976,0.0299352292,0,-0.1425561,0.0885223,0.2241968,-0.4573238,0.0115298,0.334343,-26.2203906,32.2388269,18.7086224,255,255,0
91.95,-61.8,-61.8,0.0303640389,0,-0.1434718,0.0877047,0.2277758,-0.4550593,0.0060347,0.335726,-25.6897243,32.2399896,19.4334391,255,255,0
92,-61.624,-61.624,0.0307986388,0,-0.1440235,0.0869155,0.2313453,-0.4526612,0.0005524,0.3369993,-25.1519417,32.2196267,20.1615217,255,255,0
92.05,-61.448,-61.448,0.0312391025,0,-0.1441383,0.0860879,0.234903,-0.4501316,-0.0049133,0.3381635,-24.6072001,32.1776542,20.8918598,255,255,0
92.1,-61.272,-61.272,0.0316855043,0,-0.1437685,0.0851524,0.2384465,-0.4474729,-0.0103588,0.3392195,-24.0556638,32.1140356,21.623445,255,255,0
92.15,-61.097,-61.097,0.0321379194,0,-0.1428948,0.0840404,0.2419736,-0.4446876,-0.0157806,0.3401683,-23.4975039,32.0287806,22.3552733,255,255,0
92.2,-60.921,-60.921,0.0325964239,0,-0.141528,0.0826875,0.2454821,-0.4417779,-0.0211748,0.3410109,-22.9328979,31.921945,23.0863479,255,255,0
92.25,-60.745,-60.745,0.0330610948,0,-0.1397089,0.0810363,0.24897,-0.4387465,-0.0265381,0.3417488,-22.3620299,31.7936297,23.8156817,255,255,0
92.3,-60.569,-60.569,0.03353201,0,-0.1375056,0.0790398,0.252435,-0.4355956,-0.0318668,0.3423834,-21.7850905,31.6439802,24.5422996,255,255,0
92.35,-60.393,-60.393,0.0340092484,0,-0.13501,0.0766631,0.2558752,-0.432328,-0.0371575,0.3429161,-21.2022764,31.4731849,25.2652409,255,255,0
92.4,-60.217,-60.217,0.0344928896,0,-0.1323316,0.0738859,0.2592886,-0.4289462,-0.0424069,0.3433488,-20.6137901,31.2814746,25.9835617,255,255,0
92.45,-60.041,-60.041,0.0349830144,0,-0.1295908,0.0707032,0.2626733,-0.4254527,-0.0476117,0.3436833,-20.0198402,31.0691206,26.6963371,255,255,0
92.5,-59.865,-59.865,0.0354797045,0,-0.1269113,0.0671263,0.2660276,-0.4218502,-0.0527685,0.3439214,-19.4206408,30.8364339,27.4026632,255,255,0
92.55,-59.689,-59.689,0.0359830424,0,-0.1244119,0.063182,0.2693496,-0.4181413,-0.0578743,0.3440653,-18.8164111,30.5837628,28.1016593,255,255,0
92.6,-59.513,-59.513,0.0364931118,0,-0.1221985,0.0589121,0.2726378,-0.4143287,-0.062926,0.3441171,-18.2073759,30.311492,28.7924694,255,255,0
92.65,-59.337,-59.337,0.0370099971,0,-0.1203577,0.0543715,0.2758905,-0.4104152,-0.0679205,0.3440791,-17.5937647,30.0200405,29.4742644,255,255,0
92.7,-59.161,-59.161,0.0375337841,0,-0.1189499,0.0496261,0.2791063,-0.4064034,-0.0728551,0.3439538,-16.9758115,29.7098598,30.1462434,255,255,0
92.75,-58.985,-58.985,0.0380645592,0,-0.1180061,0.0447495,0.2822839,-0.4022962,-0.077727,0.3437434,-16.353755,29.3814318,30.8076355,255,255,0
92.8,-58.809,-58.809,0.0386024101,0,-0.1175246,0.0398204,0.2854218,-0.3980962,-0.0825334,0.3434507,-15.7278378,29.0352672,31.4577008,255,255,0
92.85,-58.633,-58.633,0.0391474253,0,-0.1174715,0.0349185,0.288519,-0.3938063,-0.0872719,0.3430782,-15.0983065,28.6719031,32.0957321,255,255,0
92.9,-58.44,-58.44,0.0396996891,0,-0.1177819,0.0301213,0.2915742,-0.3894293,-0.09194,0.3426285,-14.4654112,28.2919011,32.7210554,255,255,0
92.95,-58.193,-58.193,0.0402591656,0,-0.1183643,0.0255006,0.2945866,-0.3849679,-0.0965353,0.3421046,-13.8294054,27.8958451,33.3330317,255,255,0
93,-57.947,-57.947,0.040825888,0,-0.1191059,0.0211185,0.2975552,-0.3804251,-0.1010556,0.3415091,-13.1905453,27.4843392,33.931057,255,255,0
93.05,-57.701,-57.701,0.041399942,0,-0.1198799,0.0170256,0.3004792,-0.3758036,-0.1054989,0.3408449,-12.5490902,27.0580055,34.5145636,255,255,0
93.1,-57.454,-57.454,0.0419814141,0,-0.1205538,0.0132576,0.3033579,-0.3711063,-0.109863,0.340115,-11.9053016,26.617482,35.0830201,255,255,0
93.15,-57.208,-57.208,0.0425703917,0,-0.1209977,0.0098342,0.3061907,-0.366336,-0.1141463,0.3393223,-11.2594431,26.1634202,35.6359324,255,255,0
93.2,-56.961,-56.961,0.0431669633,0,-0.121093,0.0067578,0.3089771,-0.3614956,-0.1183469,0.3384697,-10.61178,25.6964832,36.1728437,255,255,0
93.25,-56.715,-56.715,0.0437712181,0,-0.1207405,0.0040135,0.3117167,-0.356588,-0.1224632,0.3375603,-9.9625794,25.2173437,36.6933347,255,255,0
93.3,-56.468,-56.468,0.0443832465,0,-0.1198668,0.0015694,0.3144092,-0.351616,-0.1264937,0.336597,-9.3121091,24.7266814,37.1970236,255,255,0
93.35,-56.222,-56.222,0.0450031396,0,-0.1184297,-0.0006216,0.3170543,-0.3465825,-0.130437,0.3355828,-8.6606384,24.2251813,37.6835662,255,255,0
93.4,-55.975,-55.975,0.0456309896,0,-0.1164212,-0.0026199,0.319652,-0.3414902,-0.1342919,0.3345209,-8.0084365,23.7135317,38.1526553,255,255,0
93.45,-55.729,-55.729,0.0462668898,0,-0.1138687,-0.0044966,0.3222023,-0.3363421,-0.1380572,0.3334141,-7.3557734,23.192422,38.6040212,255,255,0
93.5,-55.483,-55.483,0.0469109343,0,-0.1108331,-0.0063296,0.3247052,-0.331141,-0.1417319,0.3322656,-6.7029187,22.6625412,39.0374302,255,255,0
93.55,-55.236,-55.236,0.0475632182,0,-0.1074061,-0.0082006,0.3271609,-0.3258897,-0.1453151,0.3310782,-6.0501419,22.1245754,39.4526852,255,255,0
93.6,-54.99,-54.99,0.0482238378,0,-0.1037038,-0.010191,0.3295697,-0.3205911,-0.148806,0.3298551,-5.3977117,21.5792068,39.8496244,255,255,0
93.65,-54.743,-54.743,0.0488928902,0,-0.0998599,-0.0123777,0.3319319,-0.3152479,-0.1522039,0.328599,-4.7458961,21.0271115,40.2281206,255,255,0
93.7,-54.497,-54.497,0.0495704736,0,-0.096017,-0.0148298,0.3342479,-0.3098629,-0.1555083,0.327313,-4.0949616,20.4689577,40.588081,255,255,0
93.75,-54.25,-54.25,0.0502566872,0,-0.0923177,-0.0176048,0.3365183,-0.3044389,-0.1587187,0.3259999,-3.4451735,19.9054049,40.9294459,255,255,0
93.8,-54.003,-54.003,0.0509516314,0,-0.0888948,-0.0207458,0.3387436,-0.2989787,-0.1618347,0.3246626,-2.796795,19.3371018,41.2521878,255,255,0
93.85,-53.757,-53.757,0.0516554074,0,-0.0858632,-0.0242796,0.3409245,-0.293485,-0.1648562,0.3233038,-2.1500877,18.7646852,41.5563107,255,255,0
93.9,-53.51,-53.51,0.0523681178,0,-0.0833118,-0.0282145,0.3430618,-0.2879604,-0.1677828,0.3219263,-1.5053104,18.1887785,41.8418489,255,255,0
93.95,-53.264,-53.264,0.0530898659,0,-0.0812978,-0.0325401,0.3451562,-0.2824078,-0.1706147,0.3205329,-0.8627198,17.6099909,42.108866,255,255,0
94,-53.017,-53.017,0.0538207563,0,-0.0798421,-0.0372272,0.3472086,-0.2768297,-0.1733518,0.319126,-0.2225697,17.0289159,42.3574536,255,255,0
94.05,-52.771,-52.771,0.0545608946,0,-0.0789284,-0.0422291,0.3492199,-0.2712289,-0.1759943,0.3177083,0.4148894,16.4461307,42.5877305,255,255,0
94.1,-52.524,-52.524,0.0553103877,0,-0.0785031,-0.0474831,0.3511912,-0.2656078,-0.1785423,0.3162823,1.04941,15.8621948,42.7998413,255,255,0
94.15,-52.278,-52.278,0.0560693434,0,-0.0784789,-0.0529136,0.3531235,-0.2599692,-0.1809963,0.3148504,1.6807482,15.2776497,42.9939553,255,255,0
94.2,-52.031,-52.031,0.0568378707,0,-0.0787402,-0.0584351,0.3550178,-0.2543155,-0.1833565,0.3134151,2.3086636,14.6930179,43.170265,255,255,0
94.25,-51.784,-51.784,0.0576160797,0,-0.0791501,-0.063956,0.3568753,-0.2486493,-0.1856235,0.3119786,2.93292,14.1088022,43.3289855,255,255,0
94.3,-51.538,-51.538,0.0584040817,0,-0.0795594,-0.0693828,0.3586972,-0.2429731,-0.1877978,0.3105431,3.5532851,13.5254853,43.4703525,255,255,0
94.35,-51.291,-51.291,0.0592019892,0,-0.0798161,-0.0746242,0.3604846,-0.2372893,-0.1898799,0.3091108,4.1695308,12.9435294,43.5946217,255,255,0
94.4,-51.045,-51.045,0.0600099157,0,-0.0797754,-0.0795953,0.362239,-0.2316004,-0.1918706,0.3076837,4.7814337,12.3633757,43.7020673,255,255,0
94.45,-50.798,-50.798,0.0608279761,0,-0.0793094,-0.0842217,0.3639615,-0.2259087,-0.1937706,0.3062639,5.3887749,11.785444,43.7929806,255,255,0
94.5,-50.551,-50.551,0.0616562862,0,-0.0783153,-0.0884427,0.3656534,-0.2202166,-0.1955807,0.3048533,5.99134,11.2101328,43.8676692,255,255,0
94.55,-50.305,-50.305,0.0624949633,0,-0.0767227,-0.0922147,0.3673162,-0.2145264,-0.1973018,0.3034536,6.58892,10.6378192,43.9264555,255,255,0
94.6,-50.058,-50.058,0.0633441258,0,-0.0744986,-0.0955125,0.3689511,-0.2088403,-0.1989347,0.3020666,7.1813105,10.0688582,43.9696756,255,255,0
94.65,-49.811,-49.811,0.0642038933,0,-0.0716497,-0.0983313,0.3705596,-0.2031607,-0.2004803,0.300694,7.7683125,9.5035835,43.997678,255,255,0
94.7,-49.565,-49.565,0.0650743865,0,-0.0682227,-0.1006869,0.3721429,-0.1974896,-0.2019398,0.2993374,8.3497322,8.9423072,44.0108229,255,255,0
94.75,-49.318,-49.318,0.0659557276,0,-0.0643016,-0.1026147,0.3737026,-0.1918292,-0.2033141,0.2979983,8.9253811,8.3853199,44.0094806,255,255,0
94.8,-49.072,-49.072,0.06684804,0,-0.0600026,-0.1041687,0.3752401,-0.1861817,-0.2046043,0.296678,9.4950764,7.8328913,43.9940308,255,255,0
94.85,-48.825,-48.825,0.0677514482,0,-0.0554669,-0.105419,0.3767566,-0.180549,-0.2058115,0.2953779,10.0586406,7.2852698,43.9648612,255,255,0
94.9,-48.578,-48.578,0.0686660782,0,-0.050852,-0.1064483,0.3782538,-0.1749332,-0.2069369,0.2940993,10.6159018,6.7426835,43.9223669,255,255,0
94.95,-48.331,-48.331,0.069592057,0,-0.0463211,-0.1073486,0.3797329,-0.1693363,-0.2079816,0.2928432,11.1666941,6.2053401,43.8669491,255,255,0
95,-48.085,-48.085,0.0705295133,0,-0.0420332,-0.1082164,0.3811954,-0.1637601,-0.2089469,0.2916108,11.710857,5.6734276,43.7990142,255,255,0
95.05,-47.838,-47.838,0.0714785768,0,-0.0389911,-0.1116064,0.3912579,-0.1582066,-0.209834,0.2904031,12.2482358,5.1471145,43.7189732,255,255,0
95.1,-47.591,-47.591,0.0724393786,0,-0.0362953,-0.1151789,0.4012876,-0.1526774,-0.210644,0.2892211,12.7786819,4.6265506,43.6272405,255,255,0
95.15,-47.345,-47.345,0.0734120512,0,-0.0340755,-0.1190339,0.4112853,-0.1471746,-0.2113784,0.2880654,13.3020522,4.1118674,43.5242332,255,255,0
95.2,-47.098,-47.098,0.0743967284,0,-0.0324263,-0.1232648,0.421252,-0.1416996,-0.2120383,0.2869369,13.8182096,3.6031784,43.4103703,255,255,0
95.25,-46.851,-46.851,0.0753935455,0,-0.0313995,-0.1279529,0.4311886,-0.1362543,-0.212625,0.2858364,14.3270229,3.1005802,43.2860721,255,255,0
95.3,-46.605,-46.605,0.0764026389,0,-0.0309983,-0.1331623,0.4410963,-0.1308402,-0.21314,0.2847643,14.8283665,2.6041527,43.1517593,255,255,0
95.35,-46.358,-46.358,0.0774241467,0,-0.0311751,-0.1389361,0.4509764,-0.1254589,-0.2135844,0.2837213,15.3221211,2.1139599,43.0078524,255,255,0
95.4,-46.111,-46.111,0.0784582081,0,-0.0318329,-0.1452922,0.4608301,-0.120112,-0.2139596,0.2827078,15.8081727,1.6300507,42.8547711,255,255,0
95.45,-45.864,-45.864,0.079504964,0,-0.0328296,-0.152222,0.4706588,-0.1148008,-0.2142669,0.2817242,16.2864136,1.1524592,42.6929338,255,255,0
95.5,-45.618,-45.618,0.0805645566,0,-0.0339867,-0.1596885,0.480464,-0.1095269,-0.2145077,0.2807709,16.7567415,0.6812057,42.5227568,255,255,0
95.55,-45.371,-45.371,0.0816371295,0,-0.0351001,-0.1676277,0.4902473,-0.1042916,-0.2146832,0.279848,17.2190599,0.2162974,42.344654,255,255,0
95.6,-45.124,-45.124,0.0827228277,0,-0.0359531,-0.1759497,0.5000101,-0.0990962,-0.2147949,0.2789559,17.6732783,-0.2422711,42.1590364,255,255,0
95.65,-44.877,-44.877,0.0838217979,0,-0.0363315,-0.1845425,0.5097542,-0.0939419,-0.2148441,0.2780947,18.1193113,-0.694517,41.9663116,255,255,0
95.7,-44.63,-44.63,0.0849341881,0,-0.0360384,-0.1932761,0.5194813,-0.08883,-0.214832,0.2772644,18.5570796,-1.1404686,41.7668834,255,255,0
95.75,-44.384,-44.384,0.0860601479,0,-0.0349087,-0.2020086,0.5291929,-0.0837617,-0.21476,0.2764652,18.9865092,-1.5801645,41.5611513,255,255,0
95.8,-44.137,-44.137,0.0871998282,0,-0.0328217,-0.2105918,0.538891,-0.078738,-0.2146294,0.2756968,19.4075314,-2.0136529,41.3495106,255,255,0
95.85,-43.89,-43.89,0.0883533816,0,-0.0297111,-0.2188789,0.5485772,-0.07376,-0.2144415,0.2749594,19.8200831,-2.4409912,41.1323513,255,255,0
95.9,-43.643,-43.643,0.0895209623,0,-0.025572,-0.2267311,0.5582534,-0.0688287,-0.2141976,0.2742527,20.2241065,-2.862245,40.9100588,255,255,0
95.95,-43.396,-43.396,0.0907027258,0,-0.0204635,-0.2340248,0.5679213,-0.0639451,-0.2138991,0.2735766,20.6195489,-3.2774873,40.6830127,255,255,0
96,-43.15,-43.15,0.0918988294,0,-0.0145069,-0.2406579,0.5775828,-0.05911,-0.2135471,0.2729309,21.0063628,-3.6867983,40.4515871,255,255,0
96.05,-42.903,-42.903,0.0931094319,0,-0.0078796,-0.2465551,0.5872397,-0.0543244,-0.213143,0.2723152,21.3845057,-4.0902643,40.2161503,255,255,0
96.1,-42.656,-42.656,0.0943346936,0,-0.0008055,-0.2516728,0.5968938,-0.0495889,-0.2126881,0.2717293,21.7539402,-4.4879773,39.9770645,255,255,0
96.15,-42.409,-42.409,0.0955747765,0,0.0064588,-0.2560018,0.6065468,-0.0449044,-0.2121834,0.2711729,22.1146335,-4.8800342,39.7346859,255,255,0
96.2,-42.162,-42.162,0.0968298443,0,0.0136403,-0.2595686,0.6162007,-0.0402715,-0.2116304,0.2706456,22.4665578,-5.2665363,39.489364,255,255,0
96.25,-41.915,-41.915,0.0981000621,0,0.0204673,-0.2624353,0.6258571,-0.0356909,-0.2110302,0.2701469,22.8096899,-5.6475886,39.2414422,255,255,0
96.3,-41.668,-41.668,0.0993855969,0,0.026688,-0.2646973,0.6355179,-0.0311632,-0.2103841,0.2696764,23.1440111,-6.0232996,38.991257,255,255,0
96.35,-41.422,-41.422,0.100686617,0,0.0320878,-0.2664795,0.6451846,-0.0266889,-0.2096931,0.2692337,23.4695073,-6.3937799,38.7391386,255,255,0
96.4,-41.175,-41.175,0.102003293,0,0.0365048,-0.2679312,0.6548592,-0.0222685,-0.2089585,0.2688181,23.7861684,-6.7591425,38.4854101,255,255,0
96.45,-40.928,-40.928,0.103335796,0,0.0398428,-0.2692191,0.6645431,-0.0179025,-0.2081815,0.2684293,24.0939891,-7.119502,38.2303879,255,255,0
96.5,-40.681,-40.681,0.104684301,0,0.042079,-0.2705196,0.6742381,-0.0135913,-0.2073632,0.2680666,24.3929677,-7.4749737,37.9743816,255,255,0
96.55,-40.434,-40.434,0.106048983,0,0.0432679,-0.2720106,0.6839457,-0.0093351,-0.2065046,0.2677295,24.6831068,-7.8256739,37.7176939,255,255,0
96.6,-40.187,-40.187,0.107430018,0,0.0435401,-0.2738627,0.6936674,-0.0051344,-0.205607,0.2674174,24.9644128,-8.1717186,37.4606206,255,255,0
96.65,-39.94,-39.94,0.108827585,0,0.043095,-0.2762301,0.7034049,-0.0009894,-0.2046715,0.2671296,25.2368962,-8.5132236,37.2034504,255,255,0
96.7,-39.693,-39.693,0.110241866,0,0.0421896,-0.2792434,0.7131595,0.0030998,-0.203699,0.2668656,25.5005707,-8.850304,36.9464653,255,255,0
96.75,-39.446,-39.446,0.111673042,0,0.041123,-0.2830016,0.7229327,0.0071329,-0.2026907,0.2666246,25.755454,-9.1830737,36.6899401,255,255,0
96.8,-39.199,-39.199,0.113121297,0,0.0402167,-0.2875669,0.7327258,0.0111098,-0.2016476,0.2664061,26.001567,-9.5116449,36.434143,255,255,0
96.85,-38.952,-38.952,0.114586819,0,0.0397942,-0.2929605,0.7425401,0.0150305,-0.2005708,0.2662094,26.2389342,-9.836128,36.1793349,255,255,0
96.9,-38.705,-38.705,0.116069794,0,0.0401588,-0.2991601,0.7523769,0.018895,-0.1994612,0.2660337,26.4675832,-10.1566313,35.9257701,255,255,0
96.95,-38.458,-38.458,0.117570412,0,0.041573,-0.3060998,0.7622373,0.0227031,-0.1983198,0.2658785,26.6875448,-10.4732604,35.6736961,255,255,0
97,-38.212,-38.212,0.119088865,0,0.0442395,-0.3136721,0.7721226,0.026455,-0.1971476,0.265743,26.8988529,-10.786118,35.4233533,255,255,0
97.05,-37.965,-37.965,0.120625346,0,0.0482859,-0.3217319,0.7820339,0.0301508,-0.1959456,0.2656266,27.1015441,-11.0953038,35.1749756,255,255,0
97.1,-37.718,-37.718,0.12218005,0,0.0537544,-0.330102,0.791972,0.0337907,-0.1947147,0.2655285,27.295658,-11.4009142,34.9287899,255,255,0
97.15,-37.471,-37.471,0.123753176,0,0.0605964,-0.3385812,0.8019381,0.0373747,-0.1934558,0.2654481,27.481237,-11.7030418,34.6850168,255,255,0
97.2,-37.224,-37.224,0.125344921,0,0.0686736,-0.3469528,0.811933,0.040903,-0.1921698,0.2653847,27.658326,-12.0017755,34.44387,255,255,0
97.25,-36.977,-36.977,0.126955488,0,0.0777648,-0.3549948,0.8219576,0.0443761,-0.1908576,0.2653375,27.8269725,-12.2972002,34.2055568,255,255,0
97.3,-36.73,-36.73,0.128585078,0,0.0875784,-0.3624901,0.8320126,0.047794,-0.18952,0.265306,27.9872262,-12.5893968,33.9702777,255,255,0
97.35,-36.483,-36.483,0.130233898,0,0.0977702,-0.3692369,0.8420989,0.0511572,-0.188158,0.2652893,28.1391394,-12.8784417,33.738227,255,255,0
97.4,-36.236,-36.236,0.131902155,0,0.1079649,-0.3750586,0.852217,0.0544661,-0.1867723,0.2652869,28.2827664,-13.1644067,33.5095927,255,255,0
97.45,-35.988,-35.988,0.133590056,0,0.1177801,-0.3798128,0.8623676,0.0577209,-0.1853637,0.2652981,28.4181638,-13.4473594,33.2845563,255,255,0
97.5,-35.741,-35.741,0.135297815,0,0.126852,-0.3833988,0.8725513,0.0609221,-0.1839331,0.2653221,28.5453902,-13.7273625,33.0632931,255,255,0
97.55,-35.494,-35.494,0.137025643,0,0.134859,-0.3857632,0.8827685,0.0640702,-0.1824811,0.2653584,28.6645059,-14.0044739,32.8459722,255,255,0
97.6,-35.247,-35.247,0.138773756,0,0.1415452,-0.3869035,0.8930196,0.0671656,-0.1810087,0.2654063,28.7755734,-14.2787467,32.6327567,255,255,0
97.65,-35,-35,0.140542371,0,0.1467376,-0.386869,0.9033051,0.070209,-0.1795164,0.2654651,28.8786568,-14.5502293,32.4238035,255,255,0
97.7,-34.753,-34.753,0.142331708,0,0.1503602,-0.3857602,0.9136253,0.0732007,-0.178005,0.2655343,28.9738218,-14.8189649,32.2192638,255,255,0
97.75,-34.506,-34.506,0.144141989,0,0.1523365,-0.3836702,0.9239804,0.0761415,-0.1764752,0.2656131,29.0611358,-15.0849919,32.0192825,255,255,0
97.8,-34.259,-34.259,0.145973436,0,0.1528438,-0.3808573,0.9343706,0.0790318,-0.1749276,0.2657011,29.1406677,-15.3483436,31.8239991,255,255,0
97.85,-34.012,-34.012,0.147826277,0,0.1522913,-0.3776453,0.9447962,0.0818724,-0.173363,0.2657976,29.2124877,-15.6090486,31.6335471,255,255,0
97.9,-33.765,-33.765,0.149700738,0,0.1510158,-0.374278,0.9552571,0.0846638,-0.1717819,0.265902,29.2766676,-15.8671301,31.4480544,255,255,0
97.95,-33.518,-33.518,0.151597051,0,0.1494027,-0.371,0.9657535,0.0874068,-0.170185,0.2660137,29.3332801,-16.1226068,31.2676433,255,255,0
98,-33.271,-33.271,0.153515448,0,0.1478601,-0.3680456,0.9762853,0.090102,-0.1685729,0.2661323,29.3823995,-16.3754922,31.0924307,255,255,0
98.05,-33.024,-33.024,0.155456163,0,0.1467932,-0.3656282,0.9868525,0.0927502,-0.1669462,0.2662572,29.424101,-16.625795,30.922528,255,255,0
98.1,-32.776,-32.776,0.157419433,0,0.1465774,-0.3639299,0.997455,0.095352,-0.1653053,0.2663878,29.4584609,-16.873519,30.7580411,255,255,0
98.15,-32.529,-32.529,0.159405499,0,0.1475344,-0.3630933,1.0080926,0.0979084,-0.1636509,0.2665236,29.4855564,-17.1186634,30.5990708,255,255,0
98.2,-32.282,-32.282,0.1614146,0,0.1499111,-0.363215,1.0187651,0.1004199,-0.1619834,0.2666642,29.5054658,-17.3612225,30.4457128,255,255,0
98.25,-32.035,-32.035,0.163446982,0,0.1538634,-0.3643408,1.0294723,0.1028875,-0.1603035,0.2668091,29.518268,-17.6011862,30.2980573,255,255,0
98.3,-31.788,-31.788,0.165502889,0,0.1594466,-0.3664639,1.0402139,0.1053119,-0.1586114,0.2669578,29.5240429,-17.8385394,30.1561898,255,255,0
98.35,-31.541,-31.541,0.167582572,0,0.1666113,-0.3695247,1.0509895,0.107694,-0.1569077,0.2671099,29.522871,-18.0732631,30.0201908,255,255,0
98.4,-31.294,-31.294,0.169686281,0,0.1752068,-0.3734141,1.0617987,0.1100346,-0.1551929,0.2672648,29.5148336,-18.3053334,29.8901358,255,255,0
98.45,-31.046,-31.046,0.171814268,0,0.1849906,-0.3779779,1.0726412,0.1123345,-0.1534673,0.2674223,29.5000124,-18.5347225,29.7660955,255,255,0
98.5,-30.799,-30.799,0.173966791,0,0.1956442,-0.383024,1.0835165,0.1145946,-0.1517313,0.2675819,29.4784897,-18.7613981,29.648136,255,255,0
98.55,-30.552,-30.552,0.176144106,0,0.2067936,-0.3883315,1.094424,0.1168158,-0.1499853,0.2677432,29.4503486,-18.9853241,29.5363187,255,255,0
98.6,-30.305,-30.305,0.178346476,0,0.2180334,-0.3936603,1.1053632,0.1189989,-0.1482297,0.2679059,29.4156721,-19.2064601,29.4307003,255,255,0
98.65,-30.058,-30.058,0.180574162,0,0.2289531,-0.3987626,1.1163336,0.1211449,-0.1464648,0.2680695,29.3745439,-19.4247621,29.3313332,255,255,0
98.7,-29.811,-29.811,0.18282743,0,0.2391634,-0.4033941,1.1273345,0.1232546,-0.1446909,0.2682339,29.3270481,-19.6401822,29.2382653,255,255,0
98.75,-29.563,-29.563,0.185106549,0,0.2483216,-0.4073248,1.1383652,0.1253289,-0.1429082,0.2683985,29.2732689,-19.8526688,29.1515403,255,255,0
98.8,-29.316,-29.316,0.187411789,0,0.2561534,-0.4103504,1.1494251,0.1273688,-0.1411172,0.2685631,29.2132908,-20.0621669,29.0711973,255,255,0
98.85,-29.069,-29.069,0.189743424,0,0.2624709,-0.4123007,1.1605134,0.1293751,-0.1393179,0.2687275,29.1471984,-20.2686179,28.9972716,255,255,0
98.9,-28.822,-28.822,0.192101729,0,0.2671847,-0.4130481,1.1716294,0.1313487,-0.1375106,0.2688912,29.0750765,-20.4719602,28.9297942,255,255,0
98.95,-28.574,-28.574,0.194486983,0,0.2703094,-0.4125129,1.1827723,0.1332906,-0.1356956,0.2690541,28.9970101,-20.6721287,28.8687921,255,255,0
99,-28.327,-28.327,0.196899466,0,0.2719628,-0.4106676,1.1939413,0.1352016,-0.133873,0.2692159,28.9130841,-20.8690553,28.8142882,255,255,0
99.05,-28.08,-28.08,0.199339464,0,0.2723582,-0.4075373,1.2051355,0.1370827,-0.132043,0.2693764,28.8233834,-21.0626691,28.7663017,255,255,0
99.1,-27.833,-27.833,0.201807261,0,0.2717907,-0.403199,1.216354,0.1389348,-0.1302057,0.2695352,28.7279928,-21.2528962,28.7248479,255,255,0
99.15,-27.585,-27.585,0.204303147,0,0.2706178,-0.3977781,1.2275959,0.1407587,-0.1283613,0.2696922,28.6269973,-21.43966,28.6899383,255,255,0
99.2,-27.338,-27.338,0.206827414,0,0.2692366,-0.391442,1.2388603,0.1425554,-0.1265098,0.2698471,28.5204815,-21.6228814,28.6615807,255,255,0
99.25,-27.091,-27.091,0.209380357,0,0.2680578,-0.3843931,1.2501462,0.1443257,-0.1246513,0.2699999,28.4085299,-21.8024787,28.6397794,255,255,0
99.3,-26.844,-26.844,0.211962272,0,0.2674792,-0.3768588,1.2614526,0.1460705,-0.1227859,0.2701501,28.2912268,-21.978368,28.6245348,255,255,0
99.35,-26.596,-26.596,0.214573461,0,0.26786,-0.3690812,1.2727785,0.1477907,-0.1209136,0.2702978,28.1686563,-22.1504628,28.6158441,255,255,0
99.4,-26.349,-26.349,0.217214225,0,0.2694975,-0.361306,1.2841227,0.1494872,-0.1190344,0.2704426,28.0409023,-22.3186748,28.6137009,255,255,0
99.45,-26.102,-26.102,0.219884871,0,0.272608,-0.3537711,1.2954843,0.1511608,-0.1171484,0.2705845,27.9080481,-22.4829135,28.6180953,255,255,0
99.5,-25.854,-25.854,0.222585707,0,0.2773122,-0.3466955,1.3068621,0.1528124,-0.1152554,0.2707232,27.7701769,-22.6430865,28.6290142,255,255,0
99.55,-25.607,-25.607,0.225317045,0,0.2836283,-0.3402692,1.318255,0.1544427,-0.1133556,0.2708586,27.6273715,-22.7990995,28.6464412,255,255,0
99.6,-25.36,-25.36,0.228079198,0,0.2914698,-0.3346442,1.3296618,0.1560526,-0.1114487,0.2709906,27.4797142,-22.9508566,28.6703563,255,255,0
99.65,-25.112,-25.112,0.230872486,0,0.300652,-0.329928,1.3410812,0.1576429,-0.1095347,0.2711191,27.3272869,-23.0982602,28.7007367,255,255,0
99.7,-24.865,-24.865,0.233697227,0,0.3109031,-0.326178,1.3525122,0.1592143,-0.1076136,0.2712437,27.1701709,-23.2412111,28.7375561,255,255,0
99.75,-24.618,-24.618,0.236553746,0,0.3218824,-0.3233991,1.3639535,0.1607677,-0.1056851,0.2713646,27.0084472,-23.379609,28.780785,255,255,0
99.8,-24.37,-24.37,0.239442368,0,0.3332018,-0.3215434,1.3754037,0.1623038,-0.1037492,0.2714814,26.842196,-23.5133518,28.830391,255,255,0
99.85,-24.123,-24.123,0.242363422,0,0.3444511,-0.3205122,1.3868615,0.1638232,-0.1018057,0.2715942,26.6714971,-23.6423367,28.8863385,255,255,0
99.9,-23.876,-23.876,0.245317242,0,0.3552247,-0.3201606,1.3983258,0.1653268,-0.0998545,0.2717027,26.4964295,-23.7664593,28.9485886,255,255,0
99.95,-23.628,-23.628,0.248304163,0,0.3651473,-0.3203041,1.409795,0.1668152,-0.0978952,0.2718068,26.3170719,-23.8856146,29.0170997,255,255,0
100,-23.381,-23.381,0.251324523,0,0.3738987,-0.3207272,1.4212678,0.1682893,-0.0959276,0.2719065,26.1335019,-23.9996962,29.0918268,255,255,0
100.05,-23.133,-23.133,0.254378663,0,0.3821616,-0.3220272,1.4365433,0.1701804,-0.0934828,0.2721077,25.945395,-24.1083442,29.1732884,255,255,0
100.1,-22.886,-22.886,0.25746693,0,0.388831,-0.3230546,1.4518404,0.1720223,-0.0910124,0.2723053,25.7524131,-24.211216,29.2619822,255,255,0
100.15,-22.639,-22.639,0.260589671,0,0.3938526,-0.3235633,1.4671573,0.1738141,-0.0885172,0.2724986,25.5546126,-24.3082314,29.3578248,255,255,0
100.2,-22.391,-22.391,0.263747236,0,0.3972764,-0.3233197,1.4824923,0.1755553,-0.085998,0.2726868,25.3520495,-24.3993101,29.4607253,255,255,0
100.25,-22.144,-22.144,0.266939982,0,0.3992538,-0.3221133,1.4978435,0.1772456,-0.0834555,0.2728692,25.14478,-24.4843721,29.5705855,255,255,0
100.3,-21.896,-21.896,0.270168265,0,0.4000272,-0.3197662,1.5132091,0.1788844,-0.0808903,0.2730452,24.9328596,-24.5633381,29.6873003,255,255,0
100.35,-21.649,-21.649,0.273432446,0,0.3999144,-0.3161414,1.528587,0.1804713,-0.0783032,0.2732141,24.7163439,-24.6361293,29.8107574,255,255,0
100.4,-21.401,-21.401,0.27673289,0,0.399288,-0.3111491,1.5439754,0.1820058,-0.0756949,0.2733752,24.4952879,-24.7026683,29.9408377,255,255,0
100.45,-21.154,-21.154,0.280069966,0,0.3985507,-0.3047507,1.5593722,0.1834875,-0.0730661,0.2735279,24.2697467,-24.7628787,30.0774151,255,255,0
100.5,-20.907,-20.907,0.283444043,0,0.3981096,-0.2969608,1.5747753,0.1849161,-0.0704176,0.2736716,24.0397747,-24.8166857,30.220357,255,255,0
100.55,-20.659,-20.659,0.286855496,0,0.3983491,-0.2878465,1.5901827,0.1862912,-0.0677502,0.2738056,23.8054263,-24.8640162,30.3695241,255,255,0
100.6,-20.412,-20.412,0.290304703,0,0.3996067,-0.277524,1.6055923,0.1876123,-0.0650645,0.2739294,23.5667555,-24.9047994,30.5247708,255,255,0
100.65,-20.164,-20.164,0.293792047,0,0.40215,-0.2661537,1.6210018,0.1888791,-0.0623615,0.2740424,23.3238159,-24.9389663,30.685945,255,255,0
100.7,-19.917,-19.917,0.297317911,0,0.4061602,-0.2539327,1.6364091,0.1900913,-0.0596419,0.2741441,23.076661,-24.9664507,30.8528887,255,255,0
100.75,-19.669,-19.669,0.300882684,0,0.4117194,-0.2410855,1.6518121,0.1912486,-0.0569065,0.2742339,22.8253439,-24.9871892,31.0254379,255,255,0
100.8,-19.422,-19.422,0.304486758,0,0.4188058,-0.2278541,1.6672085,0.1923506,-0.054156,0.2743112,22.5699173,-25.0011211,31.2034227,255,255,0
100.85,-19.174,-19.174,0.308130528,0,0.4272943,-0.2144866,1.6825961,0.193397,-0.0513915,0.2743756,22.3104339,-25.0081892,31.3866678,255,255,0
100.9,-18.927,-18.927,0.311814395,0,0.4369651,-0.201226,1.6979726,0.1943877,-0.0486135,0.2744267,22.0469457,-25.0083395,31.5749925,255,255,0
100.95,-18.679,-18.679,0.315538759,0,0.4475172,-0.1882991,1.7133359,0.1953222,-0.0458231,0.2744639,21.7795047,-25.0015219,31.7682107,255,255,0
101,-18.432,-18.432,0.319304029,0,0.4585878,-0.1759059,1.7286837,0.1962004,-0.043021,0.2744868,21.5081626,-24.98769,31.9661316,255,255,0
101.05,-18.184,-18.184,0.323110613,0,0.469776,-0.1642105,1.7440138,0.1970221,-0.040208,0.2744951,21.2329708,-24.9668014,32.1685594,255,255,0
101.1,-17.937,-17.937,0.326958927,0,0.4806679,-0.1533341,1.759324,0.197787,-0.0373852,0.2744882,20.9539805,-24.9388183,32.3752939,255,255,0
101.15,-17.689,-17.689,0.330849386,0,0.4908639,-0.1433487,1.7746121,0.1984949,-0.0345532,0.274466,20.6712425,-24.9037071,32.5861308,255,255,0
101.2,-17.442,-17.442,0.334782414,0,0.5000038,-0.1342746,1.7898759,0.1991456,-0.031713,0.2744279,20.3848075,-24.8614389,32.8008613,255,255,0
101.25,-17.194,-17.194,0.338758435,0,0.5077903,-0.1260791,1.8051132,0.199739,-0.0288655,0.2743738,20.0947259,-24.8119899,33.0192731,255,255,0
101.3,-16.946,-16.946,0.342777877,0,0.514008,-0.1186784,1.8203219,0.2002749,-0.0260116,0.2743034,19.8010482,-24.755341,33.2411504,255,255,0
101.35,-16.699,-16.699,0.346841175,0,0.5185369,-0.1119413,1.8355,0.2007533,-0.023152,0.2742163,19.5038242,-24.6914784,33.466274,255,255,0
101.4,-16.451,-16.451,0.350948764,0,0.5213605,-0.1056958,1.8506453,0.2011739,-0.0202878,0.2741123,19.2031041,-24.6203937,33.6944217,255,255,0
101.45,-16.204,-16.204,0.355101086,0,0.5225663,-0.0997365,1.8657558,0.2015366,-0.0174198,0.2739913,18.8989374,-24.5420838,33.9253685,255,255,0
101.5,-15.956,-15.956,0.359298585,0,0.5223399,-0.0938348,1.8808296,0.2018415,-0.0145489,0.273853,18.591374,-24.4565514,34.1588871,255,255,0
101.55,-15.708,-15.708,0.36354171,0,0.5209535,-0.0877492,1.8958647,0.2020883,-0.011676,0.2736973,18.2804633,-24.3638046,34.3947478,255,255,0
101.6,-15.461,-15.461,0.367830914,0,0.5187472,-0.0812367,1.9108592,0.2022771,-0.008802,0.2735241,17.9662548,-24.2638577,34.6327192,255,255,0
101.65,-15.213,-15.213,0.372166653,0,0.5161077,-0.0740641,1.9258113,0.2024079,-0.0059278,0.2733333,17.6487979,-24.1567305,34.8725682,255,255,0
101.7,-14.966,-14.966,0.376549389,0,0.5134426,-0.0660191,1.9407192,0.2024805,-0.0030543,0.2731247,17.3281421,-24.042449,35.1140603,255,255,0
101.75,-14.718,-14.718,0.380979587,0,0.5111541,-0.0569199,1.9555812,0.2024951,-0.0001824,0.2728984,17.0043365,-23.9210453,35.3569601,255,255,0
101.8,-14.47,-14.47,0.385457715,0,0.5096129,-0.0466237,1.9703958,0.2024515,0.0026869,0.2726544,16.6774307,-23.7925573,35.6010314,255,255,0
101.85,-14.223,-14.223,0.389984247,0,0.5091338,-0.0350342,1.9851612,0.2023499,0.0055529,0.2723926,16.347474,-23.6570294,35.8460376,255,255,0
101.9,-13.975,-13.975,0.394559662,0,0.5099554,-0.0221051,1.9998761,0.2021902,0.0084146,0.2721131,16.0145158,-23.5145119,36.0917418,255,255,0
101.95,-13.727,-13.727,0.39918444,0,0.5122247,-0.0078434,2.014539,0.2019726,0.0112711,0.271816,15.6786056,-23.3650613,36.3379075,255,255,0
102,-13.48,-13.48,0.403859068,0,0.515987,0.0076913,2.0291485,0.2016971,0.0141215,0.2715013,15.3397932,-23.2087404,36.5842983,255,255,0
102.05,-13.232,-13.232,0.408584036,0,0.521183,0.0243891,2.0437035,0.2013638,0.016965,0.2711692,14.9981283,-23.0456181,36.830679,255,255,0
102.1,-12.984,-12.984,0.41335984,0,0.5276529,0.0420948,2.0582028,0.2009728,0.0198006,0.2708199,14.6536608,-22.8757695,37.0768149,255,255,0
102.15,-12.737,-12.737,0.418186979,0,0.535146,0.0606148,2.0726453,0.2005243,0.0226275,0.2704534,14.3064409,-22.6992755,37.322473,255,255,0
102.2,-12.489,-12.489,0.423065957,0,0.543337,0.0797255,2.08703,0.2000183,0.0254448,0.2700701,13.9565188,-22.5162234,37.5674217,255,255,0
102.25,-12.241,-12.241,0.427997281,0,0.5518471,0.0991838,2.1013561,0.199455,0.0282517,0.2696701,13.6039452,-22.3267064,37.8114314,255,255,0
102.3,-11.994,-11.994,0.432981465,0,0.5602679,0.1187379,2.1156228,0.1988347,0.0310473,0.2692537,13.2487709,-22.1308234,38.0542745,255,255,0
102.35,-11.746,-11.746,0.438019026,0,0.5681883,0.1381386,2.1298294,0.1981574,0.0338307,0.2688212,12.891047,-21.9286793,38.2957259,255,255,0
102.4,-11.498,-11.498,0.443110486,0,0.5752204,0.1571504,2.1439753,0.1974234,0.0366011,0.2683729,12.5308249,-21.7203846,38.5355633,255,255,0
102.45,-11.251,-11.251,0.448256371,0,0.5810247,0.1755627,2.1580602,0.1966329,0.0393578,0.2679092,12.1681565,-21.5060555,38.7735672,255,255,0
102.5,-11.003,-11.003,0.453457212,0,0.585332,0.1931982,2.1720836,0.1957862,0.0420998,0.2674303,11.8030938,-21.2858135,39.0095212,255,255,0
102.55,-10.755,-10.755,0.458713546,0,0.5879604,0.209922,2.1860452,0.1948834,0.0448264,0.2669367,11.4356896,-21.0597856,39.2432128,255,255,0
102.6,-10.507,-10.507,0.464025913,0,0.5888274,0.2256466,2.1999451,0.1939249,0.0475367,0.2664288,11.0659966,-20.8281037,39.4744326,255,255,0
102.65,-10.26,-10.26,0.469394857,0,0.5879544,0.2403361,2.2137831,0.192911,0.05023,0.265907,10.6940685,-20.5909049,39.7029755,255,255,0
102.7,-10.012,-10.012,0.474820931,0,0.5854662,0.2540075,2.2275594,0.1918419,0.0529055,0.2653718,10.3199589,-20.348331,39.9286405,255,255,0
102.75,-9.764,-9.764,0.480304687,0,0.5815817,0.2667298,2.2412741,0.1907179,0.0555624,0.2648236,9.9437224,-20.1005287,40.1512309,255,255,0
102.8,-9.516,-9.516,0.485846687,0,0.5766006,0.2786201,2.2549276,0.1895394,0.0582,0.264263,9.5654137,-19.8476488,40.3705546,255,255,0
102.85,-9.268,-9.268,0.491447495,0,0.5708831,0.2898384,2.2685205,0.1883067,0.0608175,0.2636904,9.1850884,-19.5898465,40.5864242,255,255,0
102.9,-9.021,-9.021,0.497107681,0,0.5648271,0.3005797,2.2820531,0.1870202,0.0634143,0.2631064,8.8028025,-19.3272812,40.7986573,255,255,0
102.95,-8.773,-8.773,0.50282782,0,0.558842,0.3110648,2.2955263,0.1856803,0.0659895,0.2625115,8.4186125,-19.0601158,41.0070767,255,255,0
103,-8.525,-8.525,0.508608491,0,0.5533223,0.3215298,2.3089409,0.1842873,0.0685425,0.2619064,8.0325756,-18.7885171,41.2115104,255,255,0
103.05,-8.277,-8.277,0.514450279,0,0.5486219,0.3322148,2.3222977,0.1828416,0.0710726,0.2612917,7.6447496,-18.5126549,41.4117918,255,255,0
103.1,-8.029,-8.029,0.520353774,0,0.5450311,0.3433529,2.3355978,0.1813437,0.0735792,0.2606678,7.255193,-18.2327024,41.60776,255,255,0
103.15,-7.782,-7.782,0.526319572,0,0.5427578,0.3551587,2.3488425,0.1797939,0.0760615,0.2600355,6.8639649,-17.9488357,41.79926,255,255,0
103.2,-7.534,-7.534,0.532348272,0,0.5419138,0.3678184,2.3620329,0.1781928,0.078519,0.2593954,6.471125,-17.6612332,41.9861422,255,255,0
103.25,-7.286,-7.286,0.53844048,0,0.5425076,0.3814809,2.3751705,0.1765408,0.0809509,0.2587482,6.0767339,-17.370076,42.1682635,255,255,0
103.3,-7.038,-7.038,0.544596808,0,0.5444439,0.3962505,2.3882569,0.1748384,0.0833568,0.2580944,5.6808528,-17.0755471,42.3454865,255,255,0
103.35,-6.79,-6.79,0.550817871,0,0.5475293,0.4121819,2.4012935,0.173086,0.0857359,0.2574349,5.2835435,-16.7778314,42.5176802,255,255,0
103.4,-6.542,-6.542,0.557104291,0,0.551485,0.4292772,2.4142823,0.1712842,0.0880877,0.2567703,4.8848688,-16.4771153,42.6847197,255,255,0
103.45,-6.295,-6.295,0.563456694,0,0.5559648,0.4474856,2.427225,0.1694334,0.0904117,0.2561013,4.484892,-16.1735865,42.8464865,255,255,0
103.5,-6.047,-6.047,0.569875714,0,0.5605771,0.4667054,2.4401237,0.1675343,0.0927072,0.2554287,4.0836773,-15.867434,43.0028684,255,255,0
103.55,-5.799,-5.799,0.576361987,0,0.5649104,0.4867883,2.4529803,0.1655873,0.0949738,0.2547531,3.6812897,-15.5588471,43.1537598,255,255,0
103.6,-5.551,-5.551,0.582916158,0,0.5685598,0.5075459,2.4657971,0.163593,0.0972109,0.2540752,3.2777948,-15.2480159,43.2990615,255,255,0
103.65,-5.303,-5.303,0.589538875,0,0.5711532,0.528758,2.4785763,0.161552,0.099418,0.2533959,2.8732592,-14.9351306,43.4386806,255,255,0
103.7,-5.055,-5.055,0.596230793,0,0.572375,0.5501827,2.4913204,0.1594649,0.1015946,0.2527159,2.4677502,-14.6203812,43.572531,255,255,0
103.75,-4.807,-4.807,0.602992572,0,0.5719867,0.5715666,2.5040318,0.1573323,0.1037402,0.2520359,2.061336,-14.3039578,43.700533,255,255,0
103.8,-4.559,-4.559,0.609824878,0,0.5698422,0.5926567,2.5167131,0.1551547,0.1058544,0.2513567,1.6540853,-13.9860493,43.8226134,255,255,0
103.85,-4.311,-4.311,0.616728383,0,0.5658971,0.6132113,2.5293669,0.1529328,0.1079368,0.250679,1.246068,-13.6668442,43.9387054,255,255,0
103.9,-4.064,-4.064,0.623703764,0,0.5602118,0.6330113,2.541996,0.1506673,0.1099868,0.2500036,0.8373545,-13.3465297,44.048749,255,255,0
103.95,-3.816,-3.816,0.630751705,0,0.5529472,0.6518692,2.5546032,0.1483588,0.1120041,0.2493313,0.4280162,-13.0252914,44.1526903,255,255,0
104,-3.568,-3.568,0.637872894,0,0.5443544,0.669638,2.5671914,0.1460079,0.1139882,0.2486629,0.0181252,-12.7033137,44.250482,255,255,0
104.05,-3.32,-3.32,0.645068027,0,0.5347584,0.6862173,2.5797635,0.1436153,0.1159388,0.2479991,-0.3922454,-12.3807786,44.3420831,255,255,0
104.1,-3.072,-3.072,0.652337805,0,0.5245369,0.7015579,2.5923227,0.1411818,0.1178555,0.2473406,-0.8030221,-12.0578663,44.4274589,255,255,0
104.15,-2.824,-2.824,0.659682935,0,0.5140964,0.7156632,2.6048721,0.1387079,0.119738,0.2466883,-1.2141302,-11.7347544,44.5065811,255,255,0
104.2,-2.576,-2.576,0.66710413,0,0.503845,0.7285892,2.6174147,0.1361945,0.1215858,0.2460429,-1.6254943,-11.411618,44.5794272,255,255,0
104.25,-2.5,-2.5,0.674603774,0,0.4941666,0.7404412,2.6299539,0.1336422,0.1233986,0.2454051,-2.0370385,-11.0886294,44.6459812,255,255,0
104.3,-2.5,-2.5,0.682187617,0,0.4853959,0.7513688,2.6424928,0.1310518,0.1251762,0.2447758,-2.4486857,-10.7659576,44.7062328,255,255,0
104.35,-2.5,-2.5,0.689856934,0,0.4777967,0.7615587,2.6550349,0.1284239,0.1269181,0.2441556,-2.8603584,-10.4437684,44.7601778,255,255,0
104.4,-2.5,-2.5,0.69761269,0,0.4715448,0.7712254,2.6675835,0.1257595,0.1286241,0.2435454,-3.2719781,-10.1222241,44.8078177,255,255,0
104.45,-2.5,-2.5,0.705455862,0,0.4667166,0.7806016,2.680142,0.1230591,0.130294,0.2429457,-3.6834658,-9.8014835,44.8491598,255,255,0
104.5,-2.5,-2.5,0.713387438,0,0.4632842,0.7899265,2.6927137,0.1203237,0.1319273,0.2423574,-4.0947414,-9.4817011,44.884217,255,255,0
104.55,-2.5,-2.5,0.721408417,0,0.4611172,0.7994347,2.7053022,0.1175539,0.1335239,0.2417813,-4.5057246,-9.1630277,44.9130076,255,255,0
104.6,-2.5,-2.5,0.729519808,0,0.4599911,0.8093452,2.7179109,0.1147507,0.1350835,0.2412178,-4.916334,-8.8456097,44.9355553,255,255,0
104.65,-2.5,-2.5,0.737722635,0,0.4596018,0.8198505,2.7305433,0.1119147,0.1366058,0.2406679,-5.3264877,-8.5295889,44.9518891,255,255,0
104.7,-2.5,-2.5,0.74601793,0,0.4595854,0.831108,2.7432028,0.1090468,0.1380907,0.2401322,-5.7361031,-8.2151029,44.9620432,255,255,0
104.75,-2.5,-2.5,0.754406738,0,0.4595416,0.843232,2.7558929,0.1061478,0.1395378,0.2396113,-6.1450971,-7.9022844,44.9660567,255,255,0
104.8,-2.5,-2.5,0.762890116,0,0.4590594,0.856288,2.7686171,0.1032186,0.1409469,0.2391059,-6.5533858,-7.5912611,44.9639737,255,255,0
104.85,-2.5,-2.5,0.771469133,0,0.4577444,0.8702897,2.7813788,0.1002599,0.1423179,0.2386166,-6.9608847,-7.2821559,44.9558429,255,255,0
104.9,-2.5,-2.5,0.780144869,0,0.4552434,0.8851978,2.7941816,0.0972727,0.1436505,0.2381441,-7.3675091,-6.9750867,44.9417179,255,255,0
104.95,-2.5,-2.5,0.788918418,0,0.4512681,0.9009215,2.8070287,0.0942578,0.1449445,0.2376891,-7.7731733,-6.6701659,44.9216564,255,255,0
105,-2.5,-2.5,0.797790886,0,0.4456131,0.9173223,2.8199236,0.0912161,0.1461998,0.237252,-8.1777914,-6.3675008,44.8957208,255,255,0
105.05,-2.5,-2.5,0.805260978,0,0.4381699,0.9342201,2.8328695,0.0881484,0.1474161,0.2368335,-8.5812168,-6.0671508,44.8636632,255,255,0
105.1,-2.5,-2.5,0.812801193,0,0.4289331,0.9514011,2.8458699,0.0850557,0.1485933,0.2364342,-8.983417,-5.7692591,44.8258693,255,255,0
105.15,-2.5,-2.5,0.820412192,0,0.4180017,0.9686273,2.8589279,0.0819387,0.1497312,0.2360546,-9.3843047,-5.4739163,44.7824136,255,255,0
105.2,-2.5,-2.5,0.82809464,0,0.4055721,0.9856473,2.8720467,0.0787985,0.1508296,0.2356952,-9.7837922,-5.1812079,44.7333749,255,255,0
105.25,-2.5,-2.5,0.83584921,0,0.3919256,1.0022072,2.8852295,0.0756359,0.1518884,0.2353566,-10.1817914,-4.8912134,44.6788354,255,255,0
105.3,-2.5,-2.5,0.843676581,0,0.3774105,1.0180623,2.8984792,0.0724518,0.1529074,0.2350393,-10.5782141,-4.6040068,44.618881,255,255,0
105.35,-2.5,-2.5,0.851577438,0,0.3624194,1.0329878,2.9117989,0.0692472,0.1538865,0.2347436,-10.9729714,-4.3196564,44.5536011,255,255,0
105.4,-2.5,-2.5,0.859552472,0,0.3473638,1.0467891,2.9251915,0.0660229,0.1548255,0.2344702,-11.3659744,-4.0382249,44.4830883,255,255,0
105.45,-2.5,-2.5,0.867602381,0,0.3326478,1.05931,2.9386597,0.0627799,0.1557242,0.2342193,-11.7571341,-3.7597692,44.4074387,255,255,0
105.5,-2.5,-2.5,0.875727871,0,0.3186419,1.0704401,2.9522063,0.0595191,0.1565826,0.2339915,-12.1463611,-3.4843404,44.3267511,255,255,0
105.55,-2.5,-2.5,0.883929653,0,0.3056592,1.0801189,2.9658338,0.0562415,0.1574004,0.233787,-12.533566,-3.2119842,44.2411277,255,255,0
105.6,-2.5,-2.5,0.892208445,0,0.2939349,1.0883391,2.9795448,0.052948,0.1581776,0.2336064,-12.918659,-2.9427405,44.1506733,255,255,0
105.65,-2.5,-2.5,0.900564972,0,0.2836118,1.095146,2.9933416,0.0496396,0.158914,0.2334499,-13.3015508,-2.6766437,44.0554956,255,255,0
105.7,-2.5,-2.5,0.908999965,0,0.2747305,1.1006352,3.0072266,0.0463172,0.1596095,0.2333178,-13.6821514,-2.4137224,43.9557049,255,255,0
105.75,-2.5,-2.5,0.917514164,0,0.2672272,1.1049482,3.0212018,0.0429818,0.160264,0.2332104,-14.0603713,-2.1540002,43.8514142,255,255,0
105.8,-2.5,-2.5,0.926108314,0,0.2609381,1.1082651,3.0352693,0.0396343,0.1608773,0.233128,-14.4361209,-1.8974947,43.7427387,255,255,0
105.85,-2.5,-2.5,0.934783167,0,0.2556096,1.1107965,3.049431,0.0362757,0.1614493,0.2330709,-14.8093106,-1.6442186,43.6297962,255,255,0
105.9,-2.5,-2.5,0.943539483,0,0.2509153,1.1127732,3.0636886,0.032907,0.1619799,0.2330393,-15.1798511,-1.3941792,43.5127066,255,255,0
105.95,-2.5,-2.5,0.95237803,0,0.2464767,1.1144355,3.0780437,0.0295292,0.1624689,0.2330333,-15.5476531,-1.1473786,43.3915922,255,255,0
106,-2.5,-2.5,0.961299581,0,0.2418885,1.1160214,3.0924978,0.0261432,0.1629163,0.2330532,-15.9126275,-0.9038139,43.2665771,255,255,0
106.05,-2.5,-2.5,0.970304918,0,0.2367442,1.1177561,3.1070521,0.0227499,0.1633219,0.2330991,-16.2746857,-0.6634771,43.1377878,255,255,0
106.1,-2.5,-2.5,0.97939483,0,0.2306629,1.1198405,3.1217078,0.0193505,0.1636856,0.2331711,-16.6337391,-0.4263557,43.0053523,255,255,0
106.15,-2.5,-2.5,0.988570113,0,0.2233142,1.1224425,3.1364659,0.0159458,0.1640074,0.2332693,-16.9896996,-0.1924323,42.8694008,255,255,0
106.2,-2.5,-2.5,0.997831571,0,0.2144392,1.1256884,3.1513273,0.0125369,0.164287,0.2333937,-17.3424794,0.0383151,42.730065,255,255,0
106.25,-2.5,-2.5,1.00718001,0,0.203868,1.1296571,3.1662924,0.0091247,0.1645243,0.2335445,-17.6919913,0.2659128,42.5874787,255,255,0
106.3,-2.5,-2.5,1.01661626,0,0.1915301,1.1343761,3.181362,0.0057103,0.1647194,0.2337217,-18.0381483,0.4903913,42.4417769,255,255,0
106.35,-2.5,-2.5,1.02614115,0,0.17746,1.1398201,3.1965361,0.0022945,0.164872,0.2339251,-18.380864,0.7117854,42.2930966,255,255,0
106.4,-2.5,-2.5,1.03575549,0,0.1617941,1.1459117,3.211815,-0.0011215,0.164982,0.2341549,-18.7200526,0.9301336,42.1415759,255,255,0
106.45,-2.5,-2.5,1.04546015,0,0.144763,1.1525252,3.2271986,-0.0045369,0.1650494,0.2344109,-19.0556288,1.1454782,41.9873548,255,255,0
106.5,-2.5,-2.5,1.05525597,0,0.1266761,1.1594915,3.2426867,-0.0079506,0.165074,0.234693,-19.387508,1.3578653,41.8305745,255,255,0
106.55,-2.5,-2.5,1.0651438,0,0.1079019,1.1666062,3.2582788,-0.0113616,0.1650558,0.2350012,-19.7156061,1.5673441,41.6713773,255,255,0
106.6,-2.5,-2.5,1.07512452,0,0.0888444,1.1736384,3.2739744,-0.0147689,0.1649946,0.2353352,-20.0398401,1.773967,41.5099073,255,255,0
106.65,-2.5,-2.5,1.085199,0,0.0699173,1.1803414,3.2897726,-0.0181717,0.1648904,0.235695,-20.3601272,1.9777897,41.3463095,255,255,0
106.7,-2.5,-2.5,1.09536813,0,0.0515169,1.1864639,3.3056725,-0.0215688,0.164743,0.2360803,-20.6763857,2.1788705,41.1807301,255,255,0
106.75,-2.5,-2.5,1.10563278,0,0.0339973,1.1917609,3.3216729,-0.0249593,0.1645524,0.2364909,-20.9885348,2.3772702,41.0133166,255,255,0
106.8,-2.638,-2.638,1.11599565,0,0.0176472,1.1960055,3.3377725,-0.0283422,0.1643184,0.2369265,-21.2964943,2.5730521,40.8442175,255,255,0
106.85,-2.845,-2.845,1.12646348,0,0.0026715,1.1989984,3.3539696,-0.0317165,0.1640411,0.2373869,-21.600185,2.7662818,40.6735822,255,255,0
106.9,-3.052,-3.052,1.13703789,0,-0.0108216,1.2005775,3.3702626,-0.0350813,0.1637203,0.2378718,-21.8995287,2.9570266,40.5015614,255,255,0
106.95,-3.259,-3.259,1.14772002,0,-0.0228275,1.200625,3.3866496,-0.0384355,0.1633559,0.2383809,-22.1944481,3.1453558,40.3283066,255,255,0
107,-3.466,-3.466,1.15851108,0,-0.0334454,1.1990724,3.4031284,-0.0417783,0.1629479,0.2389137,-22.4848669,3.3313401,40.15397,255,255,0
107.05,-3.673,-3.673,1.16941225,0,-0.0428715,1.195904,3.4196967,-0.0451086,0.1624962,0.23947,-22.7707099,3.5150514,39.9787048,255,255,0
107.1,-3.88,-3.88,1.18042475,0,-0.0513864,1.1911569,3.4363521,-0.0484255,0.1620008,0.2400493,-23.0519029,3.6965628,39.8026651,255,255,0
107.15,-4.087,-4.087,1.1915498,0,-0.0593363,1.1849199,3.453092,-0.051728,0.1614616,0.2406513,-23.3283727,3.8759482,39.6260055,255,255,0
107.2,-4.294,-4.294,1.20278865,0,-0.0671109,1.1773283,3.4699134,-0.0550152,0.1608786,0.2412754,-23.6000474,4.0532822,39.4488813,255,255,0
107.25,-4.501,-4.501,1.21414255,0,-0.0751177,1.1685585,3.4868133,-0.0582861,0.1602517,0.2419212,-23.8668563,4.2286397,39.2714487,255,255,0
107.3,-4.708,-4.708,1.22561277,0,-0.0837555,1.1588192,3.5037886,-0.0615397,0.1595809,0.2425882,-24.1287297,4.4020957,39.0938641,255,255,0
107.35,-4.914,-4.914,1.23720059,0,-0.0933883,1.1483418,3.5208359,-0.0647752,0.1588661,0.2432758,-24.3855992,4.5737252,38.9162844,255,255,0
107.4,-5.121,-5.121,1.24890733,0,-0.1043217,1.1373699,3.5379517,-0.0679915,0.1581075,0.2439837,-24.6373977,4.743603,38.7388672,255,255,0
107.45,-5.328,-5.328,1.26073428,0,-0.1167829,1.1261474,3.5551322,-0.0711878,0.1573049,0.2447111,-24.8840594,4.9118033,38.5617703,255,255,0
107.5,-5.535,-5.535,1.27268279,0,-0.1309056,1.1149079,3.5723737,-0.0743632,0.1564584,0.2454576,-25.1255196,5.0783995,38.3851516,255,255,0
107.55,-5.742,-5.742,1.2847542,0,-0.1467214,1.1038636,3.5896721,-0.0775166,0.155568,0.2462224,-25.3617152,5.2434641,38.2091695,255,255,0
107.6,-5.949,-5.949,1.29694988,0,-0.1641574,1.0931952,3.6070233,-0.0806473,0.1546337,0.2470051,-25.5925842,5.4070684,38.0339823,255,255,0
107.65,-6.156,-6.156,1.3092712,0,-0.1830404,1.0830438,3.624423,-0.0837543,0.1536555,0.2478049,-25.818066,5.5692823,37.8597485,255,255,0
107.7,-6.363,-6.363,1.32171956,0,-0.2031085,1.0735047,3.6418668,-0.0868366,0.1526336,0.2486212,-26.0381016,5.7301742,37.6866263,255,255,0
107.75,-6.57,-6.57,1.33429637,0,-0.2240272,1.0646221,3.6593501,-0.0898935,0.1515679,0.2494533,-26.2526332,5.8898104,37.514774,255,255,0
107.8,-6.777,-6.777,1.34700307,0,-0.2454112,1.0563881,3.6768682,-0.092924,0.1504586,0.2503005,-26.4616045,6.0482555,37.3443496,255,255,0
107.85,-6.984,-6.984,1.3598411,0,-0.2668488,1.048742,3.6944163,-0.0959273,0.1493057,0.2511622,-26.6649606,6.2055716,37.1755106,255,255,0
107.9,-7.191,-7.191,1.37281192,0,-0.2879283,1.0415742,3.7119894,-0.0989024,0.1481094,0.2520375,-26.8626481,6.3618186,37.0084142,255,255,0
107.95,-7.398,-7.398,1.38591702,0,-0.3082648,1.0347303,3.7295827,-0.1018486,0.1468697,0.2529259,-27.0546151,6.5170538,36.843217,255,255,0
108,-7.605,-7.605,1.39915789,0,-0.3275243,1.0280188,3.7471909,-0.104765,0.1455868,0.2538264,-27.240811,6.6713315,36.6800748,255,255,0
108.05,-7.812,-7.812,1.41253606,0,-0.3454453,1.0212199,3.7648088,-0.1076507,0.1442608,0.2547384,-27.4211869,6.8247032,36.5191429,255,255,0
108.1,-8.019,-8.019,1.42605305,0,-0.3618555,1.0140955,3.7824311,-0.110505,0.142892,0.255661,-27.5956954,6.9772173,36.3605753,255,255,0
108.15,-8.227,-8.227,1.43971042,0,-0.3766826,1.0064003,3.8000526,-0.1133269,0.1414804,0.2565935,-27.7642904,7.1289188,36.2045252,255,255,0
108.2,-8.434,-8.434,1.45350975,0,-0.3899588,0.9978932,3.8176677,-0.1161158,0.1400263,0.2575351,-27.9269276,7.2798494,36.0511445,255,255,0
108.25,-8.641,-8.641,1.46745262,0,-0.4018185,0.9883486,3.8352709,-0.1188707,0.1385299,0.2584849,-28.0835642,7.4300471,35.9005838,255,255,0
108.3,-8.848,-8.848,1.48154064,0,-0.412489,0.9775666,3.8528568,-0.1215909,0.1369914,0.2594422,-28.2341586,7.5795463,35.7529921,255,255,0
108.35,-9.055,-9.055,1.49577545,0,-0.4222762,0.9653825,3.8704196,-0.1242757,0.1354111,0.2604061,-28.3786711,7.7283775,35.608517,255,255,0
108.4,-9.262,-9.262,1.5101587,0,-0.431544,0.9516747,3.887954,-0.1269241,0.1337892,0.2613758,-28.5170635,7.8765673,35.4673042,255,255,0
108.45,-9.469,-9.469,1.52469205,0,-0.4406905,0.9363699,3.9054541,-0.1295356,0.132126,0.2623505,-28.649299,8.0241381,35.3294975,255,255,0
108.5,-9.676,-9.676,1.53937719,0,-0.4501225,0.9194473,3.9229143,-0.1321094,0.1304219,0.2633292,-28.7753424,8.1711083,35.1952385,255,255,0
108.55,-9.883,-9.883,1.55421584,0,-0.4602284,0.900939,3.9403291,-0.1346446,0.1286771,0.2643113,-28.8951602,8.317492,35.0646667,255,255,0
108.6,-10.09,-10.09,1.56920972,0,-0.4713531,0.8809294,3.9576927,-0.1371406,0.1268921,0.2652957,-29.0087201,8.463299,34.9379191,255,255,0
108.65,-10.297,-10.297,1.58436058,0,-0.4837755,0.8595508,3.9749996,-0.1395967,0.1250671,0.2662817,-29.1159918,8.6085348,34.8151302,255,255,0
108.7,-10.504,-10.504,1.59967021,0,-0.4976897,0.8369782,3.9922441,-0.1420122,0.1232026,0.2672685,-29.2169461,8.7532003,34.6964316,255,255,0
108.75,-10.711,-10.711,1.61514038,0,-0.5131929,0.8134209,4.0094207,-0.1443864,0.1212989,0.2682551,-29.3115557,8.8972921,34.5819522,255,255,0
108.8,-10.918,-10.918,1.63077293,0,-0.5302783,0.7891132,4.0265238,-0.1467186,0.1193565,0.2692408,-29.3997945,9.0408021,34.4718176,255,255,0
108.85,-11.126,-11.126,1.64656968,0,-0.5488355,0.7643041,4.043548,-0.1490082,0.1173758,0.2702246,-29.4816383,9.1837179,34.3661502,255,255,0
108.9,-11.333,-11.333,1.66253249,0,-0.5686573,0.7392459,4.0604879,-0.1512544,0.1153574,0.2712058,-29.5570641,9.3260226,34.265069,255,255,0
108.95,-11.54,-11.54,1.67866326,0,-0.5894531,0.7141825,4.0773381,-0.1534568,0.1133016,0.2721835,-29.6260505,9.4676945,34.1686893,255,255,0
109,-11.747,-11.747,1.69496388,0,-0.6108668,0.6893392,4.0940934,-0.1556145,0.111209,0.2731568,-29.6885776,9.6087078,34.0771227,255,255,0
109.05,-11.954,-11.954,1.71143629,0,-0.6325002,0.6649118,4.1107486,-0.1577272,0.1090802,0.274125,-29.7446272,9.7490318,33.9904766,255,255,0
109.1,-12.161,-12.161,1.72808243,0,-0.6539384,0.6410584,4.1272987,-0.1597941,0.1069156,0.2750873,-29.7941822,9.8886318,33.9088546,255,255,0
109.15,-12.368,-12.368,1.74490429,0,-0.6747758,0.6178922,4.1437388,-0.1618146,0.1047159,0.2760428,-29.8372272,10.0274685,33.8323557,255,255,0
109.2,-12.575,-12.575,1.76190386,0,-0.6946429,0.5954765,4.1600639,-0.1637883,0.1024817,0.2769908,-29.8737484,10.1654983,33.7610746,255,255,0
109.25,-12.783,-12.783,1.77908317,0,-0.7132293,0.5738224,4.1762694,-0.1657145,0.1002134,0.2779304,-29.9037331,10.3026735,33.6951011,255,255,0
109.3,-12.99,-12.99,1.79644426,0,-0.7303036,0.5528884,4.1923508,-0.1675927,0.0979119,0.2788609,-29.9271704,10.4389422,33.6345205,255,255,0
109.35,-13.197,-13.197,1.81398922,0,-0.7457285,0.5325826,4.2083036,-0.1694224,0.0955778,0.2797816,-29.9440504,10.5742484,33.5794129,255,255,0
109.4,-13.404,-13.404,1.83172014,0,-0.759469,0.5127674,4.2241235,-0.1712031,0.0932116,0.2806916,-29.954365,10.7085323,33.5298533,255,255,0
109.45,-13.611,-13.611,1.84963915,0,-0.7715944,0.4932662,4.2398064,-0.1729343,0.0908142,0.2815904,-29.9581074,10.8417304,33.4859114,255,255,0
109.5,-13.818,-13.818,1.86774841,0,-0.7822738,0.4738718,4.2553485,-0.1746154,0.0883862,0.2824771,-29.955272,10.9737753,33.4476516,255,255,0
109.55,-14.026,-14.026,1.88605008,0,-0.7917648,0.4543564,4.2707459,-0.1762462,0.0859283,0.2833511,-29.9458547,11.1045962,33.4151325,255,255,0
109.6,-14.233,-14.233,1.90454637,0,-0.8003966,0.4344825,4.2859951,-0.177826,0.0834414,0.2842116,-29.9298529,11.2341192,33.3884072,255,255,0
109.65,-14.44,-14.44,1.92323952,0,-0.8085482,0.414014,4.3010927,-0.1793545,0.0809261,0.2850582,-29.907265,11.3622667,33.3675228,255,255,0
109.7,-14.647,-14.647,1.94213179,0,-0.816624,0.3927278,4.3160355,-0.1808312,0.0783833,0.28589,-29.8780909,11.4889586,33.3525205,255,255,0
109.75,-14.854,-14.854,1.96122545,0,-0.8250272,0.3704243,4.3308206,-0.1822558,0.0758137,0.2867065,-29.8423319,11.6141117,33.3434355,255,255,0
109.8,-15.061,-15.061,1.98052284,0,-0.8341333,0.3469369,4.3454451,-0.1836278,0.0732183,0.2875072,-29.7999906,11.7376403,33.3402966,255,255,0
109.85,-15.269,-15.269,2.00002629,0,-0.8442659,0.3221404,4.3599066,-0.1849469,0.0705978,0.2882914,-29.7510705,11.8594562,33.3431264,255,255,0
109.9,-15.476,-15.476,2.01973818,0,-0.8556754,0.2959569,4.3742027,-0.1862127,0.067953,0.2890586,-29.6955769,11.9794689,33.3519414,255,255,0
109.95,-15.683,-15.683,2.03966091,0,-0.8685222,0.2683601,4.3883313,-0.187425,0.0652849,0.2898083,-29.633516,12.0975861,33.3667513,255,255,0
110,-15.89,-15.89,2.05979691,0,-0.8828667,0.2393766,4.4022906,-0.1885833,0.0625943,0.29054,-29.5648953,12.2137137,33.3875594,255,255,0
110.05,-16.098,-16.098,2.08014864,0,-0.89342,0.2080118,4.390928,-0.1896873,0.0598822,0.2912531,-29.4897235,12.3277558,33.4143625,255,255,0
110.1,-16.305,-16.305,2.10071859,0,-0.9051624,0.175792,4.379405,-0.1907368,0.0571494,0.2919474,-29.4080106,12.4396155,33.4471505,255,255,0
110.15,-16.512,-16.512,2.1215093,0,-0.9178581,0.1428899,4.3677234,-0.1917316,0.0543968,0.2926224,-29.3197678,12.5491947,33.4859071,255,255,0
110.2,-16.719,-16.719,2.14252331,0,-0.9311944,0.1095138,4.3558851,-0.1926712,0.0516254,0.2932776,-29.2250073,12.6563944,33.5306088,255,255,0
110.25,-16.926,-16.926,2.16376321,0,-0.944801,0.0758992,4.3438921,-0.1935556,0.0488362,0.2939127,-29.1237427,12.7611152,33.5812257,255,255,0
110.3,-17.134,-17.134,2.18523163,0,-0.9582744,0.0422981,4.331747,-0.1943844,0.0460301,0.2945274,-29.0159885,12.863257,33.637721,255,255,0
110.35,-17.341,-17.341,2.2069312,0,-0.9712039,0.0089677,4.3194523,-0.1951575,0.043208,0.2951214,-28.9017606,12.9627201,33.7000513,255,255,0
110.4,-17.548,-17.548,2.22886462,0,-0.9831978,-0.0238404,4.3070107,-0.1958746,0.0403709,0.2956944,-28.7810758,13.0594046,33.7681664,255,255,0
110.45,-17.756,-17.756,2.25103461,0,-0.9939093,-0.0558919,4.2944254,-0.1965357,0.0375199,0.2962462,-28.6539522,13.1532111,33.8420095,255,255,0
110.5,-17.963,-17.963,2.27344391,0,-1.0030585,-0.0869798,4.2816996,-0.1971405,0.0346558,0.2967766,-28.520409,13.2440411,33.9215172,255,255,0
110.55,-18.17,-18.17,2.29609531,0,-1.0104506,-0.1169336,4.2688367,-0.1976888,0.0317798,0.2972853,-28.3804663,13.3317967,34.0066192,255,255,0
110.6,-18.377,-18.377,2.31899164,0,-1.0159886,-0.1456266,4.2558403,-0.1981807,0.0288928,0.2977722,-28.2341455,13.4163813,34.0972391,255,255,0
110.65,-18.585,-18.585,2.34213574,0,-1.0196794,-0.1729816,4.2427142,-0.1986159,0.0259957,0.2982373,-28.081469,13.4976998,34.1932937,255,255,0
110.7,-18.792,-18.792,2.36553052,0,-1.0216333,-0.1989735,4.2294624,-0.1989943,0.0230897,0.2986803,-27.9224603,13.5756587,34.2946937,255,255,0
110.75,-18.999,-18.999,2.38917889,0,-1.0220572,-0.2236307,4.2160892,-0.199316,0.0201757,0.2991014,-27.757144,13.6501664,34.4013432,255,255,0
110.8,-19.206,-19.206,2.41308383,0,-1.0212411,-0.2470327,4.2025987,-0.1995807,0.0172548,0.2995003,-27.5855458,13.7211335,34.5131404,255,255,0
110.85,-19.414,-19.414,2.43724834,0,-1.0195391,-0.2693066,4.1889956,-0.1997886,0.0143279,0.2998772,-27.4076923,13.7884729,34.6299773,255,255,0
110.9,-19.621,-19.621,2.46167545,0,-1.0173468,-0.2906206,4.1752845,-0.1999395,0.0113962,0.3002321,-27.2236114,13.8521002,34.7517401,255,255,0
110.95,-19.828,-19.828,2.48636824,0,-1.0150757,-0.3111757,4.16147,-0.2000335,0.0084605,0.300565,-27.0333318,13.9119338,34.8783091,255,255,0
111,-20.036,-20.036,2.51132984,0,-1.0131264,-0.3311964,4.1475573,-0.2000705,0.0055219,0.300876,-26.8368835,13.9678952,35.0095589,255,255,0
111.05,-20.243,-20.243,2.53656339,0,-1.0118632,-0.35092,4.1335514,-0.2000506,0.0025815,0.3011652,-26.6342974,14.0199089,35.1453588,255,255,0
111.1,-20.45,-20.45,2.56207209,0,-1.01159,-0.3705849,4.1194573,-0.1999738,-0.0003597,0.3014329,-26.4256056,14.0679032,35.2855726,255,255,0
111.15,-20.658,-20.658,2.58785918,0,-1.012531,-0.3904197,4.1052805,-0.1998402,-0.0033008,0.3016792,-26.2108411,14.1118098,35.4300591,255,255,0
111.2,-20.865,-20.865,2.61392793,0,-1.0148163,-0.4106322,4.0910263,-0.1996499,-0.0062407,0.3019043,-25.990038,14.1515643,35.5786721,255,255,0
111.25,-21.072,-21.072,2.64028166,0,-1.0184731,-0.4313994,4.0767002,-0.1994029,-0.0091784,0.3021085,-25.7632317,14.1871062,35.7312605,255,255,0
111.3,-21.28,-21.28,2.66692374,0,-1.0234246,-0.4528591,4.0623079,-0.1990993,-0.0121129,0.302292,-25.5304583,14.2183794,35.8876688,255,255,0
111.35,-21.487,-21.487,2.69385756,0,-1.0294947,-0.4751033,4.0478549,-0.1987394,-0.0150433,0.3024552,-25.2917554,14.2453319,36.0477372,255,255,0
111.4,-21.694,-21.694,2.72108657,0,-1.0364192,-0.4981737,4.0333471,-0.1983231,-0.0179685,0.3025984,-25.0471613,14.2679161,36.2113015,255,255,0
111.45,-21.902,-21.902,2.74861426,0,-1.0438635,-0.5220593,4.0187902,-0.1978507,-0.0208876,0.3027219,-24.7967156,14.2860891,36.3781939,255,255,0
111.5,-22.109,-22.109,2.77644416,0,-1.0514437,-0.5466967,4.0041901,-0.1973223,-0.0237995,0.3028261,-24.5404591,14.2998126,36.5482426,255,255,0
111.55,-22.316,-22.316,2.80457985,0,-1.0587521,-0.5719729,3.9895527,-0.1967381,-0.0267034,0.3029114,-24.2784334,14.3090532,36.7212726,255,255,0
111.6,-22.524,-22.524,2.83302496,0,-1.065383,-0.5977301,3.974884,-0.1960984,-0.0295983,0.3029784,-24.0106817,14.3137823,36.8971055,255,255,0
111.65,-22.731,-22.731,2.86178315,0,-1.0709594,-0.6237725,3.9601899,-0.1954033,-0.0324832,0.3030274,-23.7372479,14.3139762,37.0755601,255,255,0
111.7,-22.939,-22.939,2.89085814,0,-1.0751576,-0.6498756,3.9454764,-0.1946531,-0.0353571,0.3030589,-23.4581773,14.3096164,37.2564521,255,255,0
111.75,-23.146,-23.146,2.92025369,0,-1.0777276,-0.6757959,3.9307496,-0.1938481,-0.0382193,0.3030735,-23.1735163,14.3006894,37.4395952,255,255,0
111.8,-23.353,-23.353,2.94997362,0,-1.07851,-0.7012819,3.9160155,-0.1929884,-0.0410687,0.3030717,-22.8833126,14.2871869,37.6248005,255,255,0
111.85,-23.561,-23.561,2.98002179,0,-1.077446,-0.7260857,3.9012801,-0.1920744,-0.0439044,0.303054,-22.5876148,14.2691055,37.8118772,255,255,0
111.9,-23.768,-23.768,3.0104021,0,-1.0745814,-0.7499739,3.8865493,-0.1911064,-0.0467257,0.303021,-22.2864731,14.2464473,38.0006328,255,255,0
111.95,-23.976,-23.976,3.04111851,0,-1.0700637,-0.7727384,3.8718293,-0.1900846,-0.0495315,0.3029734,-21.9799388,14.2192195,38.1908735,255,255,0
112,-24.183,-24.183,3.07217505,0,-1.0641327,-0.7942058,3.8571259,-0.1890095,-0.052321,0.3029117,-21.6680643,14.1874343,38.3824038,255,255,0
112.05,-24.39,-24.39,3.10357576,0,-1.0571049,-0.8142449,3.842445,-0.1878814,-0.0550933,0.3028367,-21.3509035,14.1511092,38.5750277,255,255,0
112.1,-24.598,-24.598,3.13532476,0,-1.0493535,-0.8327729,3.8277927,-0.1867005,-0.0578477,0.3027488,-21.0285115,14.1102668,38.7685482,255,255,0
112.15,-24.805,-24.805,3.16742622,0,-1.0412839,-0.8497589,3.8131746,-0.1854674,-0.0605833,0.3026489,-20.7009448,14.0649346,38.962768,255,255,0
112.2,-25.013,-25.013,3.19988436,0,-1.0333078,-0.8652252,3.7985965,-0.1841824,-0.0632993,0.3025376,-20.368261,14.0151453,39.1574894,255,255,0
112.25,-25.22,-25.22,3.23270344,0,-1.0258169,-0.8792462,3.7840642,-0.1828458,-0.0659949,0.3024157,-20.0305195,13.9609365,39.352515,255,255,0
112.3,-25.428,-25.428,3.26588781,0,-1.0191571,-0.8919446,3.7695834,-0.1814581,-0.0686692,0.3022838,-19.6877806,13.9023505,39.5476473,255,255,0
112.35,-25.635,-25.635,3.29944184,0,-1.0136069,-0.9034859,3.7551594,-0.1800198,-0.0713216,0.3021427,-19.3401063,13.8394345,39.7426897,255,255,0
112.4,-25.842,-25.842,3.33336998,0,-1.0093589,-0.9140704,3.7407979,-0.1785312,-0.0739512,0.3019931,-18.9875601,13.7722401,39.9374461,255,255,0
112.45,-26.05,-26.05,3.36767672,0,-1.0065078,-0.9239242,3.7265043,-0.1769929,-0.0765574,0.3018358,-18.6302067,13.7008238,40.1317215,255,255,0
112.5,-26.257,-26.257,3.40236663,0,-1.0050444,-0.9332883,3.7122837,-0.1754054,-0.0791393,0.3016715,-18.2681125,13.625246,40.3253221,255,255,0
112.55,-26.465,-26.465,3.43744431,0,-1.0048562,-0.9424077,3.6981413,-0.173769,-0.0816964,0.3015011,-17.9013453,13.5455718,40.5180555,255,255,0
112.6,-26.672,-26.672,3.47291443,0,-1.0057345,-0.9515199,3.6840823,-0.1720843,-0.0842278,0.3013253,-17.5299744,13.4618701,40.709731,255,255,0
112.65,-26.88,-26.88,3.50878175,0,-1.0073888,-0.9608437,3.6701115,-0.1703519,-0.0867328,0.3011449,-17.1540708,13.3742138,40.9001597,255,255,0
112.7,-27.087,-27.087,3.54505105,0,-1.0094648,-0.9705695,3.6562337,-0.1685722,-0.0892109,0.3009608,-16.7737069,13.2826795,41.0891549,255,255,0
112.75,-27.295,-27.295,3.58172719,0,-1.011568,-0.9808502,3.6424538,-0.1667458,-0.0916613,0.3007736,-16.3889568,13.1873476,41.2765322,255,255,0
112.8,-27.502,-27.502,3.61881509,0,-1.0132894,-0.9917938,3.6287761,-0.1648732,-0.0940834,0.3005843,-15.9998963,13.0883017,41.4621095,255,255,0
112.85,-27.71,-27.71,3.65631974,0,-1.0142316,-1.003459,3.6152051,-0.1629551,-0.0964766,0.3003936,-15.6066026,12.9856286,41.6457076,255,255,0
112.9,-27.917,-27.917,3.6942462,0,-1.0140349,-1.015852,3.6017451,-0.160992,-0.0988403,0.3002024,-15.2091549,12.8794181,41.8271499,255,255,0
112.95,-28.125,-28.125,3.73259956,0,-1.0124009,-1.0289261,3.5884002,-0.1589845,-0.1011737,0.3000114,-14.8076339,12.769763,42.0062631,255,255,0
113,-28.332,-28.332,3.77138503,0,-1.0091116,-1.0425843,3.5751744,-0.1569332,-0.1034764,0.2998215,-14.402122,12.6567584,42.1828768,255,255,0
113.05,-28.54,-28.54,3.81060784,0,-1.0040438,-1.0566833,3.5620714,-0.1548387,-0.1057478,0.2996335,-13.9927033,12.540502,42.3568243,255,255,0
113.1,-28.747,-28.747,3.85027332,0,-0.9971771,-1.0710402,3.5490948,-0.1527016,-0.1079872,0.2994482,-13.5794639,12.4210934,42.5279423,255,255,0
113.15,-28.955,-28.955,3.89038685,0,-0.9885954,-1.0854408,3.5362483,-0.1505227,-0.1101942,0.2992664,-13.1624914,12.2986342,42.6960709,255,255,0
113.2,-29.162,-29.162,3.93095389,0,-0.9784818,-1.0996499,3.5235349,-0.1483025,-0.1123682,0.299089,-12.7418754,12.173228,42.8610543,255,255,0
113.25,-29.37,-29.37,3.97197998,0,-0.9671066,-1.1134213,3.510958,-0.1460418,-0.1145086,0.2989166,-12.3177071,12.0449792,43.0227407,255,255,0
113.3,-29.577,-29.577,4.01347071,0,-0.95481,-1.12651,3.4985203,-0.1437412,-0.116615,0.2987502,-11.8900797,11.9139941,43.1809821,255,255,0
113.35,-29.785,-29.785,4.05543177,0,-0.9419806,-1.1386829,3.4862247,-0.1414013,-0.1186867,0.2985904,-11.4590883,11.7803795,43.3356349,255,255,0
113.4,-29.993,-29.993,4.09786889,0,-0.92903,-1.1497297,3.4740738,-0.1390229,-0.1207234,0.2984381,-11.0248296,11.6442431,43.4865597,255,255,0
113.45,-30.2,-30.2,4.1407879,0,-0.9163664,-1.1594729,3.4620699,-0.1366068,-0.1227246,0.298294,-10.5874024,11.5056932,43.6336215,255,255,0
113.5,-30.408,-30.408,4.18419471,0,-0.9043686,-1.1677754,3.4502152,-0.1341536,-0.1246896,0.2981589,-10.1469074,11.3648382,43.77669,255,255,0
113.55,-30.615,-30.615,4.22809529,0,-0.8933614,-1.1745473,3.4385118,-0.131664,-0.1266181,0.2980335,-9.7034469,11.2217865,43.9156392,255,255,0
113.6,-30.823,-30.823,4.27249571,0,-0.8835949,-1.1797499,3.4269615,-0.1291389,-0.1285097,0.2979186,-9.2571254,11.0766465,44.0503481,255,255,0
113.65,-31.03,-31.03,4.31740209,0,-0.8752284,-1.1833975,3.4155658,-0.1265789,-0.1303638,0.2978148,-8.8080491,10.929526,44.1807002,255,255,0
113.7,-31.238,-31.238,4.36282067,0,-0.8683201,-1.1855568,3.4043262,-0.1239848,-0.13218,0.297723,-8.3563264,10.7805321,44.3065841,255,255,0
113.75,-31.445,-31.445,4.40875773,0,-0.862824,-1.1863438,3.393244,-0.1213574,-0.1339579,0.2976437,-7.9020673,10.629771,44.4278931,255,255,0
113.8,-31.653,-31.653,4.45521966,0,-0.8585925,-1.1859188,3.3823201,-0.1186975,-0.1356971,0.2975777,-7.4453838,10.4773479,44.5445256,255,255,0
113.85,-31.861,-31.861,4.50221293,0,-0.8553863,-1.1844786,3.3715554,-0.1160059,-0.137397,0.2975255,-6.9863899,10.3233665,44.6563852,255,255,0
113.9,-32.068,-32.068,4.54974409,0,-0.8528901,-1.1822478,3.3609504,-0.1132834,-0.1390574,0.2974879,-6.5252013,10.167929,44.7633802,255,255,0
113.95,-32.276,-32.276,4.59781979,0,-0.8507332,-1.1794684,3.3505057,-0.1105307,-0.1406779,0.2974655,-6.061936,10.0111359,44.8654245,255,255,0
114,-32.483,-32.483,4.64644674,0,-0.8485134,-1.1763889,3.3402214,-0.1077488,-0.1422579,0.2974588,-5.5967134,9.8530854,44.9624368,255,255,0
114.05,-32.691,-32.691,4.69563177,0,-0.8458235,-1.1732524,3.3300975,-0.1049384,-0.1437971,0.2974684,-5.129655,9.6938739,45.0543412,255,255,0
114.1,-32.899,-32.899,4.74538179,0,-0.8422774,-1.1702863,3.3201339,-0.1021003,-0.1452952,0.297495,-4.6608844,9.5335953,45.1410672,255,255,0
114.15,-33.106,-33.106,4.79570378,0,-0.8375358,-1.167691,3.3103302,-0.0992355,-0.1467518,0.297539,-4.1905266,9.3723408,45.2225494,255,255,0
114.2,-33.314,-33.314,4.84660486,0,-0.8313278,-1.1656316,3.3006857,-0.0963447,-0.1481664,0.297601,-3.7187087,9.210199,45.2987278,255,255,0
114.25,-33.522,-33.522,4.89809219,0,-0.8234687,-1.1642295,3.2911998,-0.0934288,-0.1495387,0.2976814,-3.2455596,9.0472557,45.3695477,255,255,0
114.3,-33.729,-33.729,4.95017306,0,-0.8138725,-1.1635578,3.2818713,-0.0904888,-0.1508684,0.2977808,-2.77121,8.8835934,45.4349599,255,255,0
114.35,-33.937,-33.937,5.00285486,0,-0.8025572,-1.1636372,3.2726991,-0.0875254,-0.1521551,0.2978995,-2.2957923,8.7192915,45.4949205,255,255,0
114.4,-34.145,-34.145,5.05614506,0,-0.789644,-1.1644357,3.2636818,-0.0845395,-0.1533984,0.298038,-1.8194405,8.5544261,45.5493909,255,255,0
114.45,-34.352,-34.352,5.11005124,0,-0.7753495,-1.1658698,3.2548179,-0.0815321,-0.1545981,0.2981967,-1.3422906,8.3890698,45.5983382,255,255,0
114.5,-34.56,-34.56,5.16458107,0,-0.7599721,-1.1678087,3.2461056,-0.078504,-0.1557536,0.298376,-0.8644801,8.2232916,45.6417347,255,255,0
114.55,-34.767,-34.767,5.21974234,0,-0.7438728,-1.1700804,3.2375428,-0.0754561,-0.1568648,0.2985762,-0.386148,8.0571567,45.6795583,255,255,0
114.6,-34.975,-34.975,5.27554293,0,-0.727452,-1.1724795,3.2291276,-0.0723894,-0.1579313,0.2987976,0.0925648,7.8907265,45.711792,255,255,0
114.65,-35.183,-35.183,5.33199083,0,-0.7111237,-1.174777,3.2208574,-0.0693047,-0.1589528,0.2990404,0.5715162,7.7240588,45.7384248,255,255,0
114.7,-35.39,-35.39,5.38909415,0,-0.6952891,-1.1767308,3.2127299,-0.066203,-0.1599288,0.2993051,1.0505623,7.5572069,45.7594507,255,255,0
114.75,-35.598,-35.598,5.44686108,0,-0.6803107,-1.178097,3.2047423,-0.0630851,-0.1608592,0.2995917,1.5295579,7.3902204,45.7748692,255,255,0
114.8,-35.806,-35.806,5.50529995,0,-0.6664891,-1.1786414,3.1968917,-0.0599521,-0.1617436,0.2999006,2.0083564,7.2231448,45.7846855,255,255,0
114.85,-36.014,-36.014,5.56441918,0,-0.6540438,-1.1781501,3.1891751,-0.0568048,-0.1625817,0.3002318,2.4868099,7.0560214,45.7889101,255,255,0
114.9,-36.221,-36.221,5.62422733,0,-0.6430991,-1.1764398,3.1815892,-0.0536442,-0.1633731,0.3005855,2.9647691,6.8888873,45.7875588,255,255,0
114.95,-36.429,-36.429,5.68473303,0,-0.6336763,-1.1733662,3.1741308,-0.0504712,-0.1641177,0.3009618,3.4420835,6.7217754,45.7806529,255,255,0
115,-36.637,-36.637,5.74594508,0,-0.6256925,-1.1688308,3.1667961,-0.0472867,-0.1648151,0.3013609,3.9186015,6.5547145,45.7682194,255,255,0
115.05,-36.844,-36.844,5.80787235,0,-0.6189661,-1.1627855,3.1595817,-0.0440918,-0.165465,0.3017827,4.3941704,6.387729,45.7502903,255,255,0
115.1,-37.052,-37.052,5.87052387,0,-0.6132289,-1.155235,3.1524835,-0.0408874,-0.1660671,0.3022273,4.8686363,6.2208395,45.7269032,255,255,0
115.15,-37.26,-37.26,5.93390877,0,-0.6081435,-1.146237,3.1454976,-0.0376743,-0.1666212,0.3026946,5.3418447,6.054062,45.6981011,255,255,0
115.2,-37.467,-37.467,5.9980363,0,-0.6033253,-1.1358993,3.1386198,-0.0344537,-0.1671269,0.3031847,5.8136398,5.8874088,45.6639323,255,255,0
115.25,-37.675,-37.675,6.06291585,0,-0.5983678,-1.124375,3.1318459,-0.0312264,-0.1675842,0.3036974,6.2838654,5.7208879,45.6244505,255,255,0
115.3,-37.883,-37.883,6.12855693,0,-0.5928687,-1.1118561,3.1251715,-0.0279933,-0.1679925,0.3042326,6.7523641,5.5545035,45.5797146,255,255,0
115.35,-38.091,-38.091,6.19496919,0,-0.5864565,-1.0985641,3.1185919,-0.0247556,-0.1683519,0.3047903,7.2189784,5.3882558,45.5297891,255,255,0
115.4,-38.298,-38.298,6.26216238,0,-0.5788144,-1.0847407,3.1121026,-0.0215141,-0.1686619,0.3053702,7.6835498,5.2221411,45.4747434,255,255,0
115.45,-38.506,-38.506,6.33014642,0,-0.5697014,-1.0706362,3.1056987,-0.0182697,-0.1689224,0.3059722,8.1459194,5.0561522,45.4146524,255,255,0
115.5,-38.714,-38.714,6.39893133,0,-0.5589674,-1.0564987,3.0993754,-0.0150236,-0.1691331,0.306596,8.6059282,4.8902782,45.3495961,255,255,0
115.55,-38.922,-38.922,6.46852731,0,-0.546564,-1.0425624,3.0931277,-0.0117766,-0.1692939,0.3072413,9.0634166,4.7245048,45.2796599,255,255,0
115.6,-39.129,-39.129,6.53894465,0,-0.5325472,-1.0290374,3.0869504,-0.0085297,-0.1694045,0.3079079,9.5182249,4.5588142,45.204934,255,255,0
115.65,-39.337,-39.337,6.61019382,0,-0.5170739,-1.0160998,3.0808385,-0.0052838,-0.1694647,0.3085954,9.9701933,4.3931856,45.125514,255,255,0
115.7,-39.545,-39.545,6.68228541,0,-0.5003926,-1.0038842,3.0747866,-0.0020401,-0.1694744,0.3093035,10.419162,4.2275952,45.0415005,255,255,0
115.75,-39.753,-39.753,6.75523016,0,-0.4828268,-0.9924775,3.0687894,0.0012007,-0.1694334,0.3100318,10.8649712,4.0620163,44.9529989,255,255,0
115.8,-39.961,-39.961,6.82903896,0,-0.4647549,-0.9819151,3.0628416,0.0044375,-0.1693415,0.3107799,11.3074615,3.8964193,44.8601199,255,255,0
115.85,-40.168,-40.168,6.90372285,0,-0.4465854,-0.9721795,3.0569375,0.0076693,-0.1691986,0.3115473,11.7464735,3.7307724,44.7629788,255,255,0
115.9,-40.376,-40.376,6.97929301,0,-0.4287311,-0.9632014,3.0510717,0.0108951,-0.1690045,0.3123335,12.1818484,3.5650414,44.6616959,255,255,0
115.95,-40.584,-40.584,7.0557608,0,-0.4115823,-0.954863,3.0452386,0.0141141,-0.1687592,0.3131382,12.6134279,3.39919,44.5563963,255,255,0
116,-40.792,-40.792,7.1331377,0,-0.395482,-0.9470038,3.0394327,0.0173252,-0.1684625,0.3139606,13.0410541,3.23318,44.4472097,255,255,0
116.05,-41,-41,7.21143538,0,-0.3807036,-0.939428,3.0336481,0.0205275,-0.1681144,0.3148003,13.4645701,3.0669717,44.3342704,255,255,0
116.1,-41.207,-41.207,7.29066565,0,-0.367434,-0.9319141,3.0278794,0.02372,-0.1677147,0.3156567,13.8838196,2.9005237,44.2177173,255,255,0
116.15,-41.415,-41.415,7.37084049,0,-0.3557609,-0.9242249,3.0221207,0.0269018,-0.1672635,0.3165291,14.2986473,2.7337937,44.0976937,255,255,0
116.2,-41.623,-41.623,7.45197204,0,-0.3456682,-0.9161191,3.0163663,0.0300718,-0.1667606,0.317417,14.7088989,2.566738,43.9743472,255,255,0
116.25,-41.831,-41.831,7.53407261,0,-0.3370364,-0.9073624,3.0106107,0.0332293,-0.166206,0.3183196,15.1144214,2.3993127,43.8478298,255,255,0
116.3,-42.039,-42.039,7.61715469,0,-0.3296513,-0.8977387,3.004848,0.0363731,-0.1655999,0.3192363,15.5150629,2.231473,43.7182974,255,255,0
116.35,-42.246,-42.246,7.70123094,0,-0.3232175,-0.8870603,2.9990725,0.0395023,-0.164942,0.3201663,15.9106728,2.0631742,43.58591,255,255,0
116.4,-42.454,-42.454,7.78631417,0,-0.317378,-0.8751766,2.9932787,0.0426161,-0.1642326,0.321109,16.3011021,1.8943714,43.4508315,255,255,0
116.45,-42.662,-42.662,7.87241739,0,-0.3117372,-0.8619817,2.9874608,0.0457135,-0.1634716,0.3220635,16.6862035,1.72502,43.3132295,255,255,0
116.5,-42.87,-42.87,7.95955381,0,-0.3058872,-0.8474191,2.9816132,0.0487935,-0.1626591,0.323029,17.0658312,1.5550762,43.1732752,255,255,0
116.55,-43.078,-43.078,8.04773677,0,-0.2994338,-0.8314853,2.9757305,0.0518552,-0.1617952,0.3240048,17.4398411,1.3844966,43.0311431,255,255,0
116.6,-43.286,-43.286,8.13697984,0,-0.2920224,-0.8142292,2.9698071,0.0548977,-0.1608801,0.3249901,17.8080914,1.2132392,42.8870113,255,255,0
116.65,-43.494,-43.494,8.22729676,0,-0.2833614,-0.7957513,2.9638375,0.0579201,-0.1599138,0.3259839,18.1704419,1.0412632,42.7410606,255,255,0
116.7,-43.701,-43.701,8.31870147,0,-0.2732409,-0.7761985,2.9578165,0.0609215,-0.1588966,0.3269855,18.5267548,0.8685292,42.5934751,255,255,0
116.75,-43.909,-43.909,8.4112081,0,-0.2615466,-0.7557581,2.9517386,0.063901,-0.1578286,0.327994,18.8768946,0.695,42.4444415,255,255,0
116.8,-44.117,-44.117,8.50483097,0,-0.2482673,-0.7346493,2.9455987,0.0668576,-0.1567101,0.3290084,19.2207277,0.5206402,42.2941489,255,255,0
116.85,-44.325,-44.325,8.5995846,0,-0.2334961,-0.7131136,2.9393916,0.0697906,-0.1555412,0.3300278,19.5581234,0.3454167,42.142789,255,255,0
116.9,-44.512,-44.512,8.69548302,0,-0.2174243,-0.6914039,2.9331124,0.0726989,-0.1543222,0.3310514,19.8889534,0.1692992,41.9905554,255,255,0
116.95,-44.586,-44.586,8.79250498,0,-0.2003291,-0.6697731,2.9267561,0.0755818,-0.1530535,0.3320783,20.2130919,-0.0077399,41.837644,255,255,0
117,-44.66,-44.66,8.89064385,0,-0.1825563,-0.648463,2.920318,0.0784383,-0.1517353,0.3331073,20.530416,-0.1857254,41.6842519,255,255,0
117.05,-44.735,-44.735,8.98991289,0,-0.1645721,-0.6279829,2.9150987,0.0812677,-0.1503679,0.3341377,20.8408056,-0.3646784,41.530578,255,255,0
117.1,-44.809,-44.809,9.09032551,0,-0.146705,-0.608218,2.9097918,0.084069,-0.1489518,0.3351685,21.1441435,-0.5446169,41.3768224,255,255,0
117.15,-44.883,-44.883,9.19189529,0,-0.1293624,-0.5893157,2.9043926,0.0868414,-0.1474873,0.3361986,21.4403155,-0.7255551,41.2231859,255,255,0
117.2,-44.957,-44.957,9.29463598,0,-0.1129201,-0.5713771,2.8988969,0.0895841,-0.1459749,0.3372272,21.7292106,-0.9075032,41.0698703,255,255,0
117.25,-45.032,-45.032,9.39856149,0,-0.097698,-0.5544522,2.8933004,0.0922963,-0.144415,0.3382532,22.0107208,-1.0904675,40.9170777,255,255,0
117.3,-45.106,-45.106,9.5036859,0,-0.0839395,-0.5385384,2.887599,0.0949771,-0.142808,0.3392756,22.2847416,-1.2744499,40.7650104,255,255,0
117.35,-45.18,-45.18,9.61002347,0,-0.0717966,-0.5235807,2.8817887,0.0976258,-0.1411545,0.3402935,22.5511718,-1.459448,40.6138706,255,255,0
117.4,-45.254,-45.254,9.71758863,0,-0.0613195,-0.5094746,2.8758658,0.1002415,-0.139455,0.3413059,22.8099135,-1.6454549,40.4638602,255,255,0
117.45,-45.329,-45.329,9.82639599,0,-0.0524538,-0.4960715,2.8698266,0.1028235,-0.13771,0.3423117,23.0608725,-1.8324588,40.3151803,255,255,0
117.5,-45.403,-45.403,9.93646033,0,-0.0450443,-0.4831854,2.8636677,0.105371,-0.1359202,0.3433101,23.303958,-2.0204432,40.168031,255,255,0
117.55,-45.477,-45.477,10.0477966,0,-0.038845,-0.4706024,2.8573857,0.1078833,-0.1340862,0.3443,23.539083,-2.2093866,40.0226114,255,255,0
117.6,-45.551,-45.551,10.16042,0,-0.0335355,-0.4580905,2.8509776,0.1103595,-0.1322086,0.3452805,23.7661642,-2.3992625,39.8791186,255,255,0
117.65,-45.626,-45.626,10.2743458,0,-0.0287415,-0.445411,2.8444404,0.112799,-0.130288,0.3462506,23.9851219,-2.5900392,39.7377484,255,255,0
117.7,-45.7,-45.7,10.3895896,0,-0.0240594,-0.4323294,2.8377714,0.115201,-0.1283252,0.3472094,24.1958804,-2.7816799,39.5986939,255,255,0
117.75,-45.774,-45.774,10.5061671,0,-0.0190824,-0.418627,2.830968,0.1175649,-0.1263209,0.3481558,24.3983679,-2.9741424,39.4621461,255,255,0
117.8,-45.849,-45.849,10.6240941,0,-0.0134274,-0.4041112,2.8240278,0.1198899,-0.1242759,0.349089,24.5925165,-3.1673793,39.328293,255,255,0
117.85,-45.923,-45.923,10.7433869,0,-0.0067593,-0.3886247,2.8169487,0.1221753,-0.1221909,0.3500079,24.7782621,-3.3613378,39.1973197,255,255,0
117.9,-45.997,-45.997,10.8640616,0,0.0011868,-0.372053,2.8097287,0.1244204,-0.1200667,0.3509118,24.9555449,-3.5559599,39.0694077,255,255,0
117.95,-46.071,-46.071,10.9861348,0,0.010588,-0.3543303,2.802366,0.1266247,-0.1179042,0.3517997,25.124309,-3.7511821,38.9447351,255,255,0
118,-46.146,-46.146,11.1096232,0,0.021523,-0.3354427,2.7948591,0.1287874,-0.1157042,0.3526708,25.2845027,-3.9469358,38.8234757,255,255,0
118.05,-46.22,-46.22,11.2345438,0,0.0339656,-0.3154295,2.7872067,0.1309079,-0.1134676,0.353524,25.4360783,-4.143147,38.7057993,255,255,0
118.1,-46.294,-46.294,11.3609135,0,0.0477871,-0.2943813,2.7794074,0.1329857,-0.1111954,0.3543587,25.5789923,-4.3397366,38.5918708,255,255,0
118.15,-46.369,-46.369,11.4887498,0,0.0627644,-0.2724366,2.7714605,0.13502,-0.1088884,0.3551739,25.7132055,-4.5366204,38.4818505,255,255,0
118.2,-46.443,-46.443,11.6180702,0,0.0785939,-0.2497758,2.7633652,0.1370103,-0.1065476,0.3559689,25.8386826,-4.733709,38.3758934,255,255,0
118.25,-46.517,-46.517,11.7488925,0,0.0949112,-0.2266127,2.7551209,0.1389561,-0.1041739,0.3567429,25.9553928,-4.9309084,38.2741491,255,255,0
118.3,-46.591,-46.591,11.8812346,0,0.1113147,-0.203186,2.7467274,0.1408567,-0.1017685,0.3574951,26.0633093,-5.1281194,38.1767615,255,255,0
118.35,-46.666,-46.666,12.0151147,0,0.1273912,-0.1797478,2.7381846,0.1427117,-0.0993323,0.3582247,26.1624096,-5.3252386,38.0838685,255,255,0
118.4,-46.74,-46.74,12.1505513,0.001,0.1427425,-0.1565527,2.7294925,0.1445204,-0.0968663,0.3589311,26.2526756,-5.5221579,37.995602,255,255,0
118.45,-46.814,-46.814,12.287563,0.002,0.1570112,-0.1338465,2.7206514,0.1462825,-0.0943716,0.3596135,26.334093,-5.7187647,37.912087,255,255,0
118.5,-46.889,-46.889,12.4261687,0.003,0.1699034,-0.1118552,2.711662,0.1479973,-0.0918492,0.3602714,26.4066521,-5.9149427,37.8334423,255,255,0
118.55,-46.963,-46.963,12.5663875,0.003,0.181208,-0.0907749,2.7025248,0.1496644,-0.0893004,0.3609039,26.4703472,-6.1105712,37.7597793,255,255,0
118.6,-47.037,-47.037,12.7082388,0.004,0.1908098,-0.0707631,2.693241,0.1512833,-0.0867262,0.3615107,26.5251768,-6.3055261,37.6912028,255,255,0
118.65,-47.111,-47.111,12.851742,0.005,0.198697,-0.0519318,2.6838115,0.1528537,-0.0841277,0.362091,26.5711436,-6.4996797,37.6278098,255,255,0
118.7,-47.186,-47.186,12.9969172,0.006,0.2049619,-0.0343431,2.6742378,0.154375,-0.081506,0.3626443,26.6082544,-6.6929011,37.56969,255,255,0
118.75,-47.26,-47.26,13.1437843,0.006,0.2097949,-0.0180058,2.6645213,0.1558468,-0.0788624,0.3631701,26.6365202,-6.8850564,37.5169255,255,255,0
118.8,-47.334,-47.334,13.2923637,0.007,0.2134717,-0.0028763,2.6546638,0.1572687,-0.076198,0.363668,26.6559558,-7.0760088,37.4695904,255,255,0
118.85,-47.409,-47.409,13.4426759,0.008,0.2163357,0.0111397,2.6446672,0.1586405,-0.073514,0.3641374,26.6665805,-7.2656193,37.427751,255,255,0
118.9,-47.483,-47.483,13.5947419,0.009,0.2187756,0.0241824,2.6345335,0.1599616,-0.0708116,0.3645779,26.6684172,-7.4537465,37.3914654,255,255,0
118.95,-47.557,-47.557,13.7485826,0.009,0.2212003,0.0364308,2.6242652,0.1612317,-0.0680919,0.3649893,26.6614929,-7.6402473,37.3607833,255,255,0
119,-47.632,-47.632,13.9042194,0.01,0.2240118,0.0480945,2.6138646,0.1624506,-0.0653562,0.365371,26.6458386,-7.8249768,37.3357466,255,255,0
119.05,-47.706,-47.706,14.0616739,0.011,0.2275798,0.0594038,2.6033343,0.1636179,-0.0626058,0.3657229,26.6214891,-8.007789,37.3163882,255,255,0
119.1,-47.78,-47.78,14.2209681,0.011,0.2322173,0.0705983,2.5926772,0.1647332,-0.0598417,0.3660445,26.588483,-8.1885367,37.3027331,255,255,0
119.15,-47.855,-47.855,14.382124,0.012,0.2381605,0.0819161,2.5818962,0.1657964,-0.0570654,0.3663357,26.5468625,-8.3670722,37.2947974,255,255,0
119.2,-47.929,-47.929,14.5451641,0.013,0.245553,0.0935822,2.5709944,0.1668072,-0.0542779,0.3665963,26.4966739,-8.5432475,37.2925891,255,255,0
119.25,-48.003,-48.003,14.7101111,0.014,0.2544368,0.1057979,2.559975,0.1677654,-0.0514805,0.366826,26.4379669,-8.7169145,37.2961072,255,255,0
119.3,-48.078,-48.078,14.876988,0.014,0.2647497,0.1187315,2.5488416,0.1686706,-0.0486745,0.3670248,26.3707946,-8.8879253,37.3053427,255,255,0
119.35,-48.152,-48.152,15.0458181,0.015,0.2763285,0.1325099,2.5375976,0.1695227,-0.0458612,0.3671926,26.2952138,-9.0561328,37.3202776,255,255,0
119.4,-48.226,-48.226,15.2166249,0.016,0.2889204,0.1472129,2.5262467,0.1703216,-0.0430416,0.3673291,26.2112849,-9.2213907,37.340886,255,255,0
119.45,-48.301,-48.301,15.3894323,0.017,0.3021983,0.1628688,2.5147927,0.171067,-0.0402171,0.3674346,26.1190713,-9.3835541,37.3671331,255,255,0
119.5,-48.375,-48.375,15.5642644,0.018,0.3157828,0.1794533,2.5032396,0.1717589,-0.0373889,0.3675088,26.01864,-9.5424796,37.3989763,255,255,0
119.55,-48.449,-48.449,15.7411457,0.018,0.3292661,0.19689,2.4915913,0.172397,-0.0345582,0.3675519,25.910061,-9.6980257,37.4363644,255,255,0
119.6,-48.524,-48.524,15.9201009,0.019,0.3422385,0.215054,2.479852,0.1729813,-0.0317263,0.367564,25.7934076,-9.8500532,37.4792383,255,255,0
119.65,-48.598,-48.598,16.1011551,0.02,0.3543146,0.2337771,2.4680259,0.1735116,-0.0288943,0.3675451,25.668756,-9.9984254,37.5275309,255,255,0
119.7,-48.672,-48.672,16.2843337,0.021,0.3651586,0.2528557,2.4561175,0.173988,-0.0260634,0.3674954,25.5361855,-10.1430084,37.5811674,255,255,0
119.75,-48.747,-48.747,16.4696624,0.021,0.3745057,0.2720596,2.4441309,0.1744103,-0.0232349,0.367415,25.3957781,-10.2836714,37.6400652,255,255,0
119.8,-48.821,-48.821,16.6571671,0.022,0.3821791,0.2911426,2.4320709,0.1747785,-0.0204099,0.3673043,25.2476189,-10.4202873,37.7041343,255,255,0
119.85,-48.895,-48.895,16.8468743,0.023,0.3881014,0.3098537,2.4199418,0.1750926,-0.0175896,0.3671633,25.0917954,-10.5527322,37.7732773,255,255,0
119.9,-48.97,-48.97,17.0388106,0.024,0.3922999,0.3279481,2.4077484,0.1753527,-0.0147751,0.3669925,24.928398,-10.6808867,37.8473899,255,255,0
119.95,-49.044,-49.044,17.2330029,0.024,0.3949042,0.3451989,2.3954953,0.1755586,-0.0119677,0.3667921,24.7575194,-10.8046351,37.9263609,255,255,0
120,-49.118,-49.118,17.4294786,0.025,0.3961383,0.3614068,2.3831872,0.1757105,-0.0091684,0.3665624,24.5792549,-10.9238667,38.0100725,255,255,0
120.05,-49.193,-49.193,17.6282654,0.026,0.3963059,0.3764095,2.3708289,0.1758083,-0.0063783,0.3663038,24.3937022,-11.0384751,38.0984003,255,255,0
120.1,-49.267,-49.267,17.8293913,0.026,0.3957705,0.3900887,2.3584251,0.1758523,-0.0035986,0.3660168,24.200961,-11.148359,38.191214,255,255,0
120.15,-49.342,-49.342,18.0328847,0.027,0.3949322,0.4023758,2.3459807,0.1758425,-0.0008303,0.3657017,24.0011335,-11.2534224,38.2883774,255,255,0
120.2,-49.416,-49.416,18.2387743,0.028,0.3942016,0.4132545,2.3335004,0.1757789,0.0019254,0.365359,23.7943237,-11.3535743,38.3897488,255,255,0
120.25,-49.49,-49.49,18.4470892,0.029,0.3939733,0.4227618,2.3209892,0.1756618,0.0046677,0.3649892,23.5806379,-11.4487296,38.495181,255,255,0
120.3,-49.565,-49.565,18.6578587,0.029,0.3946003,0.4309859,2.3084519,0.1754912,0.0073953,0.3645928,23.3601841,-11.5388086,38.6045219,255,255,0
120.35,-49.639,-49.639,18.8711128,0.03,0.3963711,0.4380621,2.2958933,0.1752674,0.0101074,0.3641703,23.133072,-11.6237376,38.7176147,255,255,0
120.4,-49.713,-49.713,19.0868817,0.031,0.3994911,0.4441665,2.2833182,0.1749905,0.0128028,0.3637224,22.8994132,-11.703449,38.8342983,255,255,0
120.45,-49.788,-49.788,19.3051958,0.032,0.4040695,0.449508,2.2707314,0.1746607,0.0154808,0.3632496,22.659321,-11.7778811,38.9544073,255,255,0
120.5,-49.862,-49.862,19.5260861,0.033,0.4101117,0.4543181,2.2581377,0.1742782,0.0181402,0.3627525,22.41291,-11.8469786,39.0777729,255,255,0
120.55,-49.936,-49.936,19.749584,0.033,0.4175193,0.4588406,2.2455419,0.1738434,0.0207802,0.3622318,22.1602964,-11.9106925,39.2042225,255,255,0
120.6,-50.011,-50.011,19.9757212,0.034,0.4260968,0.4633202,2.2329487,0.1733564,0.0233999,0.361688,21.9015978,-11.96898,39.3335805,255,255,0
120.65,-50.085,-50.085,20.2045298,0.035,0.4355633,0.4679909,2.2203627,0.1728175,0.0259984,0.361122,21.6369328,-12.0218052,39.4656687,255,255,0
120.7,-50.16,-50.16,20.4360424,0.036,0.4455715,0.4730657,2.2077885,0.172227,0.0285749,0.3605344,21.3664216,-12.0691383,39.6003063,255,255,0
120.75,-50.234,-50.234,20.6702918,0.036,0.4557299,0.4787261,2.1952307,0.1715853,0.0311284,0.3599258,21.0901851,-12.1109561,39.7373104,255,255,0
120.8,-50.308,-50.308,20.9073114,0.037,0.4656281,0.4851144,2.1826937,0.1708926,0.0336583,0.3592971,20.8083455,-12.1472422,39.8764962,255,255,0
120.85,-50.383,-50.383,21.1471351,0.038,0.4748632,0.4923265,2.1701821,0.1701492,0.0361637,0.358649,20.5210257,-12.1779865,40.0176777,255,255,0
120.9,-50.457,-50.457,21.3897969,0.039,0.483066,0.5004078,2.1577002,0.1693557,0.0386438,0.3579822,20.2283496,-12.2031855,40.1606677,255,255,0
120.95,-50.532,-50.532,21.6353315,0.039,0.4899252,0.5093509,2.1452521,0.1685122,0.041098,0.3572976,19.9304419,-12.2228422,40.3052779,255,255,0
121,-50.606,-50.606,21.883774,0.04,0.4952069,0.5190964,2.1328422,0.1676193,0.0435254,0.3565959,19.6274278,-12.2369661,40.4513199,255,255,0
121.05,-50.68,-50.68,22.1351598,0.041,0.4987702,0.5295347,2.1204744,0.1666773,0.0459256,0.3558779,19.3194333,-12.2455731,40.598605,255,255,0
121.1,-50.755,-50.755,22.389525,0.041,0.5005764,0.5405122,2.1081528,0.1656867,0.0482976,0.3551444,19.0065849,-12.2486851,40.7469446,255,255,0
121.15,-50.829,-50.829,22.6469057,0.042,0.5006911,0.5518374,2.0958814,0.1646479,0.050641,0.3543963,18.6890095,-12.2463307,40.8961506,255,255,0
121.2,-50.903,-50.903,22.9073391,0.043,0.4992802,0.5632902,2.0836638,0.1635613,0.0529552,0.3536344,18.3668344,-12.2385442,41.0460356,255,255,0
121.25,-50.978,-50.978,23.1708622,0.044,0.4965996,0.5746321,2.0715037,0.1624275,0.0552394,0.3528594,18.0401872,-12.2253661,41.1964134,255,255,0
121.3,-51.052,-51.052,23.437513,0.044,0.4929779,0.5856171,2.0594049,0.1612469,0.0574933,0.3520724,17.7091959,-12.2068427,41.3470989,255,255,0
121.35,-51.127,-51.127,23.7073297,0.045,0.4887957,0.5960029,2.0473706,0.16002,0.0597161,0.3512741,17.3739886,-12.183026,41.4979088,255,255,0
121.4,-51.201,-51.201,23.980351,0.046,0.4844609,0.6055624,2.0354044,0.1587473,0.0619075,0.3504654,17.0346934,-12.1539736,41.6486616,255,255,0
121.45,-51.275,-51.275,24.2566162,0.047,0.4803825,0.6140941,2.0235092,0.1574295,0.0640669,0.349647,16.6914387,-12.1197485,41.7991781,255,255,0
121.5,-51.35,-51.35,24.536165,0.048,0.4769438,0.6214312,2.0116884,0.1560669,0.0661938,0.34882,16.3443527,-12.0804189,41.9492812,255,255,0
121.55,-51.424,-51.424,24.8190375,0.048,0.474478,0.6274496,1.9999448,0.1546603,0.0682879,0.3479851,15.9935637,-12.0360579,42.0987967,255,255,0
121.6,-51.499,-51.499,25.1052746,0.049,0.4732467,0.6320737,1.9882814,0.1532101,0.0703487,0.3471433,15.6391998,-11.9867436,42.2475531,255,255,0
121.65,-51.573,-51.573,25.3949175,0.05,0.4734227,0.6352796,1.9767007,0.1517169,0.0723757,0.3462952,15.281389,-11.9325588,42.3953821,255,255,0
121.7,-51.648,-51.648,25.688008,0.051,0.4750792,0.6370967,1.9652054,0.1501814,0.0743687,0.3454419,14.920259,-11.8735904,42.5421187,255,255,0
121.75,-51.722,-51.722,25.9845883,0.051,0.4781849,0.6376062,1.9537979,0.1486042,0.0763272,0.3445842,14.5559375,-11.8099299,42.6876013,255,255,0
121.8,-51.796,-51.796,26.2847012,0.052,0.4826064,0.6369374,1.9424805,0.1469859,0.0782509,0.3437229,14.1885515,-11.7416726,42.831672,255,255,0
121.85,-51.871,-51.871,26.5883902,0.053,0.4881163,0.6352619,1.9312554,0.1453272,0.0801396,0.3428589,13.8182281,-11.6689174,42.974177,255,255,0
121.9,-51.945,-51.945,26.8956992,0.054,0.4944086,0.6327858,1.9201246,0.1436286,0.0819928,0.341993,13.4450935,-11.591767,43.1149661,255,255,0
121.95,-52.02,-52.02,27.2066726,0.054,0.5011181,0.6297401,1.90909,0.1418909,0.0838104,0.341126,13.069274,-11.5103272,43.2538937,255,255,0
122,-52.094,-52.094,27.5213555,0.055,0.5078442,0.6263706,1.8981533,0.1401148,0.0855921,0.3402587,12.690895,-11.424707,43.3908183,255,255,0
122.05,-52.168,-52.168,27.8397935,0.056,0.5141772,0.6229262,1.8873161,0.1383009,0.0873377,0.339392,12.3100817,-11.335018,43.525603,255,255,0
122.1,-52.243,-52.243,28.1620327,0.056,0.5197241,0.6196477,1.8765799,0.1364499,0.0890468,0.3385267,11.9269587,-11.2413745,43.6581152,255,255,0
122.15,-52.317,-52.317,28.48812,0.057,0.5241349,0.6167569,1.865946,0.1345626,0.0907194,0.3376636,11.5416499,-11.1438931,43.7882274,255,255,0
122.2,-52.392,-52.392,28.8181027,0.058,0.5271248,0.6144465,1.8554155,0.1326396,0.0923553,0.3368035,11.1542788,-11.0426923,43.9158165,255,255,0
122.25,-52.466,-52.466,29.1520287,0.059,0.5284928,0.6128712,1.8449894,0.1306818,0.0939542,0.335947,10.7649681,-10.9378926,44.0407645,255,255,0
122.3,-52.541,-52.541,29.4899466,0.059,0.5281348,0.6121406,1.8346687,0.1286898,0.0955161,0.3350951,10.37384,-10.8296161,44.1629584,255,255,0
122.35,-52.615,-52.615,29.8319057,0.06,0.5260506,0.6123147,1.824454,0.1266645,0.0970408,0.3342484,9.981016,-10.7179859,44.28229,255,255,0
122.4,-52.69,-52.69,30.1779557,0.061,0.5223434,0.6134007,1.814346,0.1246065,0.0985281,0.3334076,9.5866168,-10.6031265,44.3986563,255,255,0
122.45,-52.764,-52.764,30.528147,0.062,0.5172138,0.6153532,1.804345,0.1225166,0.099978,0.3325736,9.1907626,-10.485163,44.5119594,255,255,0
122.5,-52.838,-52.838,30.8825308,0.063,0.5109468,0.6180761,1.7944515,0.1203957,0.1013904,0.3317469,8.7935727,-10.3642214,44.6221066,255,255,0
122.55,-52.913,-52.913,31.2411587,0.063,0.5038932,0.6214275,1.7846656,0.1182444,0.1027652,0.3309283,8.3951657,-10.2404277,44.7290103,255,255,0
122.6,-52.987,-52.987,31.6040833,0.064,0.496447,0.6252259,1.7749873,0.1160637,0.1041023,0.3301184,7.9956595,-10.1139082,44.832588,255,255,0
122.65,-53.062,-53.062,31.9713574,0.065,0.4890203,0.629259,1.7654165,0.1138543,0.1054016,0.329318,7.5951711,-9.9847892,44.9327628,255,255,0
122.7,-53.136,-53.136,32.3430349,0.066,0.4820165,0.6332936,1.7559529,0.1116171,0.1066632,0.3285276,7.1938169,-9.8531964,45.0294625,255,255,0
122.75,-53.211,-53.211,32.7191701,0.066,0.4758043,0.6370864,1.7465962,0.1093528,0.107887,0.3277478,6.7917124,-9.7192552,45.1226203,255,255,0
122.8,-53.285,-53.285,33.0998182,0.067,0.470694,0.6403951,1.7373459,0.1070623,0.1090729,0.3269793,6.3889722,-9.5830902,45.2121748,255,255,0
122.85,-53.36,-53.36,33.485035,0.068,0.4669174,0.6429902,1.7282014,0.1047464,0.110221,0.3262226,5.9857103,-9.4448249,45.2980693,255,255,0
122.9,-53.434,-53.434,33.874877,0.069,0.4646132,0.6446652,1.7191618,0.102406,0.1113312,0.3254783,5.5820398,-9.3045819,45.3802526,255,255,0
122.95,-53.508,-53.508,34.2694013,0.069,0.4638177,0.6452463,1.7102263,0.1000419,0.1124035,0.324747,5.1780728,-9.1624822,45.4586785,255,255,0
123,-53.583,-53.583,34.6686661,0.07,0.464463,0.644601,1.7013938,0.0976549,0.113438,0.3240291,4.7739208,-9.0186455,45.5333056,255,255,0
123.05,-53.657,-53.657,35.0727299,0.071,0.4663809,0.6426438,1.6926633,0.095246,0.1144347,0.3233252,4.3696943,-8.8731896,45.6040977,255,255,0
123.1,-53.732,-53.732,35.4816523,0.071,0.4693144,0.6393405,1.6840335,0.092816,0.1153935,0.3226357,3.9655032,-8.7262306,45.6710236,255,255,0
123.15,-53.806,-53.806,35.8954935,0.072,0.4729342,0.6347097,1.675503,0.0903658,0.1163146,0.321961,3.5614563,-8.5778824,45.7340567,255,255,0
123.2,-53.881,-53.881,36.3143144,0.073,0.4768601,0.6288226,1.6670703,0.0878961,0.1171979,0.3213017,3.1576617,-8.428257,45.7931756,255,255,0
123.25,-53.955,-53.955,36.7381768,0.074,0.4806857,0.6217993,1.6587338,0.085408,0.1180435,0.3206582,2.7542266,-8.2774636,45.8483631,255,255,0
123.3,-54.03,-54.03,37.1671432,0.074,0.4840046,0.6138036,1.6504919,0.0829023,0.1188514,0.3200308,2.3512573,-8.1256095,45.8996072,255,255,0
123.35,-54.104,-54.104,37.601277,0.075,0.4864373,0.6050356,1.6423427,0.0803799,0.1196217,0.3194198,1.9488593,-7.9727989,45.9469001,255,255,0
123.4,-54.179,-54.179,38.0406424,0.076,0.4876552,0.5957227,1.6342843,0.0778417,0.1203545,0.3188257,1.5471373,-7.8191337,45.9902387,255,255,0
123.45,-54.253,-54.253,38.4853043,0.077,0.4874022,0.5861093,1.6263148,0.0752885,0.1210498,0.3182488,1.1461952,-7.6647127,46.0296243,255,255,0
123.5,-54.328,-54.328,38.9353285,0.077,0.4855117,0.5764453,1.6184319,0.0727213,0.1217077,0.3176893,0.7461359,-7.509632,46.0650623,255,255,0
123.55,-54.402,-54.402,39.3907817,0.078,0.4819169,0.5669753,1.6106336,0.070141,0.1223282,0.3171476,0.3470615,-7.3539846,46.0965627,255,255,0
123.6,-54.477,-54.477,39.8517313,0.079,0.4766556,0.5579271,1.6029175,0.0675484,0.1229114,0.3166239,-0.0509268,-7.1978603,46.1241394,255,255,0
123.65,-54.551,-54.551,40.3182458,0.08,0.4698678,0.5495013,1.5952813,0.0649445,0.1234574,0.3161184,-0.4477285,-7.041346,46.1478104,255,255,0
123.7,-54.626,-54.626,40.7903944,0.081,0.4617867,0.5418626,1.5877226,0.0623301,0.1239663,0.3156313,-0.843244,-6.8845252,46.1675978,255,255,0
123.75,-54.7,-54.7,41.2682472,0.081,0.4527237,0.535132,1.5802388,0.0597063,0.1244381,0.3151628,-1.2373747,-6.7274781,46.1835274,255,255,0
123.8,-54.775,-54.775,41.7518753,0.082,0.4430483,0.5293815,1.5728273,0.0570738,0.1248729,0.3147131,-1.6300226,-6.5702818,46.1956288,255,255,0
123.85,-54.849,-54.849,42.2413505,0.083,0.4331646,0.5246309,1.5654854,0.0544336,0.1252709,0.3142822,-2.0210908,-6.4130098,46.2039354,255,255,0
123.9,-54.923,-54.923,42.7367458,0.084,0.4234849,0.520847,1.5582106,0.0517866,0.125632,0.3138704,-2.4104831,-6.2557323,46.208484,255,255,0
123.95,-54.998,-54.998,43.2381349,0.084,0.4144035,0.5179454,1.5509998,0.0491336,0.1259564,0.3134777,-2.7981042,-6.0985161,46.2093151,255,255,0
124,-55.072,-55.072,43.7455926,0.085,0.406271,0.5157946,1.5438504,0.0464757,0.1262443,0.3131041,-3.1838596,-5.9414246,46.2064723,255,255,0
124.05,-55.147,-55.147,44.2591946,0.086,0.3993719,0.5142217,1.5367593,0.0438137,0.1264956,0.3127497,-3.5676559,-5.7845179,46.2000028,255,255,0
124.1,-55.221,-55.221,44.7790175,0.086,0.3939062,0.5130213,1.5297237,0.0411485,0.1267104,0.3124145,-3.9494001,-5.6278524,46.1899567,255,255,0
124.15,-55.296,-55.296,45.3051391,0.087,0.3899769,0.5119643,1.5227405,0.0384811,0.126889,0.3120985,-4.3290006,-5.4714813,46.1763875,255,255,0
124.2,-55.37,-55.37,45.8376379,0.088,0.3875829,0.5108093,1.5158068,0.0358122,0.1270313,0.3118017,-4.7063663,-5.3154545,46.1593513,255,255,0
124.25,-55.445,-55.445,46.3765937,0.089,0.3866196,0.5093134,1.5089193,0.0331428,0.1271375,0.311524,-5.0814071,-5.1598184,46.1389074,255,255,0
124.3,-55.519,-55.519,46.9220872,0.089,0.3868856,0.5072438,1.5020751,0.0304739,0.1272077,0.3112653,-5.4540337,-5.0046161,46.1151179,255,255,0
124.35,-55.594,-55.594,47.4742,0.09,0.3880962,0.5043883,1.4952709,0.0278063,0.127242,0.3110255,-5.8241578,-4.8498876,46.0880475,255,255,0
124.4,-55.668,-55.668,48.033015,0.091,0.3899012,0.5005658,1.4885036,0.0251409,0.1272405,0.3108045,-6.1916921,-4.6956693,46.0577634,255,255,0
124.45,-55.743,-55.743,48.598616,0.092,0.3919083,0.4956345,1.48177,0.0224785,0.1272033,0.3106021,-6.5565498,-4.541995,46.0243356,255,255,0
124.5,-55.818,-55.818,49.171088,0.092,0.3937083,0.4894983,1.4750669,0.0198202,0.1271306,0.3104183,-6.9186455,-4.3888949,45.9878364,255,255,0
124.55,-55.892,-55.892,49.7505169,0.093,0.3949019,0.482112,1.4683911,0.0171667,0.1270225,0.3102527,-7.2778943,-4.2363965,45.9483403,255,255,0
124.6,-55.967,-55.967,50.33699,0.094,0.3951253,0.4734829,1.4617394,0.0145189,0.126879,0.3101051,-7.6342126,-4.0845242,45.9059242,255,255,0
124.65,-56.041,-56.041,50.9305954,0.095,0.3940742,0.4636713,1.4551085,0.0118778,0.1267004,0.3099754,-7.9875174,-3.9332995,45.8606671,255,255,0
124.7,-56.116,-56.116,51.5314226,0.096,0.3915233,0.4527871,1.4484951,0.0092441,0.1264867,0.3098633,-8.3377269,-3.7827413,45.8126501,255,255,0
124.75,-56.19,-56.19,52.1395622,0.096,0.3873411,0.4409856,1.4418962,0.0066187,0.1262382,0.3097684,-8.6847601,-3.6328657,45.7619562,255,255,0
124.8,-56.265,-56.265,52.7551058,0.097,0.3814988,0.4284604,1.4353084,0.0040026,0.1259549,0.3096906,-9.0285371,-3.4836861,45.7086704,255,255,0
124.85,-56.339,-56.339,53.3781463,0.098,0.3740716,0.415434,1.4287285,0.0013965,0.125637,0.3096294,-9.368979,-3.3352135,45.6528793,255,255,0
124.9,-56.414,-56.414,54.0087779,0.099,0.3652346,0.4021487,1.4221535,-0.0011986,0.1252846,0.3095845,-9.7060079,-3.1874567,45.5946713,255,255,0
124.95,-56.488,-56.488,54.6470959,0.099,0.3552516,0.3888549,1.41558,-0.003782,0.124898,0.3095556,-10.0395467,-3.0404218,45.5341365,255,255,0
125,-56.5,-56.5,55.2931177,0.1,0.3444574,0.3758,1.409005,-0.0063529,0.1244772,0.3095423,-10.3695196,-2.8941132,45.4713664,255,255,0
125.05,-56.5,-56.5,55.6843999,0.108,0.3348315,0.3650306,1.4091287,-0.0089103,0.1240225,0.3095441,-10.6957013,-2.7484942,45.4058145,255,255,0
125.1,-56.5,-56.5,56.0784565,0.116,0.3251624,0.3548857,1.4092663,-0.0114534,0.123534,0.3095608,-11.0181594,-2.6036077,45.3382166,255,255,0
125.15,-56.5,-56.5,56.4753074,0.124,0.3158584,0.3455374,1.4094147,-0.0139815,0.123012,0.3095918,-11.3368214,-2.4594521,45.2686683,255,255,0
125.2,-56.5,-56.5,56.8749723,0.132,0.3072997,0.3371161,1.4095714,-0.0164938,0.1224565,0.3096367,-11.6516161,-2.3160241,45.1972664,255,255,0
125.25,-56.5,-56.5,57.2774713,0.141,0.2998149,0.3297039,1.4097335,-0.0189893,0.1218679,0.309695,-11.9624732,-2.1733187,45.1241089,255,255,0
125.3,-56.5,-56.5,57.6828245,0.149,0.293659,0.3233313,1.4098981,-0.0214674,0.1212464,0.3097662,-12.2693235,-2.0313295,45.0492948,255,255,0
125.35,-56.5,-56.5,58.0910521,0.157,0.2889975,0.317976,1.4100625,-0.0239273,0.1205921,0.3098499,-12.5720993,-1.8900488,44.9729237,255,255,0
125.4,-56.5,-56.5,58.5021747,0.165,0.2858953,0.3135639,1.410224,-0.0263681,0.1199053,0.3099456,-12.8707337,-1.7494678,44.8950965,255,255,0
125.45,-56.5,-56.5,58.9162127,0.173,0.284313,0.3099724,1.4103796,-0.0287891,0.1191862,0.3100527,-13.1651613,-1.6095763,44.8159145,255,255,0
125.5,-56.5,-56.5,59.3331869,0.181,0.2841092,0.3070365,1.4105266,-0.0311895,0.1184351,0.3101706,-13.4553179,-1.4703635,44.7354797,255,255,0
125.55,-56.5,-56.5,59.7531181,0.189,0.2850498,0.3045562,1.4106622,-0.0335686,0.1176522,0.3102989,-13.7411404,-1.3318177,44.6538947,255,255,0
125.6,-56.5,-56.5,60.1760274,0.197,0.2868232,0.3023062,1.4107838,-0.0359257,0.1168379,0.3104369,-14.0225673,-1.1939264,44.5712625,255,255,0
125.65,-56.5,-56.5,60.6019359,0.205,0.2890606,0.300046,1.4108885,-0.0382599,0.1159923,0.3105842,-14.299538,-1.0566766,44.4876864,255,255,0
125.7,-56.5,-56.5,61.0308649,0.213,0.2913598,0.2975312,1.4109737,-0.0405706,0.1151158,0.31074,-14.5719937,-0.9200549,44.4032702,255,255,0
125.75,-56.5,-56.5,61.462836,0.222,0.2933112,0.2945249,1.4110367,-0.0428571,0.1142088,0.3109038,-14.8398765,-0.7840475,44.3181177,255,255,0
125.8,-56.5,-56.5,61.8978706,0.23,0.2945246,0.290809,1.4110748,-0.0451186,0.1132714,0.3110751,-15.1031302,-0.6486404,44.2323328,255,255,0
125.85,-56.5,-56.5,62.3359907,0.238,0.2946542,0.2861939,1.4110855,-0.0473545,0.1123041,0.3112532,-15.3617,-0.5138196,44.1460194,255,255,0
125.9,-56.5,-56.5,62.777218,0.246,0.2934213,0.2805275,1.4110662,-0.049564,0.1113071,0.3114374,-15.6155322,-0.3795709,44.0592813,255,255,0
125.95,-56.5,-56.5,63.2215748,0.254,0.2906324,0.2737024,1.4110144,-0.0517466,0.1102809,0.3116272,-15.864575,-0.2458804,43.9722222,255,255,0
126,-56.5,-56.5,63.6690832,0.262,0.2861913,0.2656613,1.4109275,-0.0539014,0.1092257,0.311822,-16.1087778,-0.1127346,43.8849454,255,255,0
126.05,-56.5,-56.5,64.1197656,0.27,0.280106,0.256399,1.4108032,-0.056028,0.1081421,0.312021,-16.3480914,0.0198801,43.7975537,255,255,0
126.1,-56.5,-56.5,64.5736446,0.278,0.272488,0.2459636,1.410639,-0.0581256,0.1070303,0.3122237,-16.5824686,0.1519763,43.7101497,255,255,0
126.15,-56.5,-56.5,65.0307429,0.286,0.2635451,0.2344536,1.4104327,-0.0601936,0.1058908,0.3124294,-16.8118631,0.2835666,43.6228351,255,255,0
126.2,-56.5,-56.5,65.4910834,0.294,0.2535679,0.2220144,1.410182,-0.0622314,0.104724,0.3126375,-17.0362307,0.4146626,43.5357112,255,255,0
126.25,-56.5,-56.5,65.9546891,0.302,0.2429116,0.2088311,1.4098847,-0.0642384,0.1035304,0.3128473,-17.2555285,0.5452754,43.4488783,255,255,0
126.3,-56.5,-56.5,66.4215833,0.311,0.2319725,0.1951202,1.4095386,-0.0662139,0.1023103,0.3130582,-17.4697153,0.675415,43.3624358,255,255,0
126.35,-56.5,-56.5,66.8917893,0.319,0.2211626,0.1811201,1.4091417,-0.0681575,0.1010642,0.3132695,-17.6787516,0.8050909,43.2764822,255,255,0
126.4,-56.5,-56.5,67.3653306,0.327,0.2108835,0.1670799,1.408692,-0.0700685,0.0997927,0.3134806,-17.8825994,0.9343114,43.191115,255,255,0
126.45,-56.5,-56.5,67.842231,0.335,0.2014997,0.1532484,1.4081875,-0.0719464,0.0984962,0.3136908,-18.0812225,1.0630838,43.1064304,255,255,0
126.5,-56.5,-56.5,68.3225144,0.343,0.1933157,0.1398624,1.4076265,-0.0737906,0.0971752,0.3138996,-18.2745863,1.1914145,43.0225232,255,255,0
126.55,-56.5,-56.5,68.8062047,0.351,0.1865562,0.1271365,1.407007,-0.0756006,0.0958303,0.3141062,-18.4626579,1.3193085,42.9394871,255,255,0
126.6,-56.5,-56.5,69.2933262,0.359,0.1813516,0.1152529,1.4063275,-0.0773759,0.0944619,0.3143101,-18.6454063,1.4467699,42.857414,255,255,0
126.65,-56.5,-56.5,69.7839032,0.367,0.1777296,0.1043533,1.4055864,-0.079116,0.0930706,0.3145105,-18.8228021,1.5738012,42.7763945,255,255,0
126.7,-56.5,-56.5,70.2779605,0.375,0.1756137,0.0945326,1.404782,-0.0808203,0.091657,0.314707,-18.9948175,1.700404,42.6965173,255,255,0
126.75,-56.5,-56.5,70.7755226,0.383,0.1748279,0.0858348,1.403913,-0.0824885,0.0902216,0.3148988,-19.1614269,1.8265784,42.6178694,255,255,0
126.8,-56.5,-56.5,71.2766145,0.392,0.1751084,0.0782508,1.4029781,-0.08412,0.0887651,0.3150854,-19.322606,1.9523232,42.5405359,255,255,0
126.85,-56.5,-56.5,71.7812613,0.4,0.1761207,0.0717194,1.4019759,-0.0857144,0.0872879,0.3152662,-19.4783328,2.0776359,42.4646001,255,255,0
126.9,-56.5,-56.5,72.2894882,0.408,0.1774812,0.0661299,1.4009053,-0.0872713,0.0857909,0.3154406,-19.6285866,2.2025126,42.3901431,255,255,0
126.95,-56.5,-56.5,72.8013208,0.416,0.1787823,0.0613275,1.3997653,-0.0887902,0.0842744,0.315608,-19.7733488,2.326948,42.3172437,255,255,0
127,-56.5,-56.5,73.3167846,0.424,0.1796185,0.0571209,1.3985548,-0.0902707,0.0827393,0.3157678,-19.9126027,2.4509354,42.2459788,255,255,0
127.05,-56.5,-56.5,73.8359055,0.432,0.1796129,0.0532908,1.397273,-0.0917125,0.0811861,0.3159195,-20.0463333,2.5744669,42.1764226,255,255,0
127.1,-56.5,-56.5,74.3587094,0.44,0.1784419,0.0496003,1.3959192,-0.0931151,0.0796156,0.3160625,-20.1745274,2.6975331,42.1086473,255,255,0
127.15,-56.5,-56.5,74.8852225,0.448,0.1758556,0.0458062,1.3944926,-0.0944782,0.0780282,0.3161964,-20.2971738,2.8201232,42.0427224,255,255,0
127.2,-56.5,-56.5,75.4154713,0.456,0.1716946,0.0416703,1.3929927,-0.0958015,0.0764249,0.3163206,-20.414263,2.9422252,41.9787147,255,255,0
127.25,-56.5,-56.5,75.9494822,0.464,0.1659002,0.0369703,1.3914189,-0.0970845,0.0748062,0.3164346,-20.5257875,3.0638257,41.9166885,255,255,0
127.3,-56.5,-56.5,76.487282,0.473,0.1585181,0.0315105,1.389771,-0.0983271,0.0731728,0.3165378,-20.6317416,3.1849102,41.8567056,255,255,0
127.35,-56.5,-56.5,77.0288977,0.481,0.1496958,0.0251307,1.3880486,-0.0995288,0.0715255,0.31663,-20.7321214,3.3054628,41.7988246,255,255,0
127.4,-56.5,-56.5,77.5743563,0.489,0.139673,0.017714,1.3862516,-0.1006894,0.069865,0.3167105,-20.8269248,3.4254665,41.7431015,255,255,0
127.45,-56.5,-56.5,78.1236852,0.497,0.128766,0.0091922,1.3843799,-0.1018087,0.068192,0.316779,-20.9161518,3.5449031,41.6895894,255,255,0
127.5,-56.5,-56.5,78.676912,0.505,0.1173477,-0.0004506,1.3824335,-0.1028863,0.0665071,0.316835,-20.999804,3.6637533,41.6383384,255,255,0
127.55,-56.5,-56.5,79.2340642,0.513,0.1058234,-0.0111777,1.3804125,-0.103922,0.0648113,0.3168782,-21.0778849,3.781997,41.5893956,255,255,0
127.6,-56.5,-56.5,79.7951699,0.521,0.0946044,-0.0229006,1.3783173,-0.1049156,0.0631052,0.3169081,-21.1504,3.8996129,41.542805,255,255,0
127.65,-56.5,-56.5,80.3602572,0.529,0.084082,-0.0354836,1.3761481,-0.1058669,0.0613896,0.3169244,-21.2173563,4.0165789,41.4986074,255,255,0
127.7,-56.5,-56.5,80.9293543,0.537,0.0746018,-0.0487492,1.3739053,-0.1067757,0.0596652,0.3169268,-21.2787629,4.1328719,41.4568407,255,255,0
127.75,-56.5,-56.5,81.5024898,0.546,0.0664416,-0.0624867,1.3715895,-0.1076417,0.0579327,0.3169149,-21.3346306,4.2484683,41.4175394,255,255,0
127.8,-56.5,-56.5,82.0796923,0.554,0.0597936,-0.0764615,1.3692013,-0.108465,0.0561931,0.3168883,-21.3849719,4.3633437,41.380735,255,255,0
127.85,-56.5,-56.5,82.6609909,0.562,0.054752,-0.0904254,1.3667414,-0.1092452,0.0544469,0.316847,-21.4298013,4.4774731,41.3464554,255,255,0
127.9,-56.5,-56.5,83.2464146,0.57,0.0513069,-0.1041286,1.3642106,-0.1099823,0.0526951,0.3167905,-21.4691347,4.590831,41.3147257,255,255,0
127.95,-56.5,-56.5,83.8359927,0.578,0.049345,-0.1173303,1.3616099,-0.1106761,0.0509383,0.3167186,-21.50299,4.7033914,41.2855675,255,255,0
128,-56.5,-56.5,84.4297548,0.586,0.0486572,-0.1298102,1.3589403,-0.1113266,0.0491774,0.3166311,-21.5313868,4.815128,41.2589989,255,255,0
128.05,-56.5,-56.5,85.0277307,0.594,0.0489521,-0.1413781,1.3562027,-0.1119336,0.047413,0.3165278,-21.5543463,4.9260144,41.2350352,255,255,0
128.1,-56.5,-56.5,85.6299503,0.602,0.0498747,-0.1518828,1.3533984,-0.1124971,0.0456461,0.3164086,-21.5718914,5.0360237,41.2136881,255,255,0
128.15,-56.5,-56.5,86.2364438,0.61,0.05103,-0.1612186,1.3505287,-0.1130171,0.0438773,0.3162732,-21.5840467,5.1451292,41.194966,255,255,0
128.2,-56.5,-56.5,86.8472415,0.618,0.052008,-0.1693303,1.3475949,-0.1134935,0.0421074,0.3161215,-21.5908384,5.2533041,41.1788743,255,255,0
128.25,-56.5,-56.5,87.4623742,0.627,0.0524105,-0.1762154,1.3445984,-0.1139263,0.0403372,0.3159534,-21.5922942,5.3605217,41.1654148,255,255,0
128.3,-56.5,-56.5,88.0818725,0.635,0.0518772,-0.1819242,1.3415406,-0.1143154,0.0385675,0.3157689,-21.5884434,5.4667556,41.1545863,255,255,0
128.35,-56.5,-56.5,88.7057677,0.643,0.0501088,-0.1865573,1.3384233,-0.114661,0.036799,0.3155678,-21.5793171,5.5719795,41.1463844,255,255,0
128.4,-56.5,-56.5,89.3340908,0.651,0.0468865,-0.1902607,1.3352479,-0.114963,0.0350324,0.3153501,-21.5649474,5.6761678,41.1408015,255,255,0
128.45,-56.5,-56.5,89.9668735,0.659,0.0420861,-0.1932192,1.3320163,-0.1152214,0.0332686,0.3151157,-21.5453683,5.779295,41.1378269,255,255,0
128.5,-56.5,-56.5,90.6041474,0.667,0.0356865,-0.1956475,1.3287302,-0.1154364,0.0315082,0.3148647,-21.5206152,5.8813365,41.1374466,255,255,0
128.55,-56.5,-56.5,91.2459446,0.675,0.0277706,-0.1977804,1.3253914,-0.115608,0.029752,0.3145971,-21.4907246,5.9822681,41.139644,255,255,0
128.6,-56.5,-56.5,91.892297,0.683,0.0185204,-0.1998617,1.3220018,-0.1157363,0.0280007,0.3143129,-21.4557347,6.0820664,41.144399,255,255,0
128.65,-56.5,-56.5,92.5432372,0.691,0.0082053,-0.2021329,1.3185634,-0.1158214,0.026255,0.3140121,-21.4156848,6.180709,41.1516891,255,255,0
128.7,-56.5,-56.5,93.1987978,0.699,-0.0028354,-0.2048219,1.3150783,-0.1158635,0.0245157,0.3136948,-21.3706158,6.2781742,41.1614884,255,255,0
128.75,-56.5,-56.5,93.8590116,0.708,-0.0142146,-0.2081326,1.3115484,-0.1158626,0.0227834,0.3133612,-21.3205695,6.3744414,41.1737685,255,255,0
128.8,-56.5,-56.5,94.5239117,0.716,-0.0255217,-0.2122351,1.3079758,-0.115819,0.0210588,0.3130113,-21.2655892,6.469491,41.1884984,255,255,0
128.85,-56.5,-56.5,95.1935315,0.724,-0.0363496,-0.2172581,1.3043628,-0.1157328,0.0193427,0.3126453,-21.2057192,6.5633047,41.205644,255,255,0
128.9,-56.5,-56.5,95.8679046,0.732,-0.0463209,-0.2232824,1.3007114,-0.1156042,0.0176356,0.3122633,-21.141005,6.6558652,41.225169,255,255,0
128.95,-56.5,-56.5,96.5470646,0.74,-0.0551122,-0.2303375,1.297024,-0.1154334,0.0159382,0.3118654,-21.0714933,6.7471565,41.2470344,255,255,0
129,-56.5,-56.5,97.2310458,0.748,-0.0624747,-0.2384001,1.2933028,-0.1152206,0.0142512,0.311452,-20.9972317,6.8371642,41.2711989,255,255,0
129.05,-56.5,-56.5,97.9198823,0.756,-0.0682507,-0.2473947,1.28955,-0.1149661,0.0125752,0.3110232,-20.9182689,6.9258749,41.2976187,255,255,0
129.1,-56.5,-56.5,98.6136088,0.764,-0.0723832,-0.2571975,1.285768,-0.1146701,0.0109108,0.3105791,-20.8346545,7.0132771,41.3262479,255,255,0
129.15,-56.5,-56.5,99.3122599,0.772,-0.0749199,-0.2676415,1.2819591,-0.1143329,0.0092586,0.3101201,-20.746439,7.0993605,41.3570383,255,255,0
129.2,-56.5,-56.5,100.015871,0.78,-0.0760099,-0.2785247,1.2781256,-0.1139547,0.0076192,0.3096465,-20.6536741,7.1841165,41.3899398,255,255,0
129.25,-56.5,-56.5,100.724477,0.788,-0.0758941,-0.2896186,1.27427,-0.1135359,0.0059932,0.3091584,-20.5564119,7.267538,41.4249002,255,255,0
129.3,-56.5,-56.5,101.438113,0.797,-0.0748894,-0.3006794,1.2703946,-0.1130767,0.0043811,0.3086562,-20.4547055,7.3496196,41.4618654,255,255,0
129.35,-56.5,-56.5,102.156816,0.805,-0.0733681,-0.3114585,1.2665018,-0.1125776,0.0027834,0.3081402,-20.3486087,7.4303576,41.5007797,255,255,0
129.4,-56.5,-56.5,102.880621,0.813,-0.071734,-0.3217143,1.2625939,-0.1120387,0.0012008,0.3076107,-20.2381762,7.50975,41.5415856,255,255,0
129.45,-56.5,-56.5,103.609565,0.821,-0.070396,-0.331223,1.2586734,-0.1114606,-0.0003664,0.307068,-20.123463,7.5877965,41.5842241,255,255,0
129.5,-56.5,-56.5,104.343684,0.829,-0.0697418,-0.3397891,1.2547427,-0.1108435,-0.0019176,0.3065125,-20.004525,7.6644986,41.6286345,255,255,0
129.55,-56.5,-56.5,105.083015,0.837,-0.0701125,-0.3472542,1.2508041,-0.1101878,-0.0034523,0.3059445,-19.8814185,7.7398594,41.674755,255,255,0
129.6,-56.5,-56.5,105.827595,0.845,-0.0717807,-0.3535041,1.24686,-0.1094939,-0.0049701,0.3053644,-19.7542004,7.813884,41.7225224,255,255,0
129.65,-56.5,-56.5,106.577462,0.853,-0.0749326,-0.3584742,1.2429127,-0.1087623,-0.0064705,0.3047727,-19.622928,7.886579,41.7718724,255,255,0
129.7,-56.5,-56.5,107.332652,0.861,-0.0796562,-0.3621524,1.2389646,-0.1079934,-0.0079532,0.3041696,-19.4876592,7.9579532,41.8227397,255,255,0
129.75,-56.5,-56.5,108.093205,0.869,-0.0859352,-0.3645797,1.2350181,-0.1071875,-0.0094177,0.3035556,-19.3484521,8.0280167,41.8750578,255,255,0
129.8,-56.5,-56.5,108.859158,0.878,-0.0936504,-0.365848,1.2310754,-0.1063452,-0.0108636,0.3029311,-19.2053652,8.0967817,41.9287595,255,255,0
129.85,-56.5,-56.5,109.630549,0.886,-0.1025868,-0.366096,1.2271387,-0.1054669,-0.0122905,0.3022966,-19.0584573,8.1642618,41.9837769,255,255,0
129.9,-56.5,-56.5,110.407417,0.894,-0.1124481,-0.3655028,1.2232105,-0.1045532,-0.0136982,0.3016524,-18.9077875,8.2304728,42.0400413,255,255,0
129.95,-56.5,-56.5,111.189802,0.902,-0.1228751,-0.3642797,1.2192927,-0.1036044,-0.0150863,0.300999,-18.7534149,8.2954318,42.0974835,255,255,0
130,-56.5,-56.5,111.977742,0.91,-0.1334697,-0.3626601,1.2153877,-0.102621,-0.0164544,0.3003368,-18.5953991,8.3591577,42.1560339,255,255,0
130.05,-56.5,-56.5,112.771276,0.918,-0.1438198,-0.3608892,1.2114976,-0.1016037,-0.0178022,0.2996664,-18.4337996,8.4216711,42.2156224,255,255,0
130.1,-56.5,-56.5,113.570446,0.926,-0.1535263,-0.3592124,1.2076245,-0.1005529,-0.0191295,0.2989881,-18.2686761,8.4829941,42.2761787,255,255,0
130.15,-56.5,-56.5,114.375291,0.934,-0.1622289,-0.357864,1.2037704,-0.0994691,-0.0204361,0.2983024,-18.1000881,8.5431504,42.3376322,255,255,0
130.2,-56.5,-56.5,115.18585,0.942,-0.1696293,-0.3570564,1.1999373,-0.098353,-0.0217216,0.2976099,-17.9280954,8.6021652,42.3999125,255,255,0
130.25,-56.5,-56.5,116.002166,0.951,-0.1755102,-0.3569704,1.1961273,-0.097205,-0.0229859,0.2969109,-17.7527576,8.6600652,42.4629489,255,255,0
130.3,-56.5,-56.5,116.824278,0.959,-0.1797496,-0.3577468,1.1923423,-0.0960258,-0.0242287,0.296206,-17.5741342,8.7168785,42.5266707,255,255,0
130.35,-56.5,-56.5,117.652229,0.967,-0.1823287,-0.3594799,1.1885841,-0.0948158,-0.0254498,0.2954956,-17.3922848,8.7726345,42.5910076,255,255,0
130.4,-56.5,-56.5,118.486059,0.975,-0.1833326,-0.3622133,1.1848545,-0.0935758,-0.0266491,0.2947802,-17.2072686,8.8273639,42.6558895,255,255,0
130.45,-56.5,-56.5,119.32581,0.983,-0.1829453,-0.3659377,1.1811553,-0.0923063,-0.0278264,0.2940604,-17.0191448,8.8810987,42.7212464,255,255,0
130.5,-56.5,-56.5,120.171526,0.991,-0.1814375,-0.3705914,1.1774883,-0.091008,-0.0289815,0.2933366,-16.8279721,8.933872,42.7870089,255,255,0
130.55,-56.5,-56.5,121.023247,0.999,-0.1791489,-0.3760631,1.173855,-0.0896814,-0.0301144,0.2926092,-16.6338094,8.985718,42.8531079,255,255,0
130.6,-56.5,-56.5,121.881017,1.09,-0.1764667,-0.3821972,1.1702571,-0.0883271,-0.0312249,0.2918789,-16.4367149,9.036672,42.9194748,255,255,0
130.65,-56.5,-56.5,122.744878,1.191,-0.1737998,-0.3888009,1.1666961,-0.0869459,-0.0323129,0.2911461,-16.2367467,9.08677,42.9860418,255,255,0
130.7,-56.5,-56.5,123.614875,1.292,-0.171553,-0.3956528,1.1631734,-0.0855384,-0.0333783,0.2904112,-16.0339625,9.1360491,43.0527413,255,255,0
130.75,-56.5,-56.5,124.491051,1.394,-0.1701001,-0.4025138,1.1596905,-0.0841052,-0.0344212,0.2896749,-15.8284196,9.1845471,43.119507,255,255,0
130.8,-56.5,-56.5,125.37345,1.495,-0.1697606,-0.4091373,1.1562486,-0.0826469,-0.0354413,0.2889375,-15.6201751,9.2323026,43.1862727,255,255,0
130.85,-56.5,-56.5,126.262115,1.596,-0.1707779,-0.4152813,1.1528492,-0.0811644,-0.0364387,0.2881996,-15.4092853,9.2793547,43.2529735,255,255,0
130.9,-56.5,-56.5,127.157093,1.698,-0.1733045,-0.420719,1.1494932,-0.0796582,-0.0374134,0.2874616,-15.1958063,9.3257431,43.319545,255,255,0
130.95,-56.5,-56.5,128.058427,1.799,-0.1773915,-0.4252496,1.146182,-0.0781291,-0.0383653,0.2867242,-14.9797938,9.3715078,43.385924,255,255,0
131,-56.5,-56.5,128.966162,1.9,-0.1829854,-0.4287076,1.1429165,-0.0765777,-0.0392945,0.2859876,-14.7613028,9.4166895,43.452048,255,255,0
131.05,-56.5,-56.5,129.880346,2.001,-0.1899318,-0.4309703,1.1396978,-0.0750047,-0.0402009,0.2852525,-14.5403879,9.4613289,43.5178555,255,255,0
131.1,-56.5,-56.5,130.801022,2.102,-0.1979848,-0.4319633,1.1365267,-0.0734109,-0.0410846,0.2845192,-14.3171032,9.505467,43.5832861,255,255,0
131.15,-56.5,-56.5,131.728238,2.204,-0.2068236,-0.4316645,1.1334042,-0.071797,-0.0419456,0.2837884,-14.0915021,9.5491448,43.6482804,255,255,0
131.2,-56.5,-56.5,132.66204,2.305,-0.2160725,-0.4301048,1.130331,-0.0701636,-0.042784,0.2830604,-13.8636376,9.5924035,43.7127801,255,255,0
131.25,-56.5,-56.5,133.602475,2.406,-0.2253256,-0.4273664,1.1273079,-0.0685116,-0.0435998,0.2823357,-13.633562,9.635284,43.7767278,255,255,0
131.3,-56.5,-56.5,134.54959,2.508,-0.234173,-0.4235799,1.1243354,-0.0668417,-0.0443931,0.2816149,-13.4013271,9.6778272,43.8400676,255,255,0
131.35,-56.5,-56.5,135.503433,2.609,-0.2422271,-0.4189175,1.1214142,-0.0651545,-0.045164,0.2808983,-13.166984,9.7200737,43.9027443,255,255,0
131.4,-56.5,-56.5,136.464051,2.71,-0.2491478,-0.4135855,1.1185447,-0.0634509,-0.0459125,0.2801863,-12.9305832,9.7620638,43.9647042,255,255,0
131.45,-56.5,-56.5,137.431493,2.811,-0.2546644,-0.4078149,1.1157274,-0.0617315,-0.0466388,0.2794796,-12.6921747,9.8038372,44.0258946,255,255,0
131.5,-56.5,-56.5,138.405807,2.913,-0.258593,-0.4018506,1.1129626,-0.0599972,-0.0473429,0.2787785,-12.4518077,9.8454333,44.0862642,255,255,0
131.55,-56.5,-56.5,139.387043,3.014,-0.2608487,-0.3959403,1.1102507,-0.0582487,-0.048025,0.2780834,-12.2095308,9.8868907,44.1457626,255,255,0
131.6,-56.5,-56.5,140.375249,3.115,-0.2614507,-0.390323,1.1075918,-0.0564867,-0.0486851,0.2773948,-11.9653919,9.9282475,44.2043408,255,255,0
131.65,-56.5,-56.5,141.370475,3.216,-0.2605211,-0.3852184,1.1049861,-0.054712,-0.0493235,0.276713,-11.7194386,9.9695409,44.2619511,255,255,0
131.7,-56.5,-56.5,142.372772,3.317,-0.2582772,-0.3808163,1.1024336,-0.0529254,-0.0499402,0.2760387,-11.4717173,10.0108073,44.3185469,255,255,0
131.75,-56.5,-56.5,143.382189,3.419,-0.2550174,-0.3772683,1.0999345,-0.0511276,-0.0505354,0.275372,-11.2222741,10.0520821,44.3740829,255,255,0
131.8,-56.5,-56.5,144.398777,3.52,-0.2511015,-0.3746808,1.0974886,-0.0493194,-0.0511092,0.2747136,-10.9711545,10.0933997,44.428515,255,255,0
131.85,-56.5,-56.5,145.422587,3.621,-0.2469279,-0.3731102,1.0950958,-0.0475016,-0.0516617,0.2740636,-10.7184031,10.1347934,44.4818003,255,255,0
131.9,-56.5,-56.5,146.453671,3.723,-0.2429075,-0.37256,1.0927559,-0.045675,-0.0521931,0.2734226,-10.464064,10.1762955,44.5338973,255,255,0
131.95,-56.5,-56.5,147.49208,3.824,-0.2394374,-0.3729811,1.0904687,-0.0438402,-0.0527036,0.272791,-10.2081807,10.2179367,44.5847657,255,255,0
132,-56.5,-56.5,148.537867,3.925,-0.236875,-0.3742742,1.0882338,-0.0419981,-0.0531933,0.2721691,-9.950796,10.2597466,44.6343664,255,255,0
132.05,-56.5,-56.5,149.591084,4.026,-0.2355147,-0.3762938,1.0860509,-0.0401495,-0.0536623,0.2715572,-9.6919521,10.3017535,44.6826614,255,255,0
132.1,-56.5,-56.5,150.651783,4.127,-0.2355693,-0.3788557,1.0839195,-0.0382952,-0.0541109,0.2709558,-9.4316906,10.3439841,44.7296143,255,255,0
132.15,-56.5,-56.5,151.720019,4.229,-0.2371559,-0.381745,1.0818391,-0.0364358,-0.0545391,0.2703652,-9.1700524,10.3864634,44.7751896,255,255,0
132.2,-56.5,-56.5,152.795845,4.33,-0.2402884,-0.3847264,1.0798092,-0.0345722,-0.0549472,0.2697857,-8.9070779,10.4292152,44.8193532,255,255,0
132.25,-56.5,-56.5,153.879315,4.431,-0.2448767,-0.3875549,1.0778291,-0.0327051,-0.0553353,0.2692177,-8.642807,10.4722614,44.8620722,255,255,0
132.3,-56.5,-56.5,154.970483,4.533,-0.2507322,-0.3899871,1.0758981,-0.0308354,-0.0557036,0.2686616,-8.3772787,10.5156223,44.903315,255,255,0
132.35,-56.5,-56.5,156.069404,4.634,-0.2575806,-0.3917927,1.0740155,-0.0289637,-0.0560522,0.2681176,-8.1105319,10.5593162,44.9430511,255,255,0
132.4,-56.5,-56.5,157.176133,4.735,-0.2650788,-0.392765,1.0721806,-0.0270909,-0.0563814,0.267586,-7.8426047,10.6033599,44.9812512,255,255,0
132.45,-56.5,-56.5,158.290726,4.836,-0.272838,-0.3927305,1.0703924,-0.0252177,-0.0566911,0.2670672,-7.5735346,10.6477681,45.0178874,255,255,0
132.5,-56.5,-56.5,159.41324,4.938,-0.280448,-0.3915569,1.0686501,-0.0233448,-0.0569817,0.2665614,-7.3033588,10.6925537,45.0529328,255,255,0
132.55,-56.5,-56.5,160.543729,5.039,-0.2875042,-0.3891594,1.0669528,-0.0214731,-0.0572533,0.266069,-7.032114,10.7377276,45.0863618,255,255,0
132.6,-56.5,-56.5,161.682252,5.14,-0.293634,-0.3855045,1.0652994,-0.0196033,-0.057506,0.2655902,-6.7598362,10.7832987,45.11815,255,255,0
132.65,-56.5,-56.5,162.828865,5.241,-0.2985201,-0.3806119,1.0636889,-0.017736,-0.05774,0.2651252,-6.4865613,10.8292739,45.1482743,255,255,0
132.7,-56.5,-56.5,163.983625,5.342,-0.3019218,-0.3745531,1.0621202,-0.0158722,-0.0579555,0.2646744,-6.2123246,10.8756579,45.1767126,255,255,0
132.75,-56.5,-56.5,165.146592,5.444,-0.3036902,-0.3674488,1.0605921,-0.0140125,-0.0581526,0.264238,-5.9371608,10.9224533,45.2034441,255,255,0
132.8,-56.5,-56.5,166.317823,5.545,-0.3037778,-0.3594631,1.0591037,-0.0121576,-0.0583314,0.2638162,-5.6611047,10.9696607,45.2284493,255,255,0
132.85,-56.5,-56.5,167.497377,5.646,-0.3022419,-0.350796,1.0576535,-0.0103083,-0.0584921,0.2634093,-5.3841904,11.0172785,45.2517095,255,255,0
132.9,-56.5,-56.5,168.685314,5.748,-0.2992405,-0.3416743,1.0562403,-0.0084654,-0.0586348,0.2630174,-5.1064517,11.0653027,45.2732078,255,255,0
132.95,-56.5,-56.5,169.881693,5.849,-0.2950223,-0.3323412,1.054863,-0.0066294,-0.0587597,0.2626408,-4.8279222,11.1137272,45.2929279,255,255,0
133,-56.5,-56.5,171.086574,5.95,-0.2899105,-0.3230453,1.0535201,-0.0048013,-0.0588669,0.2622797,-4.5486352,11.1625439,45.3108552,255,255,0
133.05,-56.5,-56.5,172.300018,6.051,-0.2842822,-0.3140291,1.0522103,-0.0029815,-0.0589565,0.2619342,-4.2686237,11.211742,45.3269758,255,255,0
133.1,-56.5,-56.5,173.522085,6.152,-0.2785437,-0.3055177,1.0509322,-0.001171,-0.0590287,0.2616046,-3.9879206,11.2613089,45.3412775,255,255,0
133.15,-56.5,-56.5,174.752838,6.254,-0.2731042,-0.2977092,1.0496844,0.0006297,-0.0590836,0.261291,-3.7065585,11.3112293,45.3537489,255,255,0
133.2,-56.5,-56.5,175.992338,6.355,-0.2683497,-0.2907647,1.0484655,0.0024198,-0.0591212,0.2609935,-3.4245698,11.361486,45.36438,255,255,0
133.25,-56.5,-56.5,177.240647,6.456,-0.2646178,-0.2848017,1.047274,0.0041987,-0.0591418,0.2607124,-3.1419869,11.4120593,45.3731621,255,255,0
133.3,-56.5,-56.5,178.497828,6.558,-0.2621759,-0.2798885,1.0461085,0.0059657,-0.0591454,0.2604477,-2.8588419,11.4629273,45.3800875,255,255,0
133.35,-56.5,-56.5,179.763944,6.659,-0.2612037,-0.2760411,1.0449673,0.00772,-0.059132,0.2601995,-2.5751671,11.5140658,45.3851499,255,255,0
133.4,-56.5,-56.5,181.039059,6.76,-0.2617822,-0.2732225,1.043849,0.0094612,-0.0591019,0.259968,-2.2909944,11.5654483,45.3883442,255,255,0
133.45,-56.5,-56.5,182.323238,6.861,-0.2638879,-0.2713447,1.0427521,0.0111884,-0.0590552,0.2597533,-2.006356,11.6170462,45.3896666,255,255,0
133.5,-56.5,-56.5,183.616543,6.962,-0.2673945,-0.2702725,1.041675,0.0129011,-0.0589918,0.2595555,-1.7212839,11.6688286,45.3891144,255,255,0
133.55,-56.5,-56.5,184.919041,7.064,-0.2720811,-0.2698301,1.0406161,0.0145986,-0.0589118,0.2593746,-1.4358103,11.7207622,45.3866863,255,255,0
133.6,-56.5,-56.5,186.230798,7.165,-0.2776467,-0.2698092,1.0395738,0.0162804,-0.0588155,0.2592107,-1.1499673,11.7728118,45.3823822,255,255,0
133.65,-56.5,-56.5,187.551878,7.266,-0.2837293,-0.2699785,1.0385466,0.0179457,-0.0587028,0.2590638,-0.8637871,11.8249398,45.3762035,255,255,0
133.7,-56.5,-56.5,188.882348,7.367,-0.2899296,-0.2700947,1.0375328,0.0195939,-0.0585738,0.2589341,-0.5773022,11.8771066,45.3681527,255,255,0
133.75,-56.5,-56.5,190.222276,7.469,-0.2958368,-0.2699134,1.0365309,0.0212246,-0.0584286,0.2588215,-0.2905452,11.9292703,45.3582336,255,255,0
133.8,-56.5,-56.5,191.571728,7.57,-0.3010551,-0.2692011,1.0355392,0.022837,-0.0582672,0.258726,-0.0035486,11.9813871,45.3464515,255,255,0
133.85,-56.5,-56.5,192.930772,7.671,-0.3052294,-0.2677451,1.0345561,0.0244306,-0.0580897,0.2586477,0.2836544,12.033411,45.3328129,255,255,0
133.9,-56.5,-56.5,194.299477,7.773,-0.3080683,-0.2653643,1.03358,0.0260049,-0.0578962,0.2585866,0.5710307,12.0852941,45.3173258,255,255,0
133.95,-56.5,-56.5,195.677912,7.874,-0.3093628,-0.2619171,1.0326094,0.0275593,-0.0576867,0.2585426,0.858547,12.1369865,45.2999994,255,255,0
134,-56.5,-56.5,197.066146,7.975,-0.3090002,-0.2573081,1.0316426,0.0290932,-0.0574613,0.2585157,1.1461693,12.1884364,45.2808445,255,255,0
134.05,-56.5,-56.5,198.464248,8.076,-0.3069708,-0.2514924,1.030678,0.0306061,-0.05722,0.2585058,1.4338637,12.2395901,45.259873,255,255,0
134.1,-56.5,-56.5,199.872289,8.177,-0.3033692,-0.2444784,1.0297141,0.0320975,-0.0569628,0.258513,1.7215958,12.290392,45.2370985,255,255,0
134.15,-56.5,-56.5,201.29034,8.279,-0.298388,-0.2363268,1.0287493,0.0335668,-0.0566898,0.2585371,2.0093307,12.3407848,45.212536,255,255,0
134.2,-56.5,-56.5,202.718472,8.38,-0.2923051,-0.227148,1.0277819,0.0350136,-0.0564011,0.2585781,2.2970332,12.3907096,45.1862018,255,255,0
134.25,-56.5,-56.5,204.156757,8.481,-0.2854659,-0.2170975,1.0268106,0.0364374,-0.0560967,0.2586358,2.5846678,12.4401056,45.1581137,255,255,0
134.3,-56.5,-56.5,205.605267,8.583,-0.2782612,-0.2063686,1.0258337,0.0378377,-0.0557766,0.2587103,2.8721983,12.4889105,45.1282911,255,255,0
134.35,-56.5,-56.5,207.064074,8.684,-0.2711018,-0.1951834,1.0248498,0.039214,-0.0554408,0.2588012,3.1595881,12.5370607,45.0967547,255,255,0
134.4,-56.5,-56.5,208.533254,8.785,-0.2643918,-0.183783,1.0238573,0.0405658,-0.0550895,0.2589087,3.4468003,12.5844907,45.0635267,255,255,0
134.45,-56.5,-56.5,210.012878,8.886,-0.2585027,-0.1724162,1.0228548,0.0418928,-0.0547225,0.2590324,3.7337973,12.631134,45.0286308,255,255,0
134.5,-56.5,-56.5,211.503022,8.987,-0.2537493,-0.1613285,1.0218409,0.0431945,-0.0543401,0.2591723,4.0205409,12.6769224,44.9920925,255,255,0
134.55,-56.5,-56.5,213.003761,9.089,-0.2503696,-0.1507504,1.0208141,0.0444705,-0.0539421,0.2593282,4.3069925,12.7217869,44.9539383,255,255,0
134.6,-56.5,-56.5,214.51517,9.19,-0.2485089,-0.1408873,1.0197731,0.0457204,-0.0535287,0.2594998,4.5931128,12.765657,44.9141966,255,255,0
134.65,-56.5,-56.5,216.037324,9.291,-0.248211,-0.13191,1.0187165,0.0469437,-0.0530999,0.2596872,4.8788619,12.8084611,44.8728972,255,255,0
134.7,-56.5,-56.5,217.570302,9.392,-0.2494152,-0.1239469,1.0176429,0.0481401,-0.0526557,0.2598899,5.1641994,12.8501267,44.8300713,255,255,0
134.75,-56.5,-56.5,219.114179,9.494,-0.2519601,-0.1170782,1.0165511,0.0493093,-0.0521961,0.2601079,5.4490842,12.8905804,44.7857517,255,255,0
134.8,-56.5,-56.5,220.669034,9.595,-0.2555942,-0.1113322,1.0154399,0.0504509,-0.0517213,0.2603409,5.7334744,12.9297477,44.7399729,255,255,0
134.85,-56.5,-56.5,222.234944,9.696,-0.2599924,-0.1066845,1.0143079,0.0515645,-0.0512312,0.2605887,6.0173277,12.9675536,44.6927707,255,255,0
134.9,-56.5,-56.5,223.811988,9.798,-0.2647765,-0.1030586,1.013154,0.0526498,-0.050726,0.260851,6.3006009,13.0039223,44.6441823,255,255,0
134.95,-56.5,-56.5,225.400247,9.899,-0.2695403,-0.1003301,1.0119771,0.0537066,-0.0502056,0.2611276,6.5832502,13.0387773,44.5942467,255,255,0
135,-56.376,-56.376,226.999605,10,-0.2738756,-0.0983322,1.0107761,0.0547344,-0.0496702,0.2614183,6.8652311,13.0720418,44.5430042,255,255,0
135.05,-56.182,-56.182,228.071192,10.15,-0.2779371,-0.0970782,1.0116375,0.0557331,-0.0491197,0.2617227,7.1464481,13.103546,44.4901828,255,255,0
135.1,-55.988,-55.988,229.146881,10.3,-0.2808472,-0.0961011,1.0124765,0.0567023,-0.0485544,0.2620407,7.4269015,13.1333042,44.4361404,255,255,0
135.15,-55.793,-55.793,230.226685,10.45,-0.2823421,-0.0951598,1.0132919,0.0576418,-0.0479742,0.2623718,7.7065448,13.1612385,44.3809215,255,255,0
135.2,-55.599,-55.599,231.310616,10.6,-0.2822461,-0.0940094,1.0140826,0.0585513,-0.0473792,0.2627158,7.9853305,13.187271,44.3245725,255,255,0
135.25,-55.405,-55.405,232.398686,10.75,-0.2804829,-0.0924133,1.0148477,0.0594307,-0.0467695,0.2630724,8.2632104,13.2113235,44.2671407,255,255,0
135.3,-55.21,-55.21,233.490907,10.9,-0.2770807,-0.0901535,1.015586,0.0602796,-0.0461453,0.2634413,8.5401358,13.233318,44.2086751,255,255,0
135.35,-55.016,-55.016,234.587291,11.05,-0.2721702,-0.0870415,1.0162966,0.061098,-0.0455065,0.2638222,8.816057,13.2531766,44.149226,255,255,0
135.4,-54.822,-54.822,235.68785,11.2,-0.2659763,-0.0829264,1.0169787,0.0618855,-0.0448535,0.2642147,9.0909236,13.2708215,44.0888447,255,255,0
135.45,-54.627,-54.627,236.792597,11.35,-0.2588035,-0.0777024,1.0176312,0.062642,-0.0441861,0.2646184,9.3646845,13.2861755,44.0275843,255,255,0
135.5,-54.433,-54.433,237.901544,11.5,-0.2510162,-0.0713134,1.0182533,0.0633674,-0.0435047,0.2650332,9.6372879,13.2991615,43.9654986,255,255,0
135.55,-54.239,-54.239,239.014703,11.65,-0.2430153,-0.063756,1.0188443,0.0640615,-0.0428092,0.2654585,9.908681,13.3097031,43.9026429,255,255,0
135.6,-54.044,-54.044,240.132086,11.8,-0.2352121,-0.0550797,1.0194034,0.0647242,-0.0421,0.2658941,10.1788107,13.3177244,43.8390736,255,255,0
135.65,-53.85,-53.85,241.253706,11.95,-0.2280017,-0.0453846,1.0199299,0.0653553,-0.041377,0.2663395,10.4476227,13.3231501,43.7748481,255,255,0
135.7,-53.656,-53.656,242.379575,12.1,-0.2217379,-0.0348169,1.0204232,0.0659548,-0.0406405,0.2667945,10.7150624,13.3259059,43.710025,255,255,0
135.75,-53.461,-53.461,243.509705,12.25,-0.2167098,-0.0235625,1.0208826,0.0665225,-0.0398907,0.2672586,10.9810742,13.3259182,43.6446637,255,255,0
135.8,-53.267,-53.267,244.644109,12.4,-0.2131232,-0.0118382,1.0213075,0.0670584,-0.0391278,0.2677315,11.2456018,13.3231143,43.5788246,255,255,0
135.85,-53.073,-53.073,245.782799,12.55,-0.2110877,0.0001178,1.0216975,0.0675624,-0.0383519,0.2682128,11.5085883,13.3174227,43.5125692,255,255,0
135.9,-52.878,-52.878,246.925788,12.7,-0.2106092,0.0120572,1.0220522,0.0680344,-0.0375632,0.268702,11.7699763,13.3087729,43.4459595,255,255,0
135.95,-52.684,-52.684,248.073087,12.85,-0.21159,0.0237324,1.022371,0.0684745,-0.036762,0.2691989,12.0297073,13.2970956,43.3790585,255,255,0
136,-52.49,-52.49,249.224711,13,-0.2138345,0.0349083,1.0226537,0.0688825,-0.0359485,0.269703,12.2877224,13.2823229,43.3119296,255,255,0
136.05,-52.295,-52.295,250.38067,13.15,-0.2170625,0.0453726,1.0229,0.0692585,-0.035123,0.270214,12.5439622,13.2643881,43.2446372,255,255,0
136.1,-52.101,-52.101,251.540978,13.3,-0.220927,0.0549459,1.0231097,0.0696025,-0.0342856,0.2707314,12.7983665,13.2432261,43.1772458,255,255,0
136.15,-51.906,-51.906,252.705647,13.45,-0.2250367,0.0634892,1.0232824,0.0699145,-0.0334367,0.2712549,13.0508744,13.2187732,43.1098207,255,255,0
136.2,-51.712,-51.712,253.87469,13.6,-0.2289816,0.0709111,1.0234182,0.0701945,-0.0325765,0.271784,13.3014247,13.1909673,43.0424275,255,255,0
136.25,-51.518,-51.518,255.04812,13.75,-0.2323591,0.0771709,1.0235169,0.0704425,-0.0317054,0.2723184,13.5499555,13.1597481,42.9751321,255,255,0
136.3,-51.323,-51.323,256.225948,13.9,-0.2348003,0.0822812,1.0235785,0.0706587,-0.0308235,0.2728577,13.7964044,13.1250568,42.9080006,255,255,0
136.35,-51.129,-51.129,257.408188,14.05,-0.2359942,0.0863067,1.023603,0.0708431,-0.0299313,0.2734014,14.0407084,13.0868366,42.8410992,255,255,0
136.4,-50.935,-50.935,258.594853,14.2,-0.2357071,0.0893612,1.0235906,0.0709957,-0.029029,0.2739493,14.2828041,13.0450325,42.7744943,255,255,0
136.45,-50.74,-50.74,259.785954,14.35,-0.2337985,0.0916026,1.0235413,0.0711167,-0.028117,0.2745009,14.5226278,12.9995914,42.7082522,255,255,0
136.5,-50.546,-50.546,260.981506,14.5,-0.2302298,0.0932249,1.0234553,0.0712062,-0.0271957,0.2750558,14.7601152,12.9504621,42.6424389,255,255,0
136.55,-50.351,-50.351,262.18152,14.65,-0.2250667,0.0944497,1.0233329,0.0712642,-0.0262653,0.2756137,14.9952016,12.8975957,42.5771206,255,255,0
136.6,-50.157,-50.157,263.386009,14.8,-0.2184756,0.0955156,1.0231744,0.071291,-0.0253263,0.2761741,15.227822,12.840945,42.5123627,255,255,0
136.65,-49.963,-49.963,264.594987,14.95,-0.2107122,0.0966672,1.0229802,0.0712867,-0.024379,0.2767368,15.4579111,12.7804652,42.4482306,255,255,0
136.7,-49.768,-49.768,265.808465,15.1,-0.2021053,0.0981436,1.0227506,0.0712513,-0.0234239,0.2773013,15.6854033,12.7161136,42.384789,255,255,0
136.75,-49.574,-49.574,267.026458,15.25,-0.1930355,0.1001676,1.022486,0.0711852,-0.0224613,0.2778673,15.9102327,12.6478497,42.3221022,255,255,0
136.8,-49.38,-49.38,268.248977,15.4,-0.1839109,0.1029349,1.0221871,0.0710884,-0.0214916,0.2784344,16.1323332,12.5756354,42.2602336,255,255,0
136.85,-49.185,-49.185,269.476036,15.55,-0.1751402,0.1066053,1.0218543,0.0709613,-0.0205153,0.2790022,16.3516387,12.4994347,42.1992458,255,255,0
136.9,-48.991,-48.991,270.707648,15.7,-0.1671068,0.1112951,1.0214883,0.0708039,-0.0195329,0.2795705,16.5680826,12.419214,42.1392009,255,255,0
136.95,-48.796,-48.796,271.943826,15.85,-0.1601438,0.1170716,1.0210896,0.0706165,-0.0185446,0.2801389,16.7815984,12.3349421,42.0801597,255,255,0
137,-48.602,-48.602,273.184582,16,-0.1545124,0.1239501,1.0206591,0.0703993,-0.0175511,0.280707,16.9921196,12.2465901,42.0221819,255,255,0
137.05,-48.408,-48.408,274.42993,16.15,-0.1503854,0.1318928,1.0201973,0.0701526,-0.0165528,0.2812746,17.1995795,12.1541316,41.9653263,255,255,0
137.1,-48.213,-48.213,275.679883,16.3,-0.1478357,0.1408107,1.0197052,0.0698766,-0.0155501,0.2818413,17.4039116,12.0575425,41.9096502,255,255,0
137.15,-48.019,-48.019,276.934454,16.45,-0.1468319,0.1505673,1.0191835,0.0695716,-0.0145435,0.2824068,17.6050494,11.9568013,41.8552098,255,255,0
137.2,-47.824,-47.824,278.193655,16.6,-0.1472401,0.1609851,1.0186332,0.0692379,-0.0135335,0.2829708,17.8029264,11.8518887,41.8020596,255,255,0
137.25,-47.63,-47.63,279.457501,16.75,-0.1488328,0.1718535,1.018055,0.0688757,-0.0125207,0.283533,17.9974763,11.7427882,41.7502529,255,255,0
137.3,-47.436,-47.436,280.726004,16.9,-0.1513037,0.1829385,1.01745,0.0684853,-0.0115055,0.2840932,18.188633,11.6294855,41.699841,255,255,0
137.35,-47.241,-47.241,281.999177,17.05,-0.1542873,0.1939931,1.0168192,0.0680671,-0.0104884,0.284651,18.3763308,11.5119688,41.6508738,255,255,0
137.4,-47.047,-47.047,283.277034,17.2,-0.1573829,0.2047689,1.0161635,0.0676214,-0.0094699,0.2852063,18.560504,11.3902289,41.6033993,255,255,0
137.45,-46.852,-46.852,284.559587,17.35,-0.1601801,0.2150273,1.015484,0.0671485,-0.0084507,0.2857587,18.7410874,11.264259,41.5574635,255,255,0
137.5,-46.658,-46.658,285.846851,17.5,-0.1622859,0.2245504,1.0147819,0.0666487,-0.0074311,0.2863081,18.9180161,11.1340547,41.5131108,255,255,0
137.55,-46.463,-46.463,287.138839,17.65,-0.16335,0.2331509,1.0140581,0.0661223,-0.0064119,0.2868541,19.0912256,10.9996141,41.4703831,255,255,0
137.6,-46.269,-46.269,288.435563,17.8,-0.1630872,0.2406808,1.0133139,0.0655699,-0.0053934,0.2873966,19.2606521,10.8609378,41.4293206,255,255,0
137.65,-46.075,-46.075,289.737037,17.95,-0.1612964,0.2470378,1.0125504,0.0649916,-0.0043762,0.2879354,19.4262319,10.7180288,41.3899612,255,255,0
137.7,-45.88,-45.88,291.043274,18.1,-0.157873,0.2521702,1.0117688,0.0643879,-0.0033609,0.2884702,19.5879023,10.5708924,41.3523403,255,255,0
137.75,-45.686,-45.686,292.354288,18.25,-0.1528166,0.2560793,1.0109704,0.0637592,-0.0023481,0.2890009,19.7456008,10.4195364,41.3164914,255,255,0
137.8,-45.491,-45.491,293.670093,18.4,-0.14623,0.2588187,1.0101563,0.0631058,-0.0013383,0.2895272,19.8992659,10.263971,41.2824453,255,255,0
137.85,-45.297,-45.297,294.990701,18.55,-0.1383136,0.2604923,1.0093279,0.0624282,-0.000332,0.2900491,20.0488365,10.1042087,41.2502305,255,255,0
137.9,-45.102,-45.102,296.316127,18.7,-0.1293518,0.2612494,1.0084863,0.0617267,0.0006702,0.2905664,20.1942526,9.9402643,41.219873,255,255,0
137.95,-44.908,-44.908,297.646383,18.85,-0.1196951,0.2612773,1.0076329,0.0610019,0.0016677,0.2910788,20.3354546,9.772155,41.1913962,255,255,0
138,-44.714,-44.714,298.981483,19,-0.109737,0.260793,1.0067689,0.0602541,0.00266,0.2915864,20.4723841,9.5999002,41.164821,255,255,0
138.05,-44.519,-44.519,300.321441,19.15,-0.0998892,0.260033,1.0058958,0.0594837,0.0036464,0.2920889,20.6049834,9.4235214,41.1401655,255,255,0
138.1,-44.325,-44.325,301.66627,19.3,-0.0905545,0.2592423,1.0050147,0.0586913,0.0046266,0.2925862,20.7331957,9.2430427,41.1174453,255,255,0
138.15,-44.13,-44.13,303.015984,19.45,-0.0821011,0.2586632,1.004127,0.0578772,0.0055998,0.2930783,20.8569654,9.0584899,41.0966731,255,255,0
138.2,-43.936,-43.936,304.370597,19.6,-0.0748387,0.2585239,1.0032341,0.0570419,0.0065655,0.2935651,20.9762376,8.8698914,41.0778591,255,255,0
138.25,-43.741,-43.741,305.730122,19.75,-0.0689986,0.2590279,1.0023372,0.0561858,0.0075232,0.2940463,21.0909587,8.6772773,41.0610105,255,255,0
138.3,-43.547,-43.547,307.094573,19.9,-0.0647187,0.2603447,1.0014377,0.0553096,0.0084724,0.2945221,21.2010763,8.4806801,41.0461318,255,255,0
138.35,-43.352,-43.352,308.463963,20.05,-0.0620349,0.2626019,1.0005369,0.0544135,0.0094124,0.2949923,21.3065389,8.2801342,41.0332247,255,255,0
138.4,-43.158,-43.158,309.838307,20.2,-0.0608783,0.2658791,0.9996361,0.0534982,0.0103428,0.2954569,21.4072964,8.0756759,41.0222881,255,255,0
138.45,-42.964,-42.964,311.217617,20.35,-0.0610804,0.2702044,0.9987367,0.0525641,0.0112629,0.2959158,21.5032998,7.8673437,41.0133179,255,255,0
138.5,-42.769,-42.769,312.601909,20.5,-0.0623833,0.2755529,0.9978399,0.0516117,0.0121723,0.296369,21.5945016,7.6551777,41.0063075,255,255,0
138.55,-42.575,-42.575,313.991196,20.65,-0.0644572,0.281848,0.996947,0.0506414,0.0130705,0.2968164,21.6808554,7.4392203,41.0012471,255,255,0
138.6,-42.38,-42.38,315.38549,20.8,-0.0669211,0.2889643,0.9960593,0.0496539,0.0139568,0.2972582,21.7623163,7.2195154,40.9981242,255,255,0
138.65,-42.186,-42.186,316.784808,20.95,-0.0693681,0.2967341,0.9951781,0.0486497,0.0148308,0.2976941,21.8388408,6.9961088,40.9969237,255,255,0
138.7,-41.991,-41.991,318.189161,21.1,-0.0713911,0.3049546,0.9943047,0.0476292,0.0156921,0.2981243,21.9103868,6.7690482,40.9976274,255,255,0
138.75,-41.797,-41.797,319.598565,21.25,-0.0726098,0.3133971,0.9934401,0.0465929,0.01654,0.2985488,21.9769137,6.5383829,41.0002145,255,255,0
138.8,-41.602,-41.602,321.013034,21.4,-0.0726952,0.3218179,0.9925858,0.0455415,0.0173741,0.2989675,22.0383825,6.3041639,41.0046614,255,255,0
138.85,-41.408,-41.408,322.43258,21.55,-0.0713906,0.329969,0.9917428,0.0444754,0.0181938,0.2993805,22.0947556,6.066444,41.0109417,255,255,0
138.9,-41.213,-41.213,323.857218,21.7,-0.0685285,0.3376099,0.9909122,0.0433952,0.0189988,0.2997878,22.145997,5.8252774,41.0190265,255,255,0
138.95,-41.019,-41.019,325.286963,21.85,-0.0640418,0.3445184,0.9900954,0.0423014,0.0197886,0.3001895,22.1920726,5.5807201,41.028884,255,255,0
139,-40.824,-40.824,326.721828,22,-0.0579674,0.3505007,0.9892932,0.0411946,0.0205627,0.3005856,22.2329495,5.3328295,41.04048,255,255,0
139.05,-40.63,-40.63,328.161827,22.15,-0.0504448,0.3554005,0.9885069,0.0400753,0.0213206,0.3009762,22.2685969,5.0816646,41.0537777,255,255,0
139.1,-40.436,-40.436,329.606975,22.3,-0.0417064,0.3591062,0.9877375,0.0389441,0.0220619,0.3013613,22.2989853,4.8272858,41.0687378,255,255,0
139.15,-40.241,-40.241,331.057286,22.45,-0.0320629,0.3615558,0.986986,0.0378015,0.0227862,0.301741,22.3240874,4.569755,41.0853186,255,255,0
139.2,-40.047,-40.047,332.512773,22.6,-0.0218832,0.3627396,0.9862533,0.0366481,0.0234931,0.3021153,22.3438773,4.3091356,41.1034758,255,255,0
139.25,-39.852,-39.852,333.973451,22.75,-0.0115706,0.3627011,0.9855405,0.0354845,0.0241821,0.3024843,22.3583309,4.0454921,41.123163,255,255,0
139.3,-39.658,-39.658,335.439335,22.9,-0.0015366,0.3615346,0.9848484,0.0343111,0.024853,0.3028482,22.3674262,3.7788908,41.1443315,255,255,0
139.35,-39.463,-39.463,336.910437,23.05,0.0078253,0.3593809,0.9841779,0.0331287,0.0255052,0.3032069,22.3711427,3.509399,41.1669305,255,255,0
139.4,-39.269,-39.269,338.386774,23.2,0.0161654,0.3564208,0.9835298,0.0319377,0.0261384,0.3035606,22.3694619,3.2370852,41.1909069,255,255,0
139.45,-39.074,-39.074,339.868359,23.35,0.0232,0.3528669,0.9829049,0.0307388,0.0267524,0.3039093,22.3623672,2.9620196,41.2162058,255,255,0
139.5,-38.88,-38.88,341.355206,23.5,0.0287299,0.3489534,0.982304,0.0295325,0.0273466,0.3042533,22.3498438,2.6842732,41.2427703,255,255,0
139.55,-38.685,-38.685,342.84733,23.65,0.0326533,0.3449257,0.9817278,0.0283193,0.0279209,0.3045924,22.3318787,2.4039185,41.2705416,255,255,0
139.6,-38.491,-38.491,344.344745,23.8,0.034972,0.3410291,0.981177,0.0270999,0.0284748,0.3049269,22.3084611,2.121029,41.2994592,255,255,0
139.65,-38.296,-38.296,345.847465,23.95,0.0357915,0.337497,0.9806521,0.0258749,0.0290081,0.3052569,22.2795819,1.8356796,41.3294609,255,255,0
139.7,-38.102,-38.102,347.355506,24.1,0.035314,0.3345407,0.9801537,0.0246447,0.0295206,0.3055824,22.245234,1.5479461,41.360483,255,255,0
139.75,-37.907,-37.907,348.868881,24.25,0.0338256,0.3323394,0.9796824,0.0234101,0.0300118,0.3059036,22.2054122,1.2579055,41.3924603,255,255,0
139.8,-37.713,-37.713,350.387604,24.4,0.031677,0.3310318,0.9792387,0.0221715,0.0304816,0.3062206,22.1601133,0.9656361,41.4253263,255,255,0
139.85,-37.518,-37.518,351.911692,24.55,0.0292616,0.3307101,0.978823,0.0209295,0.0309298,0.3065334,22.1093361,0.6712171,41.4590131,255,255,0
139.9,-37.324,-37.324,353.441157,24.7,0.0269893,0.3314155,0.9784356,0.0196848,0.031356,0.3068423,22.0530811,0.3747288,41.4934518,255,255,0
139.95,-37.129,-37.129,354.976015,24.85,0.0252605,0.333136,0.9780769,0.018438,0.03176,0.3071472,21.9913511,0.0762524,41.5285723,255,255,0
140,-36.935,-36.935,356.51628,25,0.0244398,0.3358077,0.9777473,0.0171895,0.0321418,0.3074484,21.9241506,-0.2241295,41.5643038,255,255,0
140.05,-36.74,-36.74,358.061968,25.2,0.0248324,0.3393171,0.9774469,0.0159399,0.032501,0.3077459,21.8514863,-0.5263336,41.6005745,255,255,0
140.1,-36.546,-36.546,359.613091,25.4,0.0266645,0.3435066,0.9771759,0.01469,0.0328375,0.3080398,21.7733666,-0.8302754,41.637312,255,255,0
140.15,-36.351,-36.351,361.169666,25.6,0.0300684,0.3481816,0.9769345,0.0134401,0.0331512,0.3083303,21.6898021,-1.1358697,41.6744431,255,255,0
140.2,-36.157,-36.157,362.731707,25.8,0.0350739,0.3531197,0.9767228,0.012191,0.0334419,0.3086175,21.6008051,-1.4430299,41.7118943,255,255,0
140.25,-35.962,-35.962,364.299228,26,0.0416065,0.3580807,0.9765409,0.0109431,0.0337094,0.3089014,21.50639,-1.7516688,41.7495917,255,255,0
140.3,-35.768,-35.768,365.872245,26.2,0.0494921,0.3628179,0.9763886,0.0096971,0.0339537,0.3091822,21.4065731,-2.0616982,41.7874612,255,255,0
140.35,-35.573,-35.573,367.450772,26.4,0.0584679,0.3670894,0.9762661,0.0084535,0.0341746,0.3094601,21.3013727,-2.3730288,41.8254285,255,255,0
140.4,-35.379,-35.379,369.034825,26.6,0.0681999,0.3706691,0.9761731,0.0072128,0.0343721,0.309735,21.1908088,-2.6855705,41.8634193,255,255,0
140.45,-35.184,-35.184,370.624417,26.8,0.0783039,0.3733572,0.9761096,0.0059757,0.034546,0.3100072,21.0749035,-2.9992323,41.9013594,255,255,0
140.5,-34.989,-34.989,372.219564,27,0.0883707,0.3749896,0.9760753,0.0047428,0.0346965,0.3102767,20.9536808,-3.3139223,41.9391748,255,255,0
140.55,-34.795,-34.795,373.820281,27.2,0.0979923,0.3754453,0.97607,0.0035145,0.0348233,0.3105436,20.8271664,-3.6295477,41.9767919,255,255,0
140.6,-34.6,-34.6,375.426583,27.4,0.1067882,0.3746518,0.9760934,0.0022914,0.0349264,0.3108081,20.6953879,-3.9460149,42.0141376,255,255,0
140.65,-34.406,-34.406,377.038484,27.6,0.1144301,0.372589,0.9761452,0.0010742,0.0350059,0.3110702,20.5583749,-4.2632295,42.0511392,255,255,0
140.7,-34.211,-34.211,378.656,27.8,0.1206632,0.3692897,0.9762249,-0.0001368,0.0350617,0.31133,20.4161586,-4.5810961,42.0877248,255,255,0
140.75,-34.017,-34.017,380.279145,28,0.125322,0.3648382,0.9763323,-0.0013408,0.0350939,0.3115877,20.2687722,-4.8995185,42.1238233,255,255,0
140.8,-33.822,-33.822,381.907936,28.2,0.1283418,0.3593664,0.9764668,-0.0025374,0.0351025,0.3118434,20.1162504,-5.2183999,42.1593645,255,255,0
140.85,-33.628,-33.628,383.542386,28.4,0.1297622,0.3530482,0.9766278,-0.0037261,0.0350875,0.3120971,19.9586301,-5.5376426,42.1942791,255,255,0
140.9,-33.433,-33.433,385.182511,28.6,0.1297249,0.3460907,0.976815,-0.0049062,0.0350489,0.3123489,19.7959494,-5.8571481,42.2284991,255,255,0
140.95,-33.239,-33.239,386.828326,28.8,0.1284641,0.3387255,0.9770275,-0.0060773,0.0349869,0.3125989,19.6282486,-6.1768172,42.2619578,255,255,0
141,-33.044,-33.044,388.479847,29,0.1262917,0.3311976,0.9772649,-0.0072388,0.0349015,0.3128473,19.4555693,-6.4965498,42.2945895,255,255,0
141.05,-32.85,-32.85,390.137088,29.2,0.1235767,0.3237543,0.9775265,-0.0083903,0.0347928,0.3130941,19.2779551,-6.8162455,42.3263304,255,255,0
141.1,-32.655,-32.655,391.800064,29.4,0.1207216,0.3166338,0.9778115,-0.0095311,0.0346609,0.3133394,19.0954509,-7.1358027,42.3571178,255,255,0
141.15,-32.46,-32.46,393.468792,29.6,0.1181362,0.3100542,0.9781192,-0.0106608,0.0345059,0.3135833,18.9081034,-7.4551195,42.3868911,255,255,0
141.2,-32.266,-32.266,395.143286,29.8,0.1162109,0.3042039,0.9784488,-0.0117789,0.034328,0.3138259,18.7159609,-7.7740933,42.415591,255,255,0
141.25,-32.071,-32.071,396.823561,30,0.1152917,0.2992324,0.9787996,-0.0128849,0.0341272,0.3140672,18.5190731,-8.0926207,42.4431603,255,255,0
141.3,-31.877,-31.877,398.509633,30.2,0.1156575,0.2952438,0.9791706,-0.0139782,0.0339038,0.3143073,18.3174915,-8.4105978,42.4695438,255,255,0
141.35,-31.682,-31.682,400.201518,30.4,0.1175023,0.292292,0.979561,-0.0150585,0.0336579,0.3145464,18.1112689,-8.7279202,42.4946882,255,255,0
141.4,-31.488,-31.488,401.89923,30.6,0.1209223,0.290378,0.9799699,-0.0161251,0.0333896,0.3147845,17.9004594,-9.0444829,42.5185421,255,255,0
141.45,-31.293,-31.293,403.602785,30.8,0.1259098,0.2894506,0.9803964,-0.0171776,0.0330992,0.3150216,17.6851189,-9.3601804,42.5410567,255,255,0
141.5,-31.099,-31.099,405.312198,31,0.1323537,0.2894078,0.9808395,-0.0182156,0.0327868,0.3152579,17.4653045,-9.6749067,42.5621852,255,255,0
141.55,-30.904,-30.904,407.027486,31.2,0.1400466,0.2901026,0.9812982,-0.0192386,0.0324527,0.3154934,17.2410747,-9.9885552,42.5818831,255,255,0
141.6,-30.709,-30.709,408.748663,31.4,0.1486979,0.2913489,0.9817715,-0.0202462,0.032097,0.3157282,17.0124894,-10.3010192,42.6001086,255,255,0
141.65,-30.515,-30.515,410.475745,31.6,0.1579532,0.2929308,0.9822584,-0.0212377,0.03172,0.3159624,16.7796097,-10.6121913,42.616822,255,255,0
141.7,-30.32,-30.32,412.208748,31.8,0.1674165,0.2946121,0.9827578,-0.022213,0.0313219,0.316196,16.5424981,-10.9219638,42.6319864,255,255,0
141.75,-30.126,-30.126,413.947687,32,0.176676,0.2961477,0.9832688,-0.0231714,0.030903,0.3164291,16.3012183,-11.230229,42.6455675,255,255,0
141.8,-29.931,-29.931,415.692578,32.2,0.185331,0.2972945,0.9837901,-0.0241126,0.0304635,0.3166618,16.0558353,-11.5368784,42.6575335,255,255,0
141.85,-29.737,-29.737,417.443437,32.4,0.1930172,0.297823,0.9843208,-0.0250361,0.0300036,0.3168942,15.8064152,-11.8418036,42.6678554,255,255,0
141.9,-29.542,-29.542,419.200278,32.6,0.1994309,0.2975277,0.9848596,-0.0259415,0.0295236,0.3171262,15.5530253,-12.144896,42.6765071,255,255,0
141.95,-29.347,-29.347,420.963119,32.8,0.2043479,0.2962368,0.9854056,-0.0268285,0.0290239,0.317358,15.2957341,-12.4460466,42.683465,255,255,0
142,-29.153,-29.153,422.731974,33,0.2076384,0.2938199,0.9859575,-0.0276966,0.0285046,0.3175897,15.0346111,-12.7451466,42.6887086,255,255,0
142.05,-28.958,-28.958,424.506859,33.2,0.2092754,0.2901945,0.9865142,-0.0285454,0.0279661,0.3178213,14.7697269,-13.0420868,42.6922203,255,255,0
142.1,-28.764,-28.764,426.287791,33.4,0.2093361,0.2853295,0.9870746,-0.0293745,0.0274086,0.3180528,14.5011533,-13.3367582,42.6939851,255,255,0
142.15,-28.569,-28.569,428.074785,33.6,0.207997,0.2792468,0.9876375,-0.0301837,0.0268326,0.3182843,14.2289629,-13.6290518,42.6939913,255,255,0
142.2,-28.374,-28.374,429.867856,33.8,0.2055228,0.2720205,0.9882019,-0.0309724,0.0262381,0.318516,13.9532293,-13.9188584,42.6922301,255,255,0
142.25,-28.18,-28.18,431.667021,34,0.2022486,0.2637732,0.9887665,-0.0317404,0.0256257,0.3187478,13.6740274,-14.2060692,42.6886954,255,255,0
142.3,-27.985,-27.985,433.472297,34.2,0.1985586,0.2546709,0.9893302,-0.0324873,0.0249956,0.3189798,13.3914326,-14.4905754,42.6833844,255,255,0
142.35,-27.791,-27.791,435.283697,34.4,0.1948612,0.2449152,0.9898919,-0.0332128,0.024348,0.3192121,13.1055214,-14.7722685,42.6762973,255,255,0
142.4,-27.596,-27.596,437.10124,34.6,0.1915626,0.2347339,0.9904504,-0.0339165,0.0236835,0.3194448,12.8163713,-15.0510402,42.667437,255,255,0
142.45,-27.401,-27.401,438.924939,34.8,0.1890402,0.224371,0.9910046,-0.0345981,0.0230022,0.3196778,12.5240604,-15.3267825,42.6568098,255,255,0
142.5,-27.207,-27.207,440.754813,35,0.1876185,0.2140751,0.9915534,-0.0352573,0.0223046,0.3199113,12.228668,-15.5993878,42.6444249,255,255,0
142.55,-27.012,-27.012,442.590876,35.2,0.1875478,0.2040885,0.9920957,-0.0358938,0.0215909,0.3201453,11.9302738,-15.8687488,42.6302943,255,255,0
142.6,-26.818,-26.818,444.433145,35.4,0.1889884,0.1946356,0.9926304,-0.0365074,0.0208615,0.3203799,11.6289586,-16.1347588,42.6144331,255,255,0
142.65,-26.623,-26.623,446.281636,35.6,0.1919997,0.1859131,0.9931563,-0.0370977,0.0201168,0.3206152,11.3248039,-16.3973115,42.5968595,255,255,0
142.7,-26.428,-26.428,448.136365,35.8,0.1965365,0.1780809,0.9936725,-0.0376644,0.0193572,0.3208511,11.0178917,-16.6563013,42.5775946,255,255,0
142.75,-26.234,-26.234,449.997349,36,0.2024523,0.1712546,0.9941779,-0.0382073,0.0185829,0.3210879,10.7083051,-16.911623,42.5566623,255,255,0
142.8,-26.039,-26.039,451.864602,36.2,0.209508,0.1655005,0.9946714,-0.0387262,0.0177943,0.3213254,10.3961277,-17.1631723,42.5340895,255,255,0
142.85,-25.845,-25.845,453.738143,36.4,0.2173879,0.1608326,0.9951521,-0.0392208,0.0169919,0.3215638,10.0814438,-17.4108455,42.5099059,255,255,0
142.9,-25.65,-25.65,455.617986,36.6,0.2257202,0.157212,0.9956189,-0.0396909,0.016176,0.3218032,9.7643384,-17.6545398,42.4841442,255,255,0
142.95,-25.455,-25.455,457.504149,36.8,0.2341002,0.1545486,0.9960708,-0.0401363,0.0153469,0.3220436,9.4448971,-17.8941531,42.4568396,255,255,0
143,-25.261,-25.261,459.396647,37,0.2421176,0.1527059,0.996507,-0.0405567,0.014505,0.3222851,9.1232061,-18.1295842,42.4280302,255,255,0
143.05,-25.066,-25.066,461.295497,37.2,0.2493819,0.1515067,0.9969266,-0.0409519,0.0136507,0.3225277,8.7993525,-18.3607329,42.3977567,255,255,0
143.1,-24.871,-24.871,463.200716,37.4,0.2555485,0.1507417,0.9973286,-0.0413219,0.0127843,0.3227715,8.4734236,-18.5875,42.3660627,255,255,0
143.15,-24.677,-24.677,465.112319,37.6,0.2603405,0.1501792,0.9977121,-0.0416663,0.0119063,0.3230166,8.1455074,-18.8097874,42.332994,255,255,0
143.2,-24.482,-24.482,467.030323,37.8,0.2635666,0.1495759,0.9980764,-0.041985,0.0110171,0.3232629,7.8156928,-19.027498,42.2985991,255,255,0
143.25,-24.288,-24.288,468.954746,38,0.2651337,0.148688,0.9984206,-0.0422779,0.0101169,0.3235107,7.4840688,-19.2405358,42.2629289,255,255,0
143.3,-24.093,-24.093,470.885602,38.2,0.2650526,0.1472828,0.9987441,-0.0425449,0.0092062,0.3237599,7.1507252,-19.4488062,42.2260367,255,255,0
143.35,-23.898,-23.898,472.822909,38.4,0.2634376,0.1451493,0.9990459,-0.0427857,0.0082854,0.3240106,6.8157523,-19.6522158,42.1879781,255,255,0
143.4,-23.704,-23.704,474.766683,38.6,0.2604988,0.1421081,0.9993256,-0.0430003,0.0073549,0.3242628,6.4792409,-19.8506723,42.1488109,255,255,0
143.45,-23.509,-23.509,476.716941,38.8,0.2565287,0.1380197,0.9995823,-0.0431886,0.006415,0.3245167,6.1412823,-20.044085,42.108595,255,255,0
143.5,-23.314,-23.314,478.673699,39,0.2518831,0.1327911,0.9998155,-0.0433505,0.0054661,0.3247722,5.8019683,-20.2323646,42.0673925,255,255,0
143.55,-23.12,-23.12,480.636975,39.2,0.2469581,0.1263801,1.0000245,-0.0434858,0.0045087,0.3250295,5.4613913,-20.415423,42.0252673,255,255,0
143.6,-22.925,-22.925,482.606785,39.4,0.2421648,0.1187974,1.000209,-0.0435945,0.0035431,0.3252886,5.1196441,-20.5931739,41.9822852,255,255,0
143.65,-22.731,-22.731,484.583145,39.6,0.237902,0.1101062,1.0003682,-0.0436766,0.0025696,0.3255496,4.7768199,-20.7655323,41.9385141,255,255,0
143.7,-22.536,-22.536,486.566072,39.8,0.2345311,0.1004194,1.0005018,-0.043732,0.0015888,0.3258125,4.4330126,-20.932415,41.894023,255,255,0
143.75,-22.341,-22.341,488.555583,40,0.2323524,0.0898943,1.0006093,-0.0437607,0.000601,0.3260773,4.0883162,-21.0937403,41.8488831,255,255,0
143.8,-22.147,-22.147,490.551695,40.2,0.2315855,0.078726,1.0006904,-0.0437625,-0.0003935,0.3263442,3.7428256,-21.2494283,41.8031668,255,255,0
143.85,-21.952,-21.952,492.554425,40.4,0.2323556,0.0671376,1.0007447,-0.0437376,-0.0013942,0.3266131,3.3966359,-21.3994005,41.7569478,255,255,0
143.9,-21.757,-21.757,494.56379,40.6,0.2346848,0.0553712,1.0007718,-0.0436859,-0.0024007,0.3268843,3.0498425,-21.5435806,41.7103014,255,255,0
143.95,-21.563,-21.563,496.579805,40.8,0.2384909,0.0436757,1.0007716,-0.0436074,-0.0034126,0.3271576,2.7025416,-21.6818937,41.6633037,255,255,0
144,-21.368,-21.368,498.60249,41,0.2435929,0.0322964,1.0007439,-0.0435021,-0.0044296,0.3274331,2.3548295,-21.814267,41.6160321,255,255,0
144.05,-21.173,-21.173,500.631859,41.2,0.2497224,0.0214629,1.0006884,-0.0433701,-0.0054512,0.327711,2.0068032,-21.9406295,41.5685649,255,255,0
144.1,-20.979,-20.979,502.667931,41.4,0.2565411,0.0113797,1.000605,-0.0432114,-0.006477,0.3279912,1.6585599,-22.060912,41.5209814,255,255,0
144.15,-20.784,-20.784,504.710722,41.6,0.2636627,0.0022157,1.0004936,-0.043026,-0.0075067,0.3282738,1.3101973,-22.1750473,41.4733613,255,255,0
144.2,-20.589,-20.589,506.760249,41.8,0.2706777,-0.0059025,1.0003543,-0.042814,-0.0085398,0.3285589,0.9618136,-22.2829701,41.4257852,255,255,0
144.25,-20.395,-20.395,508.81653,42,0.2771801,-0.0128969,1.0001869,-0.0425756,-0.0095759,0.3288465,0.6135072,-22.3846173,41.378334,255,255,0
144.3,-20.2,-20.2,510.879582,42.2,0.2827934,-0.0187413,0.9999916,-0.0423108,-0.0106147,0.3291367,0.2653771,-22.4799277,41.3310891,255,255,0
144.35,-20.005,-20.005,512.949421,42.4,0.2871953,-0.0234625,0.9997685,-0.0420196,-0.0116556,0.3294294,-0.0824774,-22.568842,41.284132,255,255,0
144.4,-19.811,-19.811,515.026065,42.6,0.2901381,-0.0271391,0.9995176,-0.0417022,-0.0126984,0.3297248,-0.4299567,-22.6513033,41.2375445,255,255,0
144.45,-19.616,-19.616,517.109531,42.8,0.291465,-0.0298976,0.9992392,-0.0413588,-0.0137426,0.3300229,-0.7769606,-22.7272564,41.1914084,255,255,0
144.5,-19.421,-19.421,519.199836,43,0.2911203,-0.0319064,0.9989334,-0.0409894,-0.0147878,0.3303237,-1.1233888,-22.7966487,41.1458051,255,255,0
144.55,-19.227,-19.227,521.296997,43.2,0.2891527,-0.0333682,0.9986007,-0.0405942,-0.0158335,0.3306272,-1.4691404,-22.8594294,41.1008161,255,255,0
144.6,-19.032,-19.032,523.401033,43.4,0.2857123,-0.0345106,0.9982411,-0.0401734,-0.0168795,0.3309336,-1.8141143,-22.91555,41.0565224,255,255,0
144.65,-18.837,-18.837,525.51196,43.6,0.2810412,-0.0355749,0.9978552,-0.0397271,-0.0179251,0.3312428,-2.158209,-22.9649641,41.0130045,255,255,0
144.7,-18.643,-18.643,527.629795,43.8,0.2754571,-0.0368059,0.9974433,-0.0392555,-0.0189701,0.3315549,-2.5013227,-23.0076276,40.9703422,255,255,0
144.75,-18.448,-18.448,529.754556,44,0.2693336,-0.0384395,0.9970058,-0.0387589,-0.0200141,0.3318698,-2.8433533,-23.0434987,40.9286147,255,255,0
144.8,-18.253,-18.253,531.88626,44.2,0.2630753,-0.0406925,0.9965433,-0.0382373,-0.0210565,0.3321878,-3.1841983,-23.0725377,40.8879002,255,255,0
144.85,-18.059,-18.059,534.024925,44.4,0.2570922,-0.0437522,0.9960562,-0.0376911,-0.022097,0.3325087,-3.5237549,-23.0947072,40.8482761,255,255,0
144.9,-17.864,-17.864,536.170568,44.6,0.2517729,-0.0477676,0.995545,-0.0371204,-0.0231351,0.3328326,-3.8619202,-23.1099721,40.8098185,255,255,0
144.95,-17.669,-17.669,538.323207,44.8,0.2474594,-0.0528427,0.9950105,-0.0365255,-0.0241704,0.3331595,-4.1985907,-23.1182996,40.7726023,255,255,0
145,-17.474,-17.474,540.482859,45,0.2444252,-0.0590313,0.9944531,-0.0359067,-0.0252025,0.3334894,-4.5336631,-23.1196591,40.7367011,255,255,0
145.05,-17.353,-17.353,541.836211,45.188,0.2428575,-0.0663349,0.9938737,-0.0352641,-0.026231,0.3338224,-4.8670077,-23.1139,40.7019716,255,255,0
145.1,-17.231,-17.231,543.192313,45.375,0.2428451,-0.0747018,0.9932728,-0.0345981,-0.0272554,0.3341585,-5.1985428,-23.1011189,40.6687,255,255,0
145.15,-17.109,-17.109,544.55117,45.563,0.2443727,-0.0840302,0.9926512,-0.0339089,-0.0282752,0.3344977,-5.5281642,-23.0812924,40.6369552,255,255,0
145.2,-16.988,-16.988,545.912787,45.75,0.2473218,-0.0941723,0.9920098,-0.0331969,-0.0292901,0.3348401,-5.8557675,-23.0543992,40.6068039,255,255,0
145.25,-16.866,-16.866,547.277167,45.938,0.2514784,-0.1049409,0.9913492,-0.0324623,-0.0302996,0.3351855,-6.1812484,-23.0204207,40.5783112,255,255,0
145.3,-16.744,-16.744,548.644315,46.125,0.256547,-0.1161187,0.9906704,-0.0317054,-0.0313033,0.3355341,-6.5045021,-22.9793402,40.55154,255,255,0
145.35,-16.623,-16.623,550.014236,46.312,0.2621695,-0.127467,0.9899742,-0.0309265,-0.0323006,0.3358859,-6.825424,-22.9311437,40.5265509,255,255,0
145.4,-16.501,-16.501,551.386933,46.5,0.2679484,-0.1387379,0.9892616,-0.0301261,-0.0332911,0.3362408,-7.1439092,-22.8758196,40.5034025,255,255,0
145.45,-16.379,-16.379,552.762411,46.687,0.2734727,-0.1496845,0.9885333,-0.0293044,-0.0342745,0.3365988,-7.4598529,-22.8133582,40.4821508,255,255,0
145.5,-16.258,-16.258,554.140674,46.875,0.2783443,-0.160073,0.9877905,-0.0284617,-0.0352502,0.3369601,-7.7731503,-22.7437528,40.4628494,255,255,0
145.55,-16.136,-16.136,555.521726,47.063,0.2822038,-0.1696929,0.987034,-0.0275985,-0.0362177,0.3373245,-8.0836965,-22.6669985,40.4455492,255,255,0
145.6,-16.014,-16.014,556.905573,47.25,0.2847537,-0.178367,0.9862649,-0.0267151,-0.0371767,0.337692,-8.3913867,-22.5830932,40.4302985,255,255,0
145.65,-15.893,-15.893,558.292218,47.438,0.2857778,-0.1859589,0.9854842,-0.0258118,-0.0381266,0.3380627,-8.6961162,-22.4920368,40.4171428,255,255,0
145.7,-15.771,-15.771,559.681665,47.625,0.2851551,-0.1923797,0.984693,-0.0248891,-0.039067,0.3384366,-8.9977805,-22.393832,40.4061246,255,255,0
145.75,-15.649,-15.649,561.073919,47.813,0.2828675,-0.197592,0.9838923,-0.0239474,-0.0399974,0.3388136,-9.296275,-22.2884835,40.3972837,255,255,0
145.8,-15.527,-15.527,562.468985,48,0.2790014,-0.2016112,0.9830832,-0.022987,-0.0409173,0.3391938,-9.5914955,-22.1759986,40.3906567,255,255,0
145.85,-15.406,-15.406,563.866866,48.187,0.2737415,-0.204505,0.9822667,-0.0220084,-0.0418262,0.339577,-9.8833381,-22.0563869,40.3862769,255,255,0
145.9,-15.284,-15.284,565.267568,48.375,0.2673595,-0.20639,0.9814442,-0.0210119,-0.0427237,0.3399634,-10.1716991,-21.9296604,40.3841745,255,255,0
145.95,-15.162,-15.162,566.671093,48.562,0.2601961,-0.2074264,0.9806166,-0.0199981,-0.0436094,0.3403528,-10.456475,-21.7958336,40.3843767,255,255,0
146,-15.041,-15.041,568.077448,48.75,0.252639,-0.2078107,0.979785,-0.0189673,-0.0444826,0.3407453,-10.7375629,-21.6549231,40.3869069,255,255,0
146.05,-14.919,-14.919,569.486635,48.938,0.2450983,-0.207766,0.9789508,-0.01792,-0.045343,0.3411408,-11.0148601,-21.5069483,40.3917854,255,255,0
146.1,-14.797,-14.797,570.898661,49.125,0.2379795,-0.2075323,0.978115,-0.0168567,-0.04619,0.3415393,-11.2882646,-21.3519306,40.3990288,255,255,0
146.15,-14.676,-14.676,572.313528,49.313,0.2316573,-0.2073552,0.9772788,-0.0157777,-0.0470231,0.3419408,-11.5576748,-21.1898942,40.4086502,255,255,0
146.2,-14.554,-14.554,573.731242,49.5,0.2264516,-0.207474,0.9764434,-0.0146836,-0.047842,0.3423452,-11.8229897,-21.0208653,40.4206594,255,255,0
146.25,-14.432,-14.432,575.151806,49.688,0.222607,-0.2081115,0.97561,-0.0135748,-0.0486459,0.3427525,-12.084109,-20.8448728,40.4350622,255,255,0
146.3,-14.31,-14.31,576.575225,49.875,0.2202765,-0.209463,0.9747797,-0.0124518,-0.0494346,0.3431627,-12.3409329,-20.6619479,40.4518608,255,255,0
146.35,-14.189,-14.189,578.001504,50.062,0.2195119,-0.2116873,0.9739538,-0.0113152,-0.0502075,0.3435757,-12.5933626,-20.4721242,40.4710539,255,255,0
146.4,-14.067,-14.067,579.430648,50.25,0.2202605,-0.2148997,0.9731334,-0.0101652,-0.0509641,0.3439914,-12.8412999,-20.2754379,40.4926362,255,255,0
146.45,-13.945,-13.945,580.862659,50.437,0.2223685,-0.2191662,0.9723197,-0.0090026,-0.0517038,0.3444099,-13.0846477,-20.0719273,40.5165988,255,255,0
146.5,-13.824,-13.824,582.297544,50.625,0.2255909,-0.2245008,0.971514,-0.0078278,-0.0524263,0.3448311,-13.3233097,-19.8616334,40.5429289,255,255,0
146.55,-13.702,-13.702,583.735305,50.813,0.2296074,-0.2308643,0.9707173,-0.0066412,-0.053131,0.3452548,-13.5571905,-19.6445995,40.57161,255,255,0
146.6,-13.58,-13.58,585.175949,51,0.2340432,-0.2381665,0.9699309,-0.0054434,-0.0538174,0.3456811,-13.786196,-19.4208715,40.6026218,255,255,0
146.65,-13.459,-13.459,586.619478,51.188,0.238493,-0.2462701,0.9691559,-0.0042349,-0.0544851,0.3461099,-14.0102331,-19.1904975,40.63594,255,255,0
146.7,-13.337,-13.337,588.065898,51.375,0.2425477,-0.2549968,0.9683935,-0.0030163,-0.0551335,0.3465411,-14.2292098,-18.9535284,40.6715367,255,255,0
146.75,-13.215,-13.215,589.515213,51.563,0.2458205,-0.2641358,0.9676448,-0.001788,-0.0557621,0.3469746,-14.4430356,-18.7100172,40.7093801,255,255,0
146.8,-13.093,-13.093,590.967428,51.75,0.2479719,-0.2734531,0.9669109,-0.0005506,-0.0563705,0.3474104,-14.6516211,-18.4600197,40.7494346,255,255,0
146.85,-12.972,-12.972,592.422547,51.937,0.2487322,-0.2827026,0.9661929,0.0006953,-0.0569582,0.3478484,-14.8548786,-18.2035939,40.7916609,255,255,0
146.9,-12.85,-12.85,593.880574,52.125,0.2479183,-0.2916368,0.965492,0.0019493,-0.0575248,0.3482885,-15.0527217,-17.9408005,40.836016,255,255,0
146.95,-12.728,-12.728,595.341514,52.312,0.2454458,-0.300019,0.9648092,0.0032108,-0.0580696,0.3487306,-15.2450655,-17.6717026,40.882453,255,255,0
147,-12.607,-12.607,596.805372,52.5,0.2413349,-0.3076331,0.9641455,0.0044793,-0.0585923,0.3491745,-15.4318268,-17.3963659,40.9309216,255,255,0
147.05,-12.485,-12.485,598.272151,52.688,0.2357085,-0.3142944,0.9635021,0.0057541,-0.0590923,0.3496203,-15.6129242,-17.1148585,40.9813676,255,255,0
147.1,-12.363,-12.363,599.741857,52.875,0.2287846,-0.3198576,0.9628798,0.0070348,-0.0595693,0.3500678,-15.7882778,-16.8272511,41.0337335,255,255,0
147.15,-12.241,-12.241,601.214493,53.063,0.2208622,-0.3242235,0.9622797,0.0083208,-0.0600227,0.3505168,-15.9578099,-16.5336169,41.0879581,255,255,0
147.2,-12.12,-12.12,602.690065,53.25,0.212302,-0.3273436,0.9617028,0.0096116,-0.0604521,0.3509674,-16.1214446,-16.2340318,41.1439769,255,255,0
147.25,-11.998,-11.998,604.168577,53.438,0.203503,-0.3292223,0.96115,0.0109065,-0.060857,0.3514192,-16.2791077,-15.928574,41.2017219,255,255,0
147.3,-11.876,-11.876,605.650033,53.625,0.1948769,-0.3299163,0.9606221,0.012205,-0.061237,0.3518723,-16.4307276,-15.6173245,41.261122,255,255,0
147.35,-11.755,-11.755,607.134438,53.812,0.1868213,-0.3295326,0.96012,0.0135066,-0.0615917,0.3523265,-16.5762344,-15.3003667,41.3221026,255,255,0
147.4,-11.633,-11.633,608.621796,54,0.1796941,-0.3282229,0.9596447,0.0148107,-0.0619206,0.3527816,-16.7155606,-14.9777867,41.3845863,255,255,0
147.45,-11.511,-11.511,610.112112,54.187,0.1737906,-0.326177,0.9591968,0.0161168,-0.0622232,0.3532375,-16.848641,-14.6496732,41.4484925,255,255,0
147.5,-11.389,-11.389,611.60539,54.375,0.169324,-0.3236138,0.9587772,0.0174241,-0.0624993,0.353694,-16.9754128,-14.3161174,41.5137377,255,255,0
147.55,-11.268,-11.268,613.101636,54.563,0.1664119,-0.3207711,0.9583866,0.0187323,-0.0627483,0.354151,-17.0958155,-13.9772132,41.5802355,255,255,0
147.6,-11.146,-11.146,614.600853,54.75,0.165069,-0.317895,0.9580257,0.0200408,-0.0629698,0.3546084,-17.2097913,-13.6330571,41.6478972,255,255,0
147.65,-11.024,-11.024,616.103046,54.938,0.1652055,-0.315228,0.9576951,0.0213489,-0.0631635,0.3550658,-17.3172848,-13.2837481,41.716631,255,255,0
147.7,-10.903,-10.903,617.608219,55.125,0.1666337,-0.3129983,0.9573955,0.022656,-0.063329,0.3555233,-17.4182433,-12.929388,41.786343,255,255,0
147.75,-10.781,-10.781,619.116378,55.313,0.1690794,-0.3114088,0.9571274,0.0239618,-0.063466,0.3559805,-17.5126169,-12.5700811,41.8569369,255,255,0
147.8,-10.659,-10.659,620.627526,55.5,0.1722005,-0.3106281,0.9568914,0.0252655,-0.0635739,0.3564372,-17.6003583,-12.2059343,41.9283141,255,255,0
147.85,-10.537,-10.537,622.141669,55.687,0.1756085,-0.3107825,0.956688,0.0265666,-0.0636526,0.3568934,-17.6814233,-11.8370573,42.0003742,255,255,0
147.9,-10.416,-10.416,623.65881,55.875,0.1788939,-0.3119502,0.9565177,0.0278645,-0.0637017,0.3573487,-17.7557704,-11.4635622,42.0730148,255,255,0
147.95,-10.294,-10.294,625.178954,56.062,0.1816529,-0.3141577,0.9563807,0.0291587,-0.0637207,0.357803,-17.8233612,-11.0855639,42.1461315,255,255,0
148,-10.172,-10.172,626.702107,56.25,0.1835132,-0.3173785,0.9562776,0.0304486,-0.0637095,0.358256,-17.8841602,-10.7031797,42.2196188,255,255,0
148.05,-10.05,-10.05,628.228272,56.438,0.1841584,-0.3215342,0.9562085,0.0317337,-0.0636678,0.3587074,-17.9381351,-10.3165296,42.2933695,255,255,0
148.1,-9.929,-9.929,629.757454,56.625,0.1833483,-0.3264984,0.9561739,0.0330134,-0.0635951,0.3591572,-17.9852568,-9.9257363,42.3672751,255,255,0
148.15,-9.807,-9.807,631.289658,56.813,0.1809348,-0.3321021,0.9561738,0.0342871,-0.0634914,0.3596049,-18.0254991,-9.5309249,42.4412262,255,255,0
148.2,-9.685,-9.685,632.824888,57,0.176871,-0.3381417,0.9562085,0.0355543,-0.0633562,0.3600504,-18.0588395,-9.1322232,42.5151122,255,255,0
148.25,-9.564,-9.564,634.363148,57.188,0.1712148,-0.3443884,0.9562781,0.0368144,-0.0631894,0.3604934,-18.0852583,-8.7297614,42.5888222,255,255,0
148.3,-9.442,-9.442,635.904445,57.375,0.1641248,-0.3505984,0.9563826,0.0380669,-0.0629908,0.3609336,-18.1047396,-8.3236723,42.6622443,255,255,0
148.35,-9.32,-9.32,637.448781,57.562,0.1558505,-0.3565245,0.9565222,0.0393113,-0.0627601,0.3613707,-18.1172706,-7.914091,42.7352665,255,255,0
148.4,-9.198,-9.198,638.996162,57.75,0.1467157,-0.3619273,0.9566966,0.0405469,-0.0624971,0.3618045,-18.122842,-7.5011554,42.8077765,255,255,0
148.45,-9.077,-9.077,640.546592,57.937,0.137098,-0.3665859,0.956906,0.0417733,-0.0622017,0.3622347,-18.121448,-7.0850056,42.8796619,255,255,0
148.5,-8.955,-8.955,642.100076,58.125,0.1274043,-0.3703087,0.9571501,0.0429899,-0.0618737,0.3626609,-18.1130863,-6.6657841,42.9508108,255,255,0
148.55,-8.833,-8.833,643.656619,58.313,0.1180444,-0.3729416,0.9574288,0.0441963,-0.061513,0.363083,-18.097758,-6.2436357,43.0211114,255,255,0
148.6,-8.711,-8.711,645.216225,58.5,0.1094048,-0.3743754,0.9577419,0.0453918,-0.0611194,0.3635004,-18.0754678,-5.8187077,43.0904524,255,255,0
148.65,-8.59,-8.59,646.778898,58.688,0.1018236,-0.3745507,0.958089,0.0465759,-0.0606929,0.363913,-18.0462243,-5.3911494,43.1587235,255,255,0
148.7,-8.468,-8.468,648.344645,58.875,0.0955686,-0.3734609,0.9584698,0.0477482,-0.0602333,0.3643204,-18.0100391,-4.9611125,43.2258152,255,255,0
148.75,-8.346,-8.346,649.913468,59.063,0.0908202,-0.3711519,0.958884,0.048908,-0.0597406,0.3647223,-17.966928,-4.5287509,43.2916193,255,255,0
148.8,-8.224,-8.224,651.485373,59.25,0.0876597,-0.3677205,0.9593311,0.050055,-0.0592148,0.3651183,-17.91691,-4.0942202,43.3560286,255,255,0
148.85,-8.103,-8.103,653.060364,59.437,0.0860641,-0.36331,0.9598106,0.0511885,-0.0586558,0.365508,-17.8600081,-3.6576785,43.4189378,255,255,0
148.9,-7.981,-7.981,654.638446,59.625,0.0859075,-0.358103,0.960322,0.0523082,-0.0580636,0.3658913,-17.7962486,-3.2192856,43.480243,255,255,0
148.95,-7.859,-7.859,656.219624,59.812,0.0869696,-0.3523135,0.9608647,0.0534134,-0.0574383,0.3662676,-17.7256617,-2.7792033,43.5398424,255,255,0
149,-7.737,-7.737,657.803903,60,0.0889498,-0.3461771,0.9614381,0.0545037,-0.0567798,0.3666366,-17.6482811,-2.337595,43.5976363,255,255,0
149.05,-7.616,-7.616,659.391286,60.188,0.0914866,-0.3399397,0.9620415,0.0555787,-0.0560883,0.366998,-17.5641444,-1.894626,43.6535271,255,255,0
149.1,-7.494,-7.494,660.98178,60.375,0.0941812,-0.3338465,0.9626741,0.0566378,-0.0553638,0.3673513,-17.4732925,-1.4504632,43.7074199,255,255,0
149.15,-7.372,-7.372,662.575387,60.563,0.0966233,-0.3281308,0.9633352,0.0576806,-0.0546065,0.3676963,-17.3757701,-1.005275,43.7592221,255,255,0
149.2,-7.251,-7.251,664.172114,60.75,0.0984176,-0.323003,0.964024,0.0587066,-0.0538165,0.3680325,-17.2716256,-0.5592314,43.8088443,255,255,0
149.25,-7.129,-7.129,665.771965,60.938,0.0992096,-0.3186408,0.9647395,0.0597153,-0.0529938,0.3683595,-17.1609107,-0.1125036,43.8561998,255,255,0
149.3,-7.007,-7.007,667.374944,61.125,0.0987084,-0.3151818,0.965481,0.0607063,-0.0521388,0.3686771,-17.043681,0.334736,43.901205,255,255,0
149.35,-6.885,-6.885,668.981056,61.312,0.0967057,-0.3127162,0.9662473,0.0616792,-0.0512515,0.3689847,-16.9199954,0.7823138,43.94378,255,255,0
149.4,-6.764,-6.764,670.590306,61.5,0.0930891,-0.3112831,0.9670375,0.0626335,-0.0503323,0.369282,-16.7899164,1.230055,43.9838479,255,255,0
149.45,-6.642,-6.642,672.202699,61.687,0.0878497,-0.310869,0.9678506,0.0635687,-0.0493813,0.3695686,-16.6535099,1.6777842,44.0213357,255,255,0
149.5,-6.52,-6.52,673.81824,61.875,0.0810827,-0.3114079,0.9686855,0.0644845,-0.0483988,0.3698441,-16.5108454,2.125325,44.056174,255,255,0
149.55,-6.398,-6.398,675.436932,62.063,0.072981,-0.3127846,0.969541,0.0653804,-0.0473852,0.3701082,-16.3619956,2.5725003,44.0882976,255,255,0
149.6,-6.277,-6.277,677.058781,62.25,0.0638231,-0.3148402,0.970416,0.066256,-0.0463407,0.3703604,-16.2070366,3.0191328,44.1176449,255,255,0
149.65,-6.155,-6.155,678.683792,62.438,0.053955,-0.3173791,0.9713093,0.0671109,-0.0452656,0.3706003,-16.0460478,3.4650443,44.1441588,255,255,0
149.7,-6.033,-6.033,680.311969,62.625,0.043768,-0.3201783,0.9722197,0.0679447,-0.0441605,0.3708276,-15.8791118,3.9100568,44.1677863,255,255,0
149.75,-5.911,-5.911,681.943317,62.813,0.0336732,-0.3229976,0.9731458,0.068757,-0.0430255,0.371042,-15.7063145,4.3539918,44.188479,255,255,0
149.8,-5.79,-5.79,683.577841,63,0.0240752,-0.3255905,0.9740865,0.0695474,-0.0418612,0.3712429,-15.5277448,4.796671,44.2061928,255,255,0
149.85,-5.668,-5.668,685.215546,63.187,0.015346,-0.327716,0.9750403,0.0703156,-0.0406679,0.37143,-15.3434945,5.2379161,44.2208882,255,255,0
149.9,-5.546,-5.546,686.856435,63.375,0.0078007,-0.3291494,0.9760059,0.0710612,-0.0394462,0.371603,-15.1536587,5.6775494,44.2325305,255,255,0
149.95,-5.424,-5.424,688.500515,63.562,0.0016776,-0.3296927,0.976982,0.0717837,-0.0381964,0.3717615,-14.9583352,6.1153933,44.2410897,255,255,0
150,-5.303,-5.303,690.14779,63.75,-0.0028775,-0.3291839,0.9779671,0.072483,-0.0369192,0.3719051,-14.7576248,6.5512709,44.2465407,255,255,0
150.05,-5.181,-5.181,691.798264,63.938,-0.0058205,-0.3275046,0.9789598,0.0731586,-0.035615,0.3720335,-14.5516307,6.9850062,44.2488631,255,255,0
150.1,-5.059,-5.059,693.451943,64.125,-0.0072118,-0.3245849,0.9799586,0.0738101,-0.0342845,0.3721463,-14.3404593,7.4164237,44.2480418,255,255,0
150.15,-4.937,-4.937,695.108831,64.313,-0.0072125,-0.3204075,0.9809621,0.0744374,-0.032928,0.3722432,-14.1242191,7.8453494,44.2440662,255,255,0
150.2,-4.815,-4.815,696.768933,64.5,-0.0060736,-0.315008,0.9819688,0.0750399,-0.0315463,0.3723238,-13.9030213,8.2716103,44.2369313,255,255,0
150.25,-4.694,-4.694,698.432253,64.688,-0.0041202,-0.3084733,0.9829772,0.0756175,-0.03014,0.3723878,-13.6769797,8.6950345,44.2266366,255,255,0
150.3,-4.572,-4.572,700.098798,64.875,-0.0017299,-0.3009379,0.9839858,0.0761698,-0.0287097,0.372435,-13.4462101,9.1154521,44.2131871,255,255,0
150.35,-4.45,-4.45,701.76857,65.062,0.0006914,-0.2925777,0.984993,0.0766965,-0.027256,0.372465,-13.2108308,9.5326944,44.1965925,255,255,0
150.4,-4.328,-4.328,703.441576,65.25,0.0027359,-0.2836018,0.9859974,0.0771974,-0.0257797,0.3724775,-12.970962,9.9465947,44.176868,255,255,0
150.45,-4.207,-4.207,705.11782,65.437,0.0040201,-0.2742431,0.9869974,0.0776721,-0.0242814,0.3724722,-12.7267261,10.3569883,44.1540334,255,255,0
150.5,-4.085,-4.085,706.797306,65.625,0.0042101,-0.2647475,0.9879914,0.0781204,-0.0227618,0.3724489,-12.4782473,10.7637124,44.1281138,255,255,0
150.55,-3.963,-3.963,708.480041,65.813,0.0030427,-0.2553628,0.988978,0.0785421,-0.0212217,0.3724072,-12.2256519,11.1666067,44.0991392,255,255,0
150.6,-3.841,-3.841,710.166027,66,0.0003431,-0.2463271,0.9899556,0.0789368,-0.0196619,0.3723471,-11.9690676,11.5655132,44.0671447,255,255,0
150.65,-3.72,-3.72,711.855271,66.188,-0.0039644,-0.2378582,0.9909226,0.0793044,-0.018083,0.3722682,-11.7086238,11.9602762,44.0321701,255,255,0
150.7,-3.598,-3.598,713.547778,66.375,-0.0098509,-0.2301435,0.9918775,0.0796445,-0.0164859,0.3721704,-11.4444517,12.350743,43.9942601,255,255,0
150.75,-3.476,-3.476,715.243551,66.563,-0.0171849,-0.2233314,0.9928188,0.0799571,-0.0148715,0.3720533,-11.1766835,12.7367635,43.9534642,255,255,0
150.8,-3.354,-3.354,716.942596,66.75,-0.0257409,-0.2175246,0.993745,0.0802418,-0.0132404,0.371917,-10.905453,13.1181907,43.9098366,255,255,0
150.85,-3.233,-3.233,718.644917,66.937,-0.0352138,-0.2127753,0.9946546,0.0804985,-0.0115936,0.3717611,-10.630895,13.4948804,43.863436,255,255,0
150.9,-3.111,-3.111,720.350521,67.125,-0.0452386,-0.2090832,0.9955462,0.0807269,-0.0099318,0.3715856,-10.3531456,13.8666919,43.8143259,255,255,0
150.95,-2.989,-2.989,722.05941,67.312,-0.0554138,-0.2063953,0.9964182,0.0809269,-0.0082561,0.3713903,-10.0723416,14.2334874,43.7625737,255,255,0
151,-2.867,-2.867,723.771591,67.5,-0.0653275,-0.2046085,0.9972692,0.0810983,-0.0065671,0.3711751,-9.7886209,14.595133,43.7082515,255,255,0
151.05,-2.746,-2.746,725.487069,67.688,-0.074584,-0.2035745,0.9980978,0.081241,-0.0048659,0.3709399,-9.5021221,14.951498,43.6514354,255,255,0
151.1,-2.624,-2.624,727.205847,67.875,-0.0828292,-0.2031066,0.9989026,0.0813546,-0.0031532,0.3706847,-9.2129842,15.3024553,43.5922055,255,255,0
151.15,-2.502,-2.502,728.927931,68.063,-0.0897736,-0.2029885,0.9996822,0.0814392,-0.0014301,0.3704094,-8.9213471,15.6478817,43.530646,255,255,0
151.2,-2.38,-2.38,730.653326,68.25,-0.0952107,-0.2029843,1.0004353,0.0814946,0.0003026,0.3701139,-8.6273509,15.9876576,43.4668445,255,255,0
151.25,-2.258,-2.258,732.382037,68.438,-0.0990307,-0.2028494,1.0011606,0.0815206,0.0020439,0.3697984,-8.331136,16.3216676,43.4008924,255,255,0
151.3,-2.137,-2.137,734.114068,68.625,-0.1012271,-0.202342,1.0018568,0.0815171,0.003793,0.3694626,-8.0328431,16.6497999,43.3328846,255,255,0
151.35,-2.015,-2.015,735.849425,68.812,-0.1018976,-0.201234,1.0025227,0.081484,0.0055488,0.3691068,-7.7326128,16.971947,43.2629193,255,255,0
151.4,-1.893,-1.893,737.588113,69,-0.1012372,-0.1993222,1.003157,0.0814212,0.0073105,0.368731,-7.430586,17.2880053,43.1910976,255,255,0
151.45,-1.771,-1.771,739.330135,69.187,-0.0995257,-0.1964372,1.0037586,0.0813286,0.009077,0.3683351,-7.1269032,17.5978757,43.1175237,255,255,0
151.5,-1.65,-1.65,741.075498,69.375,-0.0971099,-0.1924513,1.0043264,0.0812062,0.0108475,0.3679194,-6.8217047,17.9014628,43.0423045,255,255,0
151.55,-1.528,-1.528,742.824207,69.563,-0.0943805,-0.1872851,1.0048593,0.0810537,0.0126209,0.367484,-6.5151306,18.1986759,42.9655496,255,255,0
151.6,-1.406,-1.406,744.576265,69.75,-0.0917475,-0.1809104,1.0053563,0.0808713,0.0143964,0.3670289,-6.2073205,18.4894283,42.8873708,255,255,0
151.65,-1.284,-1.284,746.331679,69.938,-0.0896129,-0.1733524,1.0058163,0.0806587,0.0161729,0.3665543,-5.8984134,18.7736378,42.8078823,255,255,0
151.7,-1.162,-1.162,748.090452,70.125,-0.0883452,-0.1646881,1.0062384,0.0804161,0.0179496,0.3660605,-5.5885477,19.0512263,42.7272002,255,255,0
151.75,-1.041,-1.041,749.852591,70.313,-0.0882552,-0.1550431,1.0066218,0.0801432,0.0197254,0.3655477,-5.2778611,19.3221202,42.6454425,255,255,0
151.8,-0.919,-0.919,751.618099,70.5,-0.0895761,-0.1445857,1.0069657,0.0798402,0.0214994,0.365016,-4.9664905,19.5862503,42.5627286,255,255,0
151.85,-0.797,-0.797,753.386982,70.687,-0.0924481,-0.1335197,1.0072691,0.0795069,0.0232706,0.3644657,-4.6545717,19.8435515,42.4791797,255,255,0
151.9,-0.675,-0.675,755.159246,70.875,-0.0969097,-0.1220747,1.0075314,0.0791435,0.0250381,0.3638971,-4.3422397,20.0939632,42.3949179,255,255,0
151.95,-0.554,-0.554,756.934894,71.062,-0.1028945,-0.1104959,1.0077519,0.0787498,0.026801,0.3633104,-4.0296283,20.3374291,42.3100665,255,255,0
152,-0.432,-0.432,758.713931,71.25,-0.110236,-0.0990327,1.0079301,0.0783259,0.0285583,0.3627061,-3.7168701,20.573897,42.2247495,255,255,0
152.05,-0.31,-0.31,760.496364,71.438,-0.1186784,-0.0879275,1.0080652,0.0778718,0.0303091,0.3620844,-3.4040964,20.8033193,42.1390918,255,255,0
152.1,-0.188,-0.188,762.282196,71.625,-0.1278925,-0.0774045,1.0081569,0.0773876,0.0320524,0.3614457,-3.0914373,21.0256523,42.0532183,255,255,0
152.15,-0.066,-0.066,764.071433,71.813,-0.1374974,-0.0676599,1.0082047,0.0768733,0.0337874,0.3607903,-2.7790214,21.2408564,41.9672546,255,255,0
152.2,0.055,0.055,765.86408,72,-0.1470851,-0.0588524,1.0082082,0.0763288,0.0355132,0.3601187,-2.4669757,21.4488964,41.8813259,255,255,0
152.25,0.177,0.177,767.660141,72.188,-0.1562466,-0.0510963,1.0081671,0.0757544,0.0372288,0.3594312,-2.1554256,21.649741,41.7955576,255,255,0
152.3,0.299,0.299,769.459622,72.375,-0.1645986,-0.0444565,1.0080811,0.0751501,0.0389333,0.3587284,-1.8444951,21.8433627,41.7100745,255,255,0
152.35,0.421,0.421,771.262528,72.562,-0.1718078,-0.0389453,1.00795,0.0745158,0.0406259,0.3580106,-1.5343062,22.0297381,41.625001,255,255,0
152.4,0.543,0.543,773.068864,72.75,-0.1776131,-0.0345221,1.0077737,0.0738519,0.0423058,0.3572784,-1.2249794,22.2088476,41.5404606,255,255,0
152.45,0.664,0.664,774.878634,72.937,-0.1818417,-0.0310956,1.0075522,0.0731582,0.043972,0.3565322,-0.9166331,22.3806754,41.4565761,255,255,0
152.5,0.786,0.786,776.691845,73.125,-0.1844206,-0.0285278,1.0072853,0.072435,0.0456238,0.3557725,-0.6093839,22.545209,41.3734691,255,255,0
152.55,0.908,0.908,778.5085,73.313,-0.1853816,-0.0266405,1.0069732,0.0716823,0.0472603,0.3549998,-0.3033467,22.7024399,41.2912599,255,255,0
152.6,1.03,1.03,780.328605,73.5,-0.1848584,-0.025224,1.006616,0.0709004,0.0488807,0.3542148,0.001366,22.8523628,41.2100673,255,255,0
152.65,1.152,1.152,782.152165,73.688,-0.1830786,-0.0240463,1.0062138,0.0700892,0.0504843,0.3534179,0.3046436,22.9949757,41.1300088,255,255,0
152.7,1.273,1.273,783.979184,73.875,-0.1803488,-0.0228644,1.0057669,0.069249,0.0520702,0.3526097,0.6063774,23.1302799,41.0511996,255,255,0
152.75,1.395,1.395,785.809669,74.063,-0.1770345,-0.0214352,1.0052756,0.0683799,0.0536376,0.3517908,0.906461,23.25828,40.9737534,255,255,0
152.8,1.517,1.517,787.643624,74.25,-0.1735366,-0.0195272,1.0047403,0.0674822,0.055186,0.3509617,1.2047902,23.3789833,40.8977817,255,255,0
152.85,1.639,1.639,789.481054,74.437,-0.1702655,-0.0169311,1.0041614,0.0665559,0.0567145,0.3501232,1.5012629,23.4924002,40.8233937,255,255,0
152.9,1.76,1.76,791.321964,74.625,-0.1676142,-0.0134693,1.0035393,0.0656012,0.0582224,0.3492757,1.7957794,23.5985438,40.7506962,255,255,0
152.95,1.882,1.882,793.166359,74.812,-0.1659334,-0.0090047,1.0028747,0.0646184,0.0597091,0.34842,2.0882419,23.6974298,40.6797935,255,255,0
153,2.004,2.004,795.014245,75,-0.1655082,-0.0034467,1.0021681,0.0636077,0.0611739,0.3475567,2.3785553,23.7890765,40.6107874,255,255,0
153.05,2.074,2.074,796.071749,75.05,-0.16654,0.0032443,1.0014202,0.0625692,0.0626161,0.3466863,2.6666164,23.8734142,40.5436233,255,255,0
153.1,2.143,2.143,797.130395,75.1,-0.1691333,0.011055,1.0006318,0.0615032,0.0640351,0.3458096,2.9523427,23.9505555,40.4785511,255,255,0
153.15,2.213,2.213,798.190184,75.15,-0.173289,0.0199197,0.9998035,0.0604099,0.0654303,0.3449272,3.2356456,24.0205257,40.4156639,255,255,0
153.2,2.282,2.282,799.251117,75.2,-0.1789041,0.0297235,0.9989363,0.0592896,0.0668011,0.3440398,3.5164395,24.0833517,40.3550513,255,255,0
153.25,2.352,2.352,800.313196,75.25,-0.1857787,0.0403068,0.998031,0.0581426,0.068147,0.3431481,3.7946406,24.1390627,40.2968002,255,255,0
153.3,2.422,2.422,801.376421,75.3,-0.1936284,0.0514733,0.9970886,0.056969,0.0694674,0.3422527,4.0701678,24.1876893,40.2409937,255,255,0
153.35,2.491,2.491,802.440793,75.35,-0.2021031,0.0629983,0.9961101,0.0557691,0.0707617,0.3413542,4.3429423,24.2292639,40.1877118,255,255,0
153.4,2.561,2.561,803.506312,75.4,-0.2108096,0.0746396,0.9950965,0.0545433,0.0720295,0.3404535,4.6128876,24.2638204,40.1370308,255,255,0
153.45,2.63,2.63,804.572981,75.45,-0.2193365,0.0861478,0.9940489,0.0532919,0.0732703,0.3395511,4.8799296,24.291394,40.0890238,255,255,0
153.5,2.7,2.7,805.6408,75.5,-0.2272814,0.0972784,0.9929684,0.052015,0.0744836,0.3386477,5.1439967,24.3120211,40.0437597,255,255,0
153.55,2.77,2.77,806.709769,75.55,-0.2342765,0.1078024,0.9918563,0.0507131,0.075669,0.3377441,5.4050195,24.3257393,40.0013042,255,255,0
153.6,2.839,2.839,807.779891,75.6,-0.2400125,0.1175171,0.9907137,0.0493864,0.076826,0.3368408,5.6629311,24.3325872,39.961719,255,255,0
153.65,2.909,2.909,808.851165,75.65,-0.2442586,0.1262551,0.9895419,0.0480354,0.0779542,0.3359387,5.9176666,24.3326041,39.9250621,255,255,0
153.7,2.978,2.978,809.923593,75.7,-0.2468774,0.133892,0.9883423,0.0466602,0.0790533,0.3350382,6.1691639,24.3258303,39.8913873,255,255,0
153.75,3.048,3.048,810.997175,75.75,-0.2478336,0.1403523,0.9871162,0.0452613,0.0801229,0.3341402,6.417363,24.3123066,39.860745,255,255,0
153.8,3.118,3.118,812.071914,75.8,-0.2471965,0.1456122,0.985865,0.043839,0.0811626,0.3332452,6.662206,24.2920744,39.8331813,255,255,0
153.85,3.187,3.187,813.147808,75.85,-0.2451353,0.1497011,0.98459,0.0423937,0.0821721,0.3323539,6.9036375,24.2651755,39.8087384,255,255,0
153.9,3.257,3.257,814.224861,75.9,-0.2419083,0.1527001,0.9832928,0.0409257,0.0831511,0.331467,7.1416043,24.231652,39.7874545,255,255,0
153.95,3.327,3.327,815.303072,75.95,-0.2378459,0.1547379,0.9819749,0.0394355,0.0840993,0.3305852,7.3760554,24.1915464,39.7693639,255,255,0
154,3.396,3.396,816.382442,76,-0.2333297,0.155985,0.9806376,0.0379234,0.0850164,0.329709,7.6069421,24.1449012,39.7544966,255,255,0
154.05,3.466,3.466,817.462973,76.05,-0.2287672,0.1566459,0.9792827,0.0363898,0.0859022,0.328839,7.8342176,24.0917589,39.7428788,255,255,0
154.1,3.535,3.535,818.544665,76.1,-0.2245659,0.1569491,0.9779116,0.0348351,0.0867565,0.3279759,8.0578375,24.0321622,39.7345325,255,255,0
154.15,3.605,3.605,819.62752,76.15,-0.2211066,0.1571371,0.976526,0.0332598,0.087579,0.3271204,8.2777595,23.9661535,39.7294756,255,255,0
154.2,3.675,3.675,820.711538,76.2,-0.218719,0.1574548,0.9751273,0.0316642,0.0883695,0.3262729,8.493943,23.8937751,39.7277221,255,255,0
154.25,3.744,3.744,821.79672,76.25,-0.2176604,0.1581383,0.9737174,0.0300489,0.0891278,0.325434,8.70635,23.815069,39.7292817,255,255,0
154.3,3.814,3.814,822.883067,76.3,-0.2180985,0.1594036,0.9722977,0.0284141,0.0898538,0.3246044,8.9149442,23.7300769,39.7341603,255,255,0
154.35,3.883,3.883,823.970581,76.35,-0.2201014,0.1614373,0.97087,0.0267605,0.0905473,0.3237845,9.1196911,23.6388403,39.7423596,255,255,0
154.4,3.953,3.953,825.059262,76.4,-0.2236324,0.1643871,0.9694359,0.0250884,0.0912081,0.322975,9.3205586,23.5414001,39.7538773,255,255,0
154.45,4.023,4.023,826.149111,76.45,-0.2285528,0.1683556,0.967997,0.0233983,0.0918362,0.3221763,9.517516,23.4377967,39.7687073,255,255,0
154.5,4.092,4.092,827.240129,76.5,-0.2346306,0.1733951,0.9665552,0.0216907,0.0924315,0.3213889,9.7105347,23.3280701,39.7868391,255,255,0
154.55,4.162,4.162,828.332317,76.55,-0.2415558,0.1795053,0.965112,0.0199661,0.0929937,0.3206134,9.8995881,23.2122598,39.8082588,255,255,0
154.6,4.231,4.231,829.425676,76.6,-0.2489602,0.1866332,0.9636691,0.0182249,0.0935229,0.3198502,10.084651,23.0904046,39.8329482,255,255,0
154.65,4.301,4.301,830.520207,76.65,-0.2564412,0.1946754,0.9622283,0.0164677,0.094019,0.3190997,10.2657001,22.9625427,39.8608852,255,255,0
154.7,4.371,4.371,831.615911,76.7,-0.2635879,0.2034832,0.9607912,0.0146949,0.0944818,0.3183625,10.4427139,22.828712,39.8920441,255,255,0
154.75,4.44,4.44,832.712789,76.75,-0.2700077,0.2128688,0.9593596,0.012907,0.0949114,0.3176389,10.6156724,22.6889492,39.9263953,255,255,0
154.8,4.51,4.51,833.810842,76.8,-0.2753515,0.2226142,0.957935,0.0111046,0.0953077,0.3169293,10.7845573,22.5432909,39.9639053,255,255,0
154.85,4.579,4.579,834.910071,76.85,-0.2793365,0.2324812,0.9565192,0.0092883,0.0956707,0.3162341,10.9493519,22.3917727,40.0045371,255,255,0
154.9,4.649,4.649,836.010476,76.9,-0.2817643,0.2422223,0.9551138,0.0074584,0.0960003,0.3155537,11.1100409,22.2344299,40.0482498,255,255,0
154.95,4.719,4.719,837.11206,76.95,-0.2825338,0.251592,0.9537205,0.0056157,0.0962966,0.3148884,11.2666107,22.0712968,40.094999,255,255,0
155,4.788,4.788,838.214822,77,-0.2816477,0.2603581,0.9523409,0.0037605,0.0965596,0.3142385,11.4190489,21.9024073,40.1447368,255,255,0
155.05,4.858,4.858,839.318764,77.05,-0.2792125,0.2683123,0.9509766,0.0018936,0.0967892,0.3136045,11.5673447,21.7277948,40.1974116,255,255,0
155.1,4.927,4.927,840.423887,77.1,-0.2754311,0.2752796,0.9496294,0.0000153,0.0969854,0.3129864,11.7114886,21.5474918,40.2529685,255,255,0
155.15,4.997,4.997,841.530191,77.15,-0.2705904,0.2811267,0.9483006,-0.0018737,0.0971483,0.3123846,11.8514725,21.3615307,40.3113491,255,255,0
155.2,5.067,5.067,842.637678,77.2,-0.2650421,0.2857677,0.946992,-0.0037728,0.097278,0.3117994,11.9872895,21.169943,40.3724916,255,255,0
155.25,5.136,5.136,843.746348,77.25,-0.2591803,0.2891684,0.945705,-0.0056815,0.0973743,0.3112309,12.118934,20.9727599,40.436331,255,255,0
155.3,5.206,5.206,844.856204,77.3,-0.2534157,0.2913474,0.9444412,-0.0075991,0.0974375,0.3106794,12.2464015,20.7700123,40.5027991,255,255,0
155.35,5.276,5.276,845.967244,77.35,-0.2481496,0.2923755,0.9432021,-0.0095252,0.0974675,0.310145,12.369689,20.5617304,40.5718246,255,255,0
155.4,5.345,5.345,847.079472,77.4,-0.2437472,0.2923723,0.9419891,-0.011459,0.0974644,0.3096279,12.4887942,20.3479445,40.6433328,255,255,0
155.45,5.415,5.415,848.192887,77.45,-0.2405148,0.2915007,0.9408037,-0.0134001,0.0974282,0.3091283,12.6037163,20.1286843,40.7172463,255,255,0
155.5,5.484,5.484,849.30749,77.5,-0.238679,0.2899592,0.9396472,-0.0153478,0.097359,0.3086461,12.7144553,19.9039793,40.7934846,255,255,0
155.55,5.554,5.554,850.423283,77.55,-0.238373,0.2879732,0.9385211,-0.0173014,0.0972569,0.3081816,12.8210125,19.6738592,40.8719644,255,255,0
155.6,5.624,5.624,851.540266,77.6,-0.2396275,0.2857839,0.9374267,-0.0192605,0.0971219,0.3077348,12.9233898,19.4383532,40.9525995,255,255,0
155.65,5.693,5.693,852.658441,77.65,-0.2423687,0.2836377,0.9363652,-0.0212243,0.0969541,0.3073057,13.0215905,19.1974907,41.0353011,255,255,0
155.7,5.763,5.763,853.777808,77.7,-0.2464232,0.2817747,0.935338,-0.0231922,0.0967536,0.3068944,13.1156185,18.9513012,41.1199775,255,255,0
155.75,5.832,5.832,854.898369,77.75,-0.2515291,0.2804172,0.9343463,-0.0251637,0.0965204,0.3065009,13.205479,18.6998143,41.2065347,255,255,0
155.8,5.902,5.902,856.020124,77.8,-0.2573532,0.2797602,0.9333913,-0.0271381,0.0962547,0.306125,13.2911776,18.4430599,41.2948761,255,255,0
155.85,5.972,5.972,857.143074,77.85,-0.2635121,0.2799618,0.932474,-0.0291147,0.0959565,0.3057669,13.3727212,18.1810679,41.3849026,255,255,0
155.9,6.041,6.041,858.267221,77.9,-0.2695974,0.281136,0.9315957,-0.0310929,0.0956259,0.3054265,13.4501171,17.9138691,41.4765129,255,255,0
155.95,6.111,6.111,859.392565,77.95,-0.2752021,0.2833477,0.9307574,-0.0330721,0.095263,0.3051036,13.5233739,17.6414944,41.5696035,255,255,0
156,6.18,6.18,860.519107,78,-0.2799466,0.2866092,0.92996,-0.0350516,0.0948679,0.3047981,13.5925004,17.3639753,41.6640686,255,255,0
156.05,6.25,6.25,861.646848,78.05,-0.2835035,0.2908802,0.9292045,-0.0370309,0.0944407,0.30451,13.6575067,17.0813441,41.7598004,255,255,0
156.1,6.32,6.32,862.77579,78.1,-0.2856187,0.2960692,0.928492,-0.0390091,0.0939815,0.3042391,13.7184033,16.7936339,41.8566892,255,255,0
156.15,6.389,6.389,863.905933,78.15,-0.2861281,0.3020377,0.9278231,-0.0409858,0.0934904,0.3039852,13.7752014,16.5008783,41.9546233,255,255,0
156.2,6.459,6.459,865.037278,78.2,-0.2849676,0.3086068,0.9271989,-0.0429601,0.0929675,0.3037481,13.8279131,16.2031122,42.0534893,255,255,0
156.25,6.529,6.529,866.169827,78.25,-0.2821779,0.3155652,0.9266199,-0.0449316,0.0924128,0.3035276,13.876551,15.9003714,42.1531723,255,255,0
156.3,6.598,6.598,867.303579,78.3,-0.2779017,0.3226792,0.926087,-0.0468994,0.0918266,0.3033235,13.9211283,15.5926927,42.2535555,255,255,0
156.35,6.668,6.668,868.438537,78.35,-0.272374,0.329703,0.9256008,-0.0488631,0.0912088,0.3031355,13.9616592,15.2801143,42.3545208,255,255,0
156.4,6.737,6.737,869.574701,78.4,-0.2659078,0.3363904,0.925162,-0.0508218,0.0905597,0.3029634,13.998158,14.9626756,42.4559487,255,255,0
156.45,6.807,6.807,870.712072,78.45,-0.2588729,0.3425058,0.924771,-0.0527749,0.0898793,0.3028069,14.0306399,14.6404175,42.5577185,255,255,0
156.5,6.877,6.877,871.850651,78.5,-0.2516728,0.3478354,0.9244285,-0.0547219,0.0891678,0.3026656,14.0591208,14.3133822,42.6597084,255,255,0
156.55,6.946,6.946,872.99044,78.55,-0.2447181,0.3521967,0.9241347,-0.0566619,0.0884252,0.3025393,14.0836169,13.9816137,42.7617954,255,255,0
156.6,7.016,7.016,874.131438,78.6,-0.2384001,0.355447,0.9238903,-0.0585944,0.0876518,0.3024277,14.1041452,13.6451575,42.8638556,255,255,0
156.65,7.085,7.085,875.273648,78.65,-0.2330657,0.3574899,0.9236954,-0.0605186,0.0868475,0.3023302,14.1207231,13.304061,42.9657644,255,255,0
156.7,7.155,7.155,876.417069,78.7,-0.2289946,0.35828,0.9235504,-0.062434,0.0860126,0.3022467,14.1333687,12.9583735,43.0673964,255,255,0
156.75,7.225,7.225,877.561704,78.75,-0.2263816,0.3578245,0.9234554,-0.0643398,0.0851472,0.3021766,14.1421005,12.6081459,43.1686259,255,255,0
156.8,7.294,7.294,878.707553,78.8,-0.2253238,0.3561834,0.9234108,-0.0662354,0.0842514,0.3021196,14.1469377,12.2534316,43.2693264,255,255,0
156.85,7.364,7.364,879.854617,78.85,-0.2258143,0.3534661,0.9234165,-0.0681201,0.0833254,0.3020752,14.1478998,11.8942856,43.3693712,255,255,0
156.9,7.434,7.434,881.002897,78.9,-0.2277427,0.349827,0.9234726,-0.0699932,0.0823693,0.3020431,14.145007,11.5307656,43.4686335,255,255,0
156.95,7.503,7.503,882.152394,78.95,-0.2309025,0.3454579,0.9235791,-0.0718542,0.0813833,0.3020226,14.1382801,11.162931,43.5669864,255,255,0
157,7.573,7.573,883.303109,79,-0.2350041,0.3405794,0.923736,-0.0737023,0.0803674,0.3020135,14.1277403,10.790844,43.6643031,255,255,0
157.05,7.642,7.642,884.455043,79.05,-0.2396937,0.3354306,0.9239431,-0.0755369,0.079322,0.3020151,14.1134092,10.4145689,43.7604568,255,255,0
157.1,7.712,7.712,885.608197,79.1,-0.2445763,0.3302582,0.9242002,-0.0773573,0.0782471,0.302027,14.0953091,10.0341725,43.8553214,255,255,0
157.15,7.782,7.782,886.762572,79.15,-0.2492411,0.325305,0.9245071,-0.0791629,0.077143,0.3020487,14.0734628,9.6497242,43.9487708,255,255,0
157.2,7.851,7.851,887.918169,79.2,-0.253288,0.3207988,0.9248636,-0.080953,0.0760098,0.3020796,14.0478936,9.261296,44.04068,255,255,0
157.25,7.921,7.921,889.074989,79.25,-0.256354,0.3169419,0.9252691,-0.0827269,0.0748477,0.3021193,14.0186253,8.8689623,44.1309245,255,255,0
157.3,7.99,7.99,890.233033,79.3,-0.258136,0.3139018,0.9257234,-0.0844841,0.0736568,0.3021671,13.9856821,8.4728003,44.2193806,255,255,0
157.35,8.06,8.06,891.392302,79.35,-0.258411,0.3118033,0.9262259,-0.0862239,0.0724375,0.3022225,13.9490889,8.07289,44.3059257,255,255,0
157.4,8.13,8.13,892.552797,79.4,-0.2570501,0.3107231,0.926776,-0.0879456,0.0711899,0.3022849,13.908871,7.6693141,44.3904386,255,255,0
157.45,8.199,8.199,893.714519,79.45,-0.2540272,0.3106858,0.9273733,-0.0896486,0.0699143,0.3023538,13.8650544,7.262158,44.4727992,255,255,0
157.5,8.269,8.269,894.877469,79.5,-0.2494206,0.3116633,0.9280171,-0.0913322,0.0686109,0.3024285,13.8176654,6.8515099,44.5528888,255,255,0
157.55,8.339,8.339,896.041648,79.55,-0.2434077,0.3135755,0.9287065,-0.0929959,0.0672798,0.3025085,13.7667309,6.4374609,44.6305905,255,255,0
157.6,8.408,8.408,897.207057,79.6,-0.236254,0.3162945,0.929441,-0.0946391,0.0659214,0.3025932,13.7122784,6.0201049,44.705789,255,255,0
157.65,8.478,8.478,898.373697,79.65,-0.2282956,0.3196502,0.9302196,-0.096261,0.064536,0.3026819,13.6543359,5.5995388,44.7783711,255,255,0
157.7,8.547,8.547,899.541569,79.7,-0.2199177,0.3234382,0.9310414,-0.0978611,0.0631238,0.302774,13.5929319,5.1758622,44.8482254,255,255,0
157.75,8.617,8.617,900.710674,79.75,-0.2115297,0.3274294,0.9319056,-0.0994387,0.061685,0.302869,13.5280956,4.7491775,44.9152428,255,255,0
157.8,8.687,8.687,901.881013,79.8,-0.2035384,0.33138,0.9328112,-0.1009934,0.0602201,0.3029661,13.4598564,4.3195901,44.9793167,255,255,0
157.85,8.756,8.756,903.052587,79.85,-0.1963222,0.3350434,0.933757,-0.1025244,0.0587292,0.3030647,13.3882446,3.8872083,45.0403427,255,255,0
157.9,8.826,8.826,904.225397,79.9,-0.1902064,0.3381813,0.9347421,-0.1040312,0.0572128,0.3031643,13.3132909,3.4521429,45.0982192,255,255,0
157.95,8.896,8.896,905.399444,79.95,-0.1854423,0.3405744,0.9357652,-0.1055132,0.0556711,0.3032641,13.2350266,3.014508,45.1528473,255,255,0
158,8.965,8.965,906.574729,80,-0.1821907,0.3420329,0.9368253,-0.1069697,0.0541045,0.3033636,13.1534836,2.5744199,45.2041311,255,255,0
158.05,9.035,9.035,907.751254,80.05,-0.1805121,0.3424051,0.9379209,-0.1084004,0.0525133,0.303462,13.0686942,2.131998,45.2519776,255,255,0
158.1,9.104,9.104,908.929018,80.1,-0.1803619,0.3415843,0.9390509,-0.1098044,0.050898,0.3035588,12.9806915,1.6873642,45.2962972,255,255,0
158.15,9.174,9.174,910.108023,80.15,-0.1815945,0.3395138,0.9402139,-0.1111814,0.0492588,0.3036532,12.889509,1.2406433,45.3370035,255,255,0
158.2,9.244,9.244,911.28827,80.2,-0.1839717,0.3361897,0.9414085,-0.1125307,0.0475963,0.3037447,12.7951808,0.7919623,45.3740134,255,255,0
158.25,9.313,9.313,912.46976,80.25,-0.1871785,0.3316608,0.9426333,-0.1138519,0.0459108,0.3038327,12.6977416,0.3414509,45.4072477,255,255,0
158.3,9.383,9.383,913.652494,80.3,-0.190844,0.3260265,0.9438869,-0.1151443,0.0442028,0.3039163,12.5972268,-0.1107588,45.4366308,255,255,0
158.35,9.453,9.453,914.836473,80.35,-0.1945644,0.3194321,0.9451676,-0.1164074,0.0424726,0.3039952,12.4936722,-0.5645322,45.4620908,255,255,0
158.4,9.522,9.522,916.021699,80.4,-0.1979302,0.3120626,0.946474,-0.1176407,0.0407208,0.3040685,12.3871142,-1.0197325,45.4835598,255,255,0
158.45,9.592,9.592,917.208171,80.45,-0.2005519,0.3041335,0.9478045,-0.1188438,0.0389479,0.3041357,12.27759,-1.4762209,45.5009742,255,255,0
158.5,9.661,9.661,918.395892,80.5,-0.2020857,0.2958815,0.9491574,-0.120016,0.0371542,0.3041962,12.1651371,-1.9338561,45.5142743,255,255,0
158.55,9.731,9.731,919.584861,80.55,-0.2022558,0.2875533,0.9505311,-0.1211569,0.0353404,0.3042493,12.0497937,-2.3924952,45.5234049,255,255,0
158.6,9.801,9.801,920.775081,80.6,-0.2008717,0.2793943,0.9519239,-0.122266,0.0335069,0.3042944,11.9315986,-2.8519932,45.5283151,255,255,0
158.65,9.87,9.87,921.966552,80.65,-0.1978413,0.2716374,0.953334,-0.1233428,0.0316544,0.304331,11.8105913,-3.3122031,45.5289585,255,255,0
158.7,9.94,9.94,923.159274,80.7,-0.1931764,0.2644923,0.9547598,-0.1243869,0.0297832,0.3043585,11.6868116,-3.7729767,45.5252933,255,255,0
158.75,10.01,10.01,924.35325,80.75,-0.1869923,0.2581359,0.9561994,-0.1253977,0.0278941,0.3043762,11.5603001,-4.2341638,45.5172825,255,255,0
158.8,10.079,10.079,925.548481,80.8,-0.1794998,0.2527041,0.957651,-0.1263749,0.0259875,0.3043837,11.431098,-4.695613,45.5048935,255,255,0
158.85,10.149,10.149,926.744966,80.85,-0.1709926,0.2482856,0.9591128,-0.1273179,0.0240642,0.3043802,11.2992468,-5.1571714,45.4880991,255,255,0
158.9,10.218,10.218,927.942708,80.9,-0.1618271,0.2449178,0.960583,-0.1282264,0.0221246,0.3043654,11.1647888,-5.6186852,45.4668764,255,255,0
158.95,10.288,10.288,929.141706,80.95,-0.1524007,0.2425853,0.9620597,-0.1290999,0.0201695,0.3043387,11.0277668,-6.0799993,45.441208,255,255,0
159,10.358,10.358,930.341963,81,-0.143125,0.2412206,0.963541,-0.1299381,0.0181994,0.3042996,10.8882242,-6.5409578,45.4110812,255,255,0
159.05,10.427,10.427,931.543479,81.05,-0.1343998,0.240707,0.965025,-0.1307404,0.0162151,0.3042475,10.7462049,-7.001404,45.3764885,255,255,0
159.1,10.497,10.497,932.746256,81.1,-0.1265875,0.2408844,0.9665098,-0.1315066,0.0142172,0.3041819,10.6017533,-7.4611806,45.3374275,255,255,0
159.15,10.567,10.567,933.950293,81.15,-0.119989,0.2415564,0.9679935,-0.1322362,0.0122064,0.3041025,10.4549143,-7.9201299,45.2939009,255,255,0
159.2,10.636,10.636,935.155593,81.2,-0.1148248,0.2424995,0.9694742,-0.1329289,0.0101833,0.3040087,10.3057335,-8.3780937,45.2459168,255,255,0
159.25,10.706,10.706,936.362157,81.25,-0.1112208,0.2434736,0.97095,-0.1335843,0.0081488,0.3039002,10.1542569,-8.8349138,45.1934883,255,255,0
159.3,10.775,10.775,937.569984,81.3,-0.1092,0.244233,0.9724188,-0.134202,0.0061036,0.3037764,10.0005309,-9.290432,45.1366338,255,255,0
159.35,10.845,10.845,938.779077,81.35,-0.108681,0.2445375,0.9738789,-0.1347817,0.0040483,0.3036371,9.8446025,-9.74449,45.0753769,255,255,0
159.4,10.915,10.915,939.989436,81.4,-0.1094835,0.2441641,0.9753283,-0.1353232,0.0019838,0.3034817,9.6865192,-10.1969301,45.0097466,255,255,0
159.45,10.984,10.984,941.201063,81.45,-0.11134,0.2429168,0.976765,-0.135826,-0.0000892,0.3033101,9.5263289,-10.6475949,44.9397768,255,255,0
159.5,11.054,11.054,942.413958,81.5,-0.1139129,0.240636,0.9781872,-0.1362899,-0.0021698,0.3031218,9.3640799,-11.0963276,44.865507,255,255,0
159.55,11.124,11.124,943.628122,81.55,-0.1168169,0.2372057,0.979593,-0.1367146,-0.0042575,0.3029165,9.199821,-11.5429722,44.7869816,255,255,0
159.6,11.193,11.193,944.843557,81.6,-0.1196432,0.2325592,0.9809804,-0.1370998,-0.0063512,0.3026939,9.0336014,-11.9873736,44.7042503,255,255,0
159.65,11.263,11.263,946.060263,81.65,-0.1219867,0.2266818,0.9823477,-0.1374452,-0.0084502,0.3024537,8.8654708,-12.4293777,44.6173677,255,255,0
159.7,11.332,11.332,947.278242,81.7,-0.1234719,0.219612,0.983693,-0.1377506,-0.0105537,0.3021958,8.695479,-12.8688319,44.5263939,255,255,0
159.75,11.402,11.402,948.497494,81.75,-0.1237773,0.2114398,0.9850145,-0.1380157,-0.0126609,0.3019199,8.5236765,-13.3055847,44.4313936,255,255,0
159.8,11.472,11.472,949.718021,81.8,-0.1226561,0.2023021,0.9863103,-0.1382404,-0.0147708,0.3016258,8.3501138,-13.7394863,44.3324366,255,255,0
159.85,11.541,11.541,950.939824,81.85,-0.1199525,0.192377,0.9875788,-0.1384243,-0.0168828,0.3013133,8.1748421,-14.1703884,44.2295976,255,255,0
159.9,11.611,11.611,952.162903,81.9,-0.1156116,0.1818756,0.9888181,-0.1385673,-0.0189958,0.3009822,7.9979126,-14.5981447,44.1229561,255,255,0
159.95,11.681,11.681,953.387259,81.95,-0.1096831,0.1710321,0.9900266,-0.1386692,-0.0211091,0.3006325,7.819377,-15.0226108,44.0125964,255,255,0
160,11.75,11.75,954.612895,82,-0.1023181,0.1600936,0.9912027,-0.13873,-0.0232218,0.3002641,7.6392869,-15.4436444,43.8986072,255,255,0
160.05,11.783,11.783,955.185296,82.03,-0.0937567,0.1493029,0.9923456,-0.1389558,-0.0254371,0.2998932,7.4577828,-15.8612975,43.7808607,255,255,0
160.1,11.815,11.815,955.757975,82.06,-0.0843154,0.1388939,0.9934546,-0.1391141,-0.0276381,0.2994998,7.2750251,-16.275668,43.6594795,255,255,0
160.15,11.848,11.848,956.330934,82.09,-0.0743695,0.1290849,0.9945277,-0.1392048,-0.0298236,0.299084,7.0910347,-16.6865617,43.5345825,255,255,0
160.2,11.88,11.88,956.904172,82.12,-0.0643252,0.1200637,0.9955629,-0.1392278,-0.0319922,0.298646,6.905833,-17.0937872,43.4062941,255,255,0
160.25,11.913,11.913,957.477688,82.15,-0.0545939,0.1119787,0.9965584,-0.1391829,-0.0341427,0.2981861,6.7194417,-17.4971561,43.2747451,255,255,0
160.3,11.945,11.945,958.051484,82.18,-0.0455659,0.1049324,0.9975124,-0.1390703,-0.0362739,0.2977047,6.5318829,-17.8964835,43.1400717,255,255,0
160.35,11.978,11.978,958.62556,82.21,-0.0375848,0.0989766,0.9984232,-0.13889,-0.0383844,0.297202,6.343179,-18.2915881,43.0024157,255,255,0
160.4,12.01,12.01,959.199914,82.24,-0.0309254,0.0941106,0.9992894,-0.1386421,-0.040473,0.2966786,6.1533528,-18.6822922,42.8619243,255,255,0
160.45,12.043,12.043,959.774549,82.27,-0.0257766,0.0902811,1.0001094,-0.1383266,-0.0425386,0.2961348,5.9624274,-19.0684222,42.7187494,255,255,0
160.5,12.075,12.075,960.349462,82.3,-0.0222285,0.0873848,1.0008818,-0.1379439,-0.0445799,0.2955711,5.7704262,-19.4498085,42.573048,255,255,0
160.55,12.108,12.108,960.924656,82.33,-0.0202673,0.0852734,1.0016053,-0.1374941,-0.0465958,0.2949882,5.5773728,-19.8262859,42.4249816,255,255,0
160.6,12.14,12.14,961.500129,82.36,-0.019776,0.0837607,1.0022789,-0.1369775,-0.0485851,0.2943866,5.3832911,-20.1976935,42.2747157,255,255,0
160.65,12.173,12.173,962.075883,82.39,-0.0205421,0.0826311,1.0029013,-0.1363944,-0.0505466,0.2937668,5.1882053,-20.563875,42.1224201,255,255,0
160.7,12.205,12.205,962.651916,82.42,-0.0222714,0.0816499,1.0034718,-0.1357451,-0.0524793,0.2931297,4.9921398,-20.924679,41.9682681,255,255,0
160.75,12.238,12.238,963.22823,82.45,-0.0246073,0.0805744,1.0039894,-0.13503,-0.0543821,0.2924759,4.7951191,-21.2799585,41.8124365,255,255,0
160.8,12.27,12.27,963.804823,82.48,-0.0271538,0.0791648,1.0044534,-0.1342496,-0.0562539,0.2918061,4.5971679,-21.6295717,41.6551053,255,255,0
160.85,12.303,12.303,964.381698,82.51,-0.0295013,0.0771958,1.0048632,-0.1334042,-0.0580937,0.2911211,4.3983111,-21.9733817,41.4964571,255,255,0
160.9,12.335,12.335,964.958852,82.54,-0.0312532,0.0744671,1.0052183,-0.1324945,-0.0599005,0.2904217,4.1985738,-22.3112565,41.3366771,255,255,0
160.95,12.368,12.368,965.536287,82.57,-0.0320515,0.0708126,1.0055184,-0.131521,-0.0616735,0.2897088,3.9979809,-22.6430694,41.1759529,255,255,0
161,12.4,12.4,966.114003,82.6,-0.0316002,0.0661086,1.005763,-0.1304841,-0.0634115,0.2889832,3.7965577,-22.9686986,41.0144736,255,255,0
161.05,12.433,12.433,966.692,82.63,-0.0296845,0.0602791,1.0059522,-0.1293846,-0.0651138,0.2882457,3.5943295,-23.2880275,40.8524302,255,255,0
161.1,12.465,12.465,967.270277,82.66,-0.0261849,0.0533001,1.0060858,-0.1282232,-0.0667795,0.2874975,3.3913213,-23.6009446,40.6900148,255,255,0
161.15,12.498,12.498,967.848836,82.69,-0.0210848,0.0452004,1.006164,-0.1270004,-0.0684078,0.2867392,3.1875587,-23.9073438,40.5274205,255,255,0
161.2,12.53,12.53,968.427675,82.72,-0.0144718,0.0360608,1.0061868,-0.125717,-0.0699979,0.285972,2.9830667,-24.2071238,40.3648408,255,255,0
161.25,12.563,12.563,969.006796,82.75,-0.0065321,0.0260104,1.0061547,-0.1243738,-0.0715491,0.2851968,2.7778706,-24.5001885,40.2024697,255,255,0
161.3,12.595,12.595,969.586198,82.78,0.0024613,0.0152205,1.006068,-0.1229715,-0.0730606,0.2844146,2.5719956,-24.7864469,40.0405012,255,255,0
161.35,12.628,12.628,970.165882,82.81,0.0121665,0.0038977,1.0059273,-0.1215111,-0.0745318,0.2836263,2.3654668,-25.0658128,39.8791288,255,255,0
161.4,12.66,12.66,970.745847,82.84,0.0221943,-0.0077264,1.005733,-0.1199933,-0.0759621,0.2828331,2.1583092,-25.3382051,39.7185455,255,255,0
161.45,12.693,12.693,971.326093,82.87,0.0321337,-0.0194049,1.0054861,-0.1184191,-0.0773509,0.2820359,1.9505476,-25.6035476,39.5589431,255,255,0
161.5,12.725,12.725,971.906622,82.9,0.0415779,-0.0308874,1.0051873,-0.1167894,-0.0786977,0.2812357,1.7422068,-25.8617685,39.4005125,255,255,0
161.55,12.758,12.758,972.487432,82.93,0.0501511,-0.0419308,1.0048376,-0.1151051,-0.0800019,0.2804337,1.5333115,-26.112801,39.2434426,255,255,0
161.6,12.79,12.79,973.068524,82.96,0.0575322,-0.0523108,1.0044379,-0.1133673,-0.081263,0.2796308,1.3238861,-26.3565827,39.0879209,255,255,0
161.65,12.823,12.823,973.649898,82.99,0.0634757,-0.061832,1.0039894,-0.1115769,-0.0824807,0.2788281,1.1139548,-26.5930555,38.9341324,255,255,0
161.7,12.855,12.855,974.231555,83.02,0.0678277,-0.0703366,1.0034932,-0.109735,-0.0836546,0.2780266,0.9035418,-26.8221657,38.7822598,255,255,0
161.75,12.888,12.888,974.813493,83.05,0.0705353,-0.0777113,1.0029508,-0.1078426,-0.0847843,0.2772273,0.692671,-27.0438638,38.632483,255,255,0
161.8,12.92,12.92,975.395714,83.08,0.0716502,-0.0838929,1.0023634,-0.105901,-0.0858695,0.2764313,0.481366,-27.2581041,38.4849792,255,255,0
161.85,12.953,12.953,975.978217,83.11,0.0713255,-0.0888708,1.0017325,-0.1039112,-0.08691,0.2756397,0.2696503,-27.4648451,38.3399221,255,255,0
161.9,12.985,12.985,976.561003,83.14,0.0698053,-0.092687,1.0010597,-0.1018743,-0.0879055,0.2748533,0.0575472,-27.6640487,38.1974819,255,255,0
161.95,13.018,13.018,977.144072,83.17,0.067409,-0.0954346,1.0003465,-0.0997916,-0.0888559,0.2740732,-0.1549203,-27.8556804,38.0578253,255,255,0
162,13.05,13.05,977.727423,83.2,0.0645105,-0.0972532,0.9995946,-0.0976643,-0.0897609,0.2733003,-0.3677294,-28.0397093,37.9211149,255,255,0
162.05,13.083,13.083,978.311058,83.23,0.0615143,-0.0983219,0.9988057,-0.0954935,-0.0906205,0.2725358,-0.5808574,-28.2161074,37.787509,255,255,0
162.1,13.115,13.115,978.894975,83.26,0.0588288,-0.0988517,0.9979816,-0.0932806,-0.0914346,0.2717804,-0.7942822,-28.3848501,37.6571616,255,255,0
162.15,13.148,13.148,979.479175,83.29,0.0568399,-0.0990748,0.9971242,-0.0910268,-0.0922032,0.2710351,-1.0079816,-28.5459154,37.5302222,255,255,0
162.2,13.18,13.18,980.063659,83.32,0.0558862,-0.0992346,0.9962353,-0.0887334,-0.0929262,0.2703008,-1.2219336,-28.6992843,37.4068354,255,255,0
162.25,13.213,13.213,980.648426,83.35,0.0562369,-0.0995737,0.9953168,-0.0864017,-0.0936036,0.2695784,-1.4361167,-28.84494,37.2871405,255,255,0
162.3,13.245,13.245,981.233476,83.38,0.0580744,-0.100323,0.9943708,-0.0840331,-0.0942356,0.2688688,-1.6505094,-28.9828684,37.1712722,255,255,0
162.35,13.278,13.278,981.81881,83.41,0.0614821,-0.1016908,0.9933992,-0.0816289,-0.0948222,0.2681727,-1.8650905,-29.1130575,37.0593593,255,255,0
162.4,13.31,13.31,982.404427,83.44,0.0664393,-0.1038532,0.992404,-0.0791905,-0.0953636,0.2674911,-2.0798389,-29.2354974,36.9515254,255,255,0
162.45,13.343,13.343,982.990329,83.47,0.0728226,-0.1069458,0.9913873,-0.0767193,-0.0958598,0.2668246,-2.2947338,-29.35018,36.8478883,255,255,0
162.5,13.375,13.375,983.576514,83.5,0.0804133,-0.1110573,0.9903511,-0.0742167,-0.0963111,0.266174,-2.5097546,-29.457099,36.74856,255,255,0
162.55,13.408,13.408,984.162982,83.53,0.0889118,-0.1162256,0.9892977,-0.071684,-0.0967177,0.26554,-2.7248806,-29.5562497,36.6536467,255,255,0
162.6,13.44,13.44,984.749735,83.56,0.0979571,-0.1224356,0.988229,-0.0691228,-0.0970798,0.2649234,-2.9400917,-29.6476289,36.5632483,255,255,0
162.65,13.473,13.473,985.336773,83.59,0.1071496,-0.1296199,0.9871471,-0.0665345,-0.0973976,0.2643246,-3.1553675,-29.7312344,36.4774587,255,255,0
162.7,13.505,13.505,985.924094,83.62,0.1160774,-0.1376621,0.9860543,-0.0639205,-0.0976715,0.2637445,-3.3706878,-29.8070656,36.3963654,255,255,0
162.75,13.538,13.538,986.5117,83.65,0.1243426,-0.1464017,0.9849525,-0.0612824,-0.0979017,0.2631835,-3.5860328,-29.8751224,36.3200498,255,255,0
162.8,13.57,13.57,987.09959,83.68,0.1315868,-0.1556416,0.9838439,-0.0586215,-0.0980886,0.2626422,-3.8013824,-29.9354061,36.2485864,255,255,0
162.85,13.603,13.603,987.687765,83.71,0.1375148,-0.1651571,0.9827305,-0.0559394,-0.0982326,0.2621211,-4.0167167,-29.9879184,36.1820435,255,255,0
162.9,13.635,13.635,988.276224,83.74,0.1419131,-0.1747062,0.9816145,-0.0532376,-0.0983339,0.2616207,-4.2320158,-30.0326618,36.1204828,255,255,0
162.95,13.668,13.668,988.864969,83.77,0.144664,-0.1840406,0.9804978,-0.0505176,-0.098393,0.2611414,-4.4472599,-30.0696393,36.0639592,255,255,0
163,13.7,13.7,989.453998,83.8,0.1457528,-0.192917,0.9793826,-0.0477808,-0.0984102,0.2606836,-4.6624289,-30.0988546,36.012521,255,255,0
163.05,13.733,13.733,990.043312,83.83,0.1452693,-0.2011085,0.9782707,-0.045029,-0.0983861,0.2602477,-4.8775029,-30.1203114,35.9662097,255,255,0
163.1,13.765,13.765,990.632911,83.86,0.1434012,-0.2084148,0.9771643,-0.0422634,-0.098321,0.259834,-5.0924618,-30.134014,35.9250601,255,255,0
163.15,13.798,13.798,991.222796,83.89,0.1404227,-0.2146713,0.9760651,-0.0394857,-0.0982154,0.2594429,-5.3072855,-30.1399668,35.8891001,255,255,0
163.2,13.83,13.83,991.812966,83.92,0.136676,-0.2197571,0.9749751,-0.0366975,-0.0980698,0.2590744,-5.5219537,-30.1381745,35.8583509,255,255,0
163.25,13.863,13.863,992.403421,83.95,0.1325497,-0.2235998,0.9738962,-0.0339001,-0.0978845,0.258729,-5.7364458,-30.1286417,35.8328268,255,255,0
163.3,13.895,13.895,992.994162,83.98,0.1284533,-0.2261793,0.9728302,-0.0310953,-0.0976602,0.2584067,-5.9507412,-30.1113732,35.8125354,255,255,0
163.35,13.928,13.928,993.585188,84.01,0.1247909,-0.2275287,0.9717788,-0.0282844,-0.0973973,0.2581077,-6.1648189,-30.0863739,35.7974775,255,255,0
163.4,13.96,13.96,994.1765,84.04,0.1219348,-0.2277324,0.9707437,-0.0254691,-0.0970964,0.2578321,-6.3786577,-30.0536488,35.787647,255,255,0
163.45,13.993,13.993,994.768098,84.07,0.1202017,-0.2269225,0.9697266,-0.0226508,-0.0967578,0.2575799,-6.5922362,-30.0132027,35.7830312,255,255,0
163.5,14.025,14.025,995.359982,84.1,0.1198318,-0.2252727,0.9687291,-0.0198312,-0.0963823,0.2573513,-6.8055324,-29.9650406,35.7836105,255,255,0
163.55,14.058,14.058,995.952152,84.13,0.1209737,-0.22299,0.9677528,-0.0170117,-0.0959703,0.2571462,-7.0185243,-29.9091674,35.7893589,255,255,0
163.6,14.09,14.09,996.544608,84.16,0.1236743,-0.2203054,0.9667991,-0.0141938,-0.0955223,0.2569645,-7.2311893,-29.8455881,35.8002435,255,255,0
163.65,14.123,14.123,997.137351,84.19,0.1278761,-0.2174632,0.9658694,-0.0113791,-0.095039,0.2568063,-7.4435042,-29.7743079,35.816225,255,255,0
163.7,14.155,14.155,997.73038,84.22,0.1334207,-0.2147096,0.9649651,-0.0085691,-0.0945208,0.2566714,-7.6554457,-29.6953319,35.8372575,255,255,0
163.75,14.188,14.188,998.323695,84.25,0.1400593,-0.2122816,0.9640876,-0.0057653,-0.0939683,0.2565596,-7.8669898,-29.6086655,35.8632889,255,255,0
163.8,14.22,14.22,998.917297,84.28,0.1474682,-0.210396,0.9632379,-0.0029691,-0.0933822,0.2564708,-8.0781119,-29.5143142,35.8942604,255,255,0
163.85,14.253,14.253,999.511186,84.31,0.1552705,-0.209239,0.9624174,-0.0001821,-0.0927629,0.2564049,-8.2887871,-29.4122838,35.9301073,255,255,0
163.9,14.285,14.285,1000.10536,84.34,0.1630597,-0.2089585,0.961627,0.0025943,-0.0921111,0.2563615,-8.4989896,-29.3025805,35.9707585,255,255,0
163.95,14.318,14.318,1000.69982,84.37,0.1704267,-0.2096565,0.9608678,0.0053585,-0.0914273,0.2563405,-8.7086932,-29.1852108,36.016137,255,255,0
164,14.35,14.35,1001.29457,84.4,0.1769855,-0.2113847,0.9601408,0.0081093,-0.0907121,0.2563416,-8.917871,-29.0601819,36.0661597,255,255,0
164.05,14.383,14.383,1001.88961,84.43,0.1823989,-0.2141422,0.9594467,0.010845,-0.0899661,0.2563643,-9.1264954,-28.9275013,36.1207377,255,255,0
164.1,14.415,14.415,1002.48493,84.46,0.1863997,-0.2178755,0.9587865,0.0135642,-0.08919,0.2564086,-9.3345381,-28.7871774,36.1797766,255,255,0
164.15,14.448,14.448,1003.08054,84.49,0.1888083,-0.2224808,0.9581608,0.0162657,-0.0883842,0.2564738,-9.54197,-28.6392194,36.2431762,255,255,0
164.2,14.48,14.48,1003.67644,84.52,0.1895442,-0.2278091,0.9575703,0.0189479,-0.0875495,0.2565598,-9.7487614,-28.4836373,36.3108308,255,255,0
164.25,14.513,14.513,1004.27263,84.55,0.1886314,-0.2336729,0.9570156,0.0216094,-0.0866864,0.256666,-9.9548816,-28.3204421,36.3826296,255,255,0
164.3,14.545,14.545,1004.8691,84.58,0.1861966,-0.239855,0.9564972,0.024249,-0.0857955,0.2567921,-10.1602992,-28.1496461,36.4584567,255,255,0
164.35,14.578,14.578,1005.46586,84.61,0.182461,-0.2461182,0.9560155,0.0268652,-0.0848774,0.2569375,-10.364982,-27.9712628,36.538191,255,255,0
164.4,14.61,14.61,1006.06291,84.64,0.1777263,-0.2522166,0.9555709,0.0294568,-0.0839328,0.257102,-10.5688969,-27.7853071,36.6217068,255,255,0
164.45,14.643,14.643,1006.66025,84.67,0.1723547,-0.2579068,0.9551636,0.0320223,-0.0829622,0.2572849,-10.7720098,-27.5917952,36.7088735,255,255,0
164.5,14.675,14.675,1007.25788,84.7,0.1667462,-0.2629592,0.954794,0.0345606,-0.0819663,0.2574857,-10.974286,-27.3907454,36.7995563,255,255,0
164.55,14.708,14.708,1007.85579,84.73,0.1613119,-0.2671684,0.954462,0.0370704,-0.0809457,0.257704,-11.1756896,-27.1821773,36.8936161,255,255,0
164.6,14.74,14.74,1008.45399,84.76,0.1564482,-0.270363,0.9541679,0.0395503,-0.0799011,0.2579393,-11.3761838,-26.966113,36.9909094,255,255,0
164.65,14.773,14.773,1009.05248,84.79,0.1525105,-0.2724135,0.9539116,0.0419992,-0.078833,0.2581909,-11.575731,-26.7425761,37.0912892,255,255,0
164.7,14.805,14.805,1009.65126,84.82,0.1497908,-0.2732378,0.9536931,0.0444158,-0.0777421,0.2584583,-11.7742925,-26.5115928,37.1946047,255,255,0
164.75,14.838,14.838,1010.25033,84.85,0.1484985,-0.2728058,0.9535123,0.0467991,-0.076629,0.2587411,-11.9718287,-26.2731915,37.3007016,255,255,0
164.8,14.87,14.87,1010.84969,84.88,0.1487474,-0.2711409,0.9533714,0.0491477,-0.0754944,0.2590385,-12.1682991,-26.0274031,37.4094223,255,255,0
164.85,14.903,14.903,1011.44933,84.91,0.1505721,-0.268353,0.953405,0.0514606,-0.0743388,0.25935,-12.3636619,-25.7742612,37.5206062,255,255,0
164.9,14.935,14.935,1012.04926,84.94,0.1545783,-0.2655603,0.9574401,0.0537367,-0.0731631,0.2596751,-12.5578746,-25.5138021,37.6340901,255,255,0
164.95,14.968,14.968,1012.64949,84.97,0.1708255,-0.2774586,1.0214674,0.0559749,-0.0719677,0.2600132,-12.7508937,-25.2460649,37.7497078,255,255,0
165,15,15,1013.25,85,0.2724124,-0.4078747,1.5458075,0.0581739,-0.0707531,0.2603623,-12.9426744,-24.9710918,37.8672913,0,255,0
165.05,15,15,1013.25,85.012,0.6784891,-0.9654373,3.7269548,0.0598568,-0.068849,0.2581261,-13.1321724,-24.6901783,37.9860651,0,255,0
165.1,15,15,1013.25,85.046,1.4604944,-2.0474151,7.9558781,0.0615025,-0.0669367,0.2559232,-13.3184899,-24.40478,38.1054398,0,255,0
165.15,15,15,1013.25,85.102,1.9312282,-2.6866458,10.4898496,0.0631107,-0.0650178,0.2537537,-13.5017094,-24.1150054,38.2252581,0,255,0
165.2,15,15,1013.25,85.178,1.4723094,-2.0242076,7.9592923,0.0646807,-0.0630937,0.2516161,-13.6819113,-23.8209633,38.345365,0,255,0
165.25,15,15,1013.25,85.275,0.7014919,-0.9335212,3.7301489,0.066212,-0.0611655,0.2495091,-13.859174,-23.5227625,38.4656073,0,255,0
165.3,15,15,1013.25,85.392,0.3051349,-0.3719975,1.5477895,0.067704,-0.0592344,0.2474314,-14.033574,-23.2205124,38.5858343,0,255,0
165.35,15,15,1013.25,85.527,0.2110804,-0.2351599,1.0231276,0.0691563,-0.0573018,0.2453818,-14.2051859,-22.9143229,38.7058975,0,255,0
165.4,15,15,1013.25,85.68,0.1997305,-0.2164222,0.9593093,0.0705681,-0.0553686,0.2433591,-14.374082,-22.6043044,38.8256511,0,255,0
165.45,15,15,1013.25,85.85,0.1976919,-0.2139108,0.9555754,0.0719392,-0.0534362,0.241362,-14.5403329,-22.2905683,38.9449519,0,255,0
165.5,15,15,1013.25,86.037,0.1947875,-0.2134526,0.9558432,0.073269,-0.0515057,0.2393894,-14.704007,-21.9732266,39.0636595,0,255,0
165.55,15,15,1013.25,86.239,0.1904898,-0.2140357,0.9562768,0.0745571,-0.0495781,0.2374401,-14.8651704,-21.6523923,39.1816362,0,255,0
165.6,15,15,1013.25,86.456,0.1850348,-0.2155272,0.9567398,0.075803,-0.0476546,0.2355131,-15.0238876,-21.3281792,39.2987477,0,255,0
165.65,15,15,1013.25,86.687,0.178754,-0.2177813,0.957229,0.0770063,-0.0457364,0.2336073,-15.1802206,-21.0007024,39.4148627,0,255,0
165.7,15,15,1013.25,86.931,0.1720286,-0.2206141,0.9577431,0.0781666,-0.0438244,0.2317216,-15.3342297,-20.670078,39.529853,0,255,0
165.75,15,15,1013.25,87.188,0.1652635,-0.2238115,0.9582811,0.0792836,-0.0419197,0.2298551,-15.4859728,-20.336423,39.643594,0,255,0
165.8,15,15,1013.25,87.456,0.1588605,-0.2271402,0.958842,0.080357,-0.0400235,0.2280067,-15.6355061,-19.9998558,39.7559646,0,255,0
165.85,15,15,1013.25,87.735,0.1531921,-0.2303586,0.9594246,0.0813865,-0.0381366,0.2261757,-15.7828835,-19.6604958,39.8668471,0,255,0
165.9,15,15,1013.25,88.024,0.1485771,-0.2332285,0.9600277,0.0823717,-0.0362602,0.224361,-15.9281569,-19.3184635,39.9761277,0,255,0
165.95,15,15,1013.25,88.323,0.1452598,-0.2355261,0.9606503,0.0833123,-0.0343952,0.2225618,-16.0713765,-18.9738809,40.0836962,0,255,0
166,15,15,1013.25,88.63,0.143395,-0.2370531,0.9612912,0.0842083,-0.0325425,0.2207773,-16.2125902,-18.6268706,40.1894465,0,255,0
166.05,15,15,1013.25,88.945,0.1430383,-0.2376453,0.9619493,0.0850593,-0.0307032,0.2190068,-16.351844,-18.2775567,40.2932764,0,255,0
166.1,15,15,1013.25,89.266,0.1441432,-0.237181,0.9626233,0.0858651,-0.0288782,0.2172494,-16.489182,-17.9260643,40.3950875,0,255,0
166.15,15,15,1013.25,89.594,0.1465653,-0.2355854,0.963312,0.0866257,-0.0270684,0.2155045,-16.6246466,-17.5725194,40.4947859,0,255,0
166.2,15,15,1013.25,89.928,0.1500728,-0.2328349,0.9640143,0.0873409,-0.0252747,0.2137714,-16.758278,-17.2170493,40.5922817,0,255,0
166.25,15,15,1013.25,90.266,0.1543624,-0.2289569,0.964729,0.0880105,-0.0234979,0.2120494,-16.8901148,-16.8597818,40.6874892,0,255,0
166.3,15,15,1013.25,90.608,0.1590801,-0.2240287,0.965455,0.0886345,-0.021739,0.210338,-17.0201936,-16.500846,40.7803273,0,255,0
166.35,15,15,1013.25,90.953,0.1638452,-0.2181731,0.9661909,0.0892128,-0.0199987,0.2086366,-17.1485494,-16.1403715,40.8707189,0,255,0
166.4,15,15,1013.25,91.301,0.1682752,-0.2115524,0.9669357,0.0897455,-0.018278,0.2069447,-17.2752154,-15.7784887,40.9585916,0,255,0
166.45,15,15,1013.25,91.65,0.1720117,-0.2043602,0.9676882,0.0902324,-0.0165776,0.2052618,-17.400223,-15.4153289,41.0438774,0,255,0
166.5,15,15,1013.25,92,0.174743,-0.1968123,0.9684473,0.0906737,-0.0148982,0.2035874,-17.5236021,-15.0510237,41.1265128,0,255,0
166.55,15,15,1013.25,92.35,0.1762246,-0.1891361,0.9692117,0.0910694,-0.0132407,0.2019211,-17.6453809,-14.6857051,41.2064388,0,255,0
166.6,15,15,1013.25,92.699,0.1762943,-0.1815599,0.9699804,0.0914196,-0.0116058,0.2002625,-17.7655859,-14.3195057,41.283601,0,255,0
166.65,15,15,1013.25,93.047,0.1748819,-0.1743022,0.9707522,0.0917243,-0.0099941,0.1986113,-17.8842423,-13.9525583,41.3579496,0,255,0
166.7,15,15,1013.25,93.392,0.1720127,-0.1675618,0.971526,0.0919837,-0.0084065,0.1969672,-18.0013735,-13.5849958,41.4294393,0,255,0
166.75,15,15,1013.25,93.734,0.1678045,-0.1615086,0.9723009,0.092198,-0.0068435,0.1953298,-18.1170016,-13.2169512,41.4980295,0,255,0
166.8,15,15,1013.25,94.072,0.1624589,-0.1562759,0.9730757,0.0923674,-0.0053058,0.1936989,-18.2311474,-12.8485574,41.5636841,0,255,0
166.85,15,15,1013.25,94.406,0.1562466,-0.1519552,0.9738493,0.092492,-0.0037941,0.1920743,-18.34383,-12.4799472,41.6263717,0,255,0
166.9,15,15,1013.25,94.734,0.1494893,-0.1485923,0.9746209,0.0925721,-0.0023089,0.1904557,-18.4550675,-12.1112531,41.6860652,0,255,0
166.95,15,15,1013.25,95.055,0.142537,-0.1461858,0.9753894,0.092608,-0.0008508,0.1888431,-18.5648763,-11.7426072,41.7427424,0,255,0
167,15,15,1013.25,95.37,0.1357456,-0.1446882,0.9761538,0.0925999,0.0005796,0.1872363,-18.673272,-11.374141,41.7963854,0,255,0
167.05,15,15,1013.25,95.677,0.1294528,-0.1440091,0.9769134,0.0925481,0.0019818,0.1856351,-18.7802686,-11.0059854,41.8469807,0,255,0
167.1,15,15,1013.25,95.976,0.1239567,-0.1440196,0.9776671,0.0924531,0.0033554,0.1840395,-18.8858792,-10.6382705,41.8945195,0,255,0
167.15,15,15,1013.25,96.265,0.1194968,-0.14456,0.9784141,0.0923152,0.0046997,0.1824494,-18.9901157,-10.2711256,41.9389972,0,255,0
167.2,15,15,1013.25,96.544,0.1162393,-0.1454472,0.9791536,0.0921347,0.0060144,0.1808648,-19.0929888,-9.9046789,41.9804135,0,255,0
167.25,15,15,1013.25,96.813,0.1142677,-0.1464842,0.9798849,0.0919121,0.007299,0.1792857,-19.1945083,-9.5390575,42.0187724,0,255,0
167.3,15,15,1013.25,97.069,0.1135785,-0.1474697,0.9806071,0.0916478,0.0085532,0.1777121,-19.2946828,-9.1743873,42.0540822,0,255,0
167.35,15,15,1013.25,97.313,0.1140836,-0.1482077,0.9813196,0.0913422,0.0097765,0.176144,-19.3935203,-8.8107926,42.0863553,0,255,0
167.4,15,15,1013.25,97.544,0.1156171,-0.1485167,0.9820216,0.090996,0.0109686,0.1745815,-19.4910276,-8.4483966,42.115608,0,255,0
167.45,15,15,1013.25,97.761,0.1179481,-0.1482384,0.9827126,0.0906095,0.0121293,0.1730246,-19.5872106,-8.0873205,42.1418608,0,255,0
167.5,15,15,1013.25,97.963,0.1207972,-0.1472444,0.983392,0.0901833,0.0132581,0.1714734,-19.6820746,-7.727684,42.1651377,0,255,0
167.55,15,15,1013.25,98.15,0.1238556,-0.145442,0.9840591,0.089718,0.0143548,0.1699281,-19.775624,-7.369605,42.1854669,0,255,0
167.6,15,15,1013.25,98.32,0.1268062,-0.1427782,0.9847134,0.0892141,0.0154191,0.1683888,-19.8678623,-7.0131993,42.20288,0,255,0
167.65,15,15,1013.25,98.473,0.1293444,-0.1392408,0.9853546,0.0886723,0.016451,0.1668555,-19.9587925,-6.6585809,42.2174123,0,255,0
167.7,15,15,1013.25,98.608,0.1311984,-0.134859,0.985982,0.0880931,0.0174501,0.1653285,-20.0484168,-6.3058614,42.2291025,0,255,0
167.75,15,15,1013.25,98.725,0.1321459,-0.1297009,0.9865954,0.0874772,0.0184162,0.1638079,-20.1367368,-5.9551504,42.2379925,0,255,0
167.8,15,15,1013.25,98.822,0.1320278,-0.1238695,0.9871943,0.0868253,0.0193494,0.1622939,-20.2237536,-5.606555,42.2441278,0,255,0
167.85,15,15,1013.25,98.898,0.1307577,-0.1174971,0.9877785,0.086138,0.0202494,0.1607866,-20.3094676,-5.2601799,42.2475565,0,255,0
167.9,15,15,1013.25,98.954,0.1283253,-0.1107389,0.9883475,0.0854161,0.0211161,0.1592863,-20.3938788,-4.9161275,42.2483301,0,255,0
167.95,15,15,1013.25,98.988,0.124796,-0.1037647,0.9889012,0.0846603,0.0219496,0.1577932,-20.4769866,-4.5744974,42.2465027,0,255,0
168,15,15,1013.25,99,0.1203044,-0.096751,0.9894394,0.0838712,0.0227497,0.1563074,-20.55879,-4.2353866,42.2421312,0,255,0
168.05,15,15,1013.25,99,0.1150445,-0.0898725,0.9899618,0.0830498,0.0235164,0.1548291,-20.6392877,-3.8988894,42.2352751,0,255,0
168.1,15,15,1013.25,99,0.1092547,-0.0832938,0.9904684,0.0821966,0.0242498,0.1533587,-20.7184778,-3.5650974,42.2259963,0,255,0
168.15,15,15,1013.25,99,0.1032019,-0.0771624,0.990959,0.0813126,0.02495,0.1518962,-20.7963581,-3.2340992,42.2143588,0,255,0
168.2,15,15,1013.25,99,0.0971628,-0.0716015,0.9914335,0.0803986,0.0256169,0.150442,-20.8729264,-2.9059806,42.2004292,0,255,0
168.25,15,15,1013.25,99,0.0914057,-0.0667057,0.9918918,0.0794553,0.0262507,0.1489962,-20.9481797,-2.5808243,42.1842756,0,255,0
168.3,15,15,1013.25,99,0.0861733,-0.0625367,0.9923341,0.0784837,0.0268515,0.1475591,-21.0221153,-2.2587102,42.1659685,0,255,0
168.35,15,15,1013.25,99,0.081667,-0.0591218,0.9927603,0.0774845,0.0274194,0.1461308,-21.0947298,-1.9397151,42.1455796,0,255,0
168.4,15,15,1013.25,99,0.0780355,-0.0564532,0.9931705,0.0764586,0.0279546,0.1447117,-21.1660199,-1.6239125,42.1231826,0,255,0
168.45,15,15,1013.25,99,0.0753659,-0.0544898,0.9935647,0.0754069,0.0284572,0.1433019,-21.2359821,-1.3113731,42.0988523,0,255,0
168.5,15,15,1013.25,99,0.0736803,-0.05316,0.9939431,0.0743303,0.0289276,0.1419016,-21.3046127,-1.0021644,42.0726651,0,255,0
168.55,15,15,1013.25,99,0.072936,-0.0523658,0.9943058,0.0732298,0.0293659,0.1405111,-21.3719078,-0.6963505,42.0446983,0,255,0
168.6,15,15,1013.25,99,0.0730302,-0.0519887,0.994653,0.0721062,0.0297723,0.1391306,-21.4378638,-0.3939927,42.0150302,0,255,0
168.65,15,15,1013.25,99,0.0738089,-0.051896,0.9949848,0.0709604,0.0301472,0.1377602,-21.5024766,-0.0951489,41.9837403,0,255,0
168.7,15,15,1013.25,99,0.0750786,-0.0519471,0.9953015,0.0697934,0.0304908,0.1364002,-21.5657424,0.2001263,41.9509083,0,255,0
168.75,15,15,1013.25,99,0.07662,-0.052001,0.9956034,0.0686061,0.0308034,0.1350507,-21.6276572,0.4917811,41.9166148,0,255,0
168.8,15,15,1013.25,99,0.0782039,-0.0519231,0.9958906,0.0673996,0.0310855,0.1337119,-21.6882171,0.7797673,41.8809408,0,255,0
168.85,15,15,1013.25,99,0.079606,-0.051591,0.9961635,0.0661747,0.0313372,0.132384,-21.7474183,1.0640397,41.8439675,0,255,0
168.9,15,15,1013.25,99,0.0806223,-0.0509006,0.9964224,0.0649324,0.0315591,0.1310672,-21.8052569,1.3445561,41.8057764,0,255,0
168.95,15,15,1013.25,99,0.0810816,-0.04977,0.9966675,0.0636737,0.0317514,0.1297617,-21.8617294,1.6212777,41.7664488,0,255,0
169,15,15,1013.25,99,0.0808556,-0.0481432,0.9968993,0.0623997,0.0319146,0.1284675,-21.9168321,1.8941688,41.7260661,0,255,0
169.05,15,15,1013.25,99,0.0798662,-0.0459916,0.997118,0.0611112,0.0320492,0.1271848,-21.9705616,2.1631966,41.6847095,0,255,0
169.1,15,15,1013.25,99,0.0780889,-0.0433145,0.9973241,0.0598093,0.0321555,0.1259137,-22.0229145,2.4283316,41.6424596,0,255,0
169.15,15,15,1013.25,99,0.0755527,-0.0401386,0.9975178,0.0584949,0.032234,0.1246544,-22.0738878,2.6895474,41.5993968,0,255,0
169.2,15,15,1013.25,99,0.0723359,-0.0365152,0.9976996,0.0571691,0.0322851,0.1234069,-22.1234785,2.9468203,41.5556007,0,255,0
169.25,15,15,1013.25,99,0.0685595,-0.0325174,0.9978699,0.0558329,0.0323095,0.1221714,-22.1716839,3.2001298,41.5111503,0,255,0
169.3,15,15,1013.25,99,0.0643775,-0.0282354,0.998029,0.0544873,0.0323074,0.120948,-22.2185016,3.4494583,41.4661238,0,255,0
169.35,15,15,1013.25,99,0.0599655,-0.023772,0.9981773,0.0531332,0.0322796,0.1197366,-22.2639291,3.6947912,41.4205985,0,255,0
169.4,15,15,1013.25,99,0.055508,-0.019237,0.9983154,0.0517717,0.0322264,0.1185375,-22.3079646,3.9361166,41.3746505,0,255,0
169.45,15,15,1013.25,99,0.0511865,-0.0147414,0.9984435,0.0504039,0.0321484,0.1173506,-22.3506063,4.1734255,41.3283549,0,255,0
169.5,15,15,1013.25,99,0.0471667,-0.0103927,0.9985621,0.0490306,0.0320461,0.1161759,-22.3918527,4.4067115,41.2817857,0,255,0
169.55,15,15,1013.25,99,0.043589,-0.0062892,0.9986716,0.0476529,0.0319202,0.1150135,-22.4317027,4.635971,41.2350153,0,255,0
169.6,15,15,1013.25,99,0.0405596,-0.002516,0.9987725,0.0462718,0.0317711,0.1138635,-22.4701555,4.8612033,41.188115,0,255,0
169.65,15,15,1013.25,99,0.0381454,0.0008584,0.9988651,0.0448883,0.0315995,0.1127258,-22.5072105,5.0824099,41.1411544,0,255,0
169.7,15,15,1013.25,99,0.0363709,0.0037851,0.9989498,0.0435034,0.0314059,0.1116004,-22.5428677,5.2995951,41.0942016,0,255,0
169.75,15,15,1013.25,99,0.0352188,0.006236,0.9990271,0.042118,0.0311909,0.1104874,-22.5771271,5.5127655,41.0473233,0,255,0
169.8,15,15,1013.25,99,0.0346329,0.0082043,0.9990974,0.0407332,0.0309552,0.1093866,-22.6099893,5.7219303,41.0005841,0,255,0
169.85,15,15,1013.25,99,0.0345236,0.0097039,0.9991611,0.0393499,0.0306992,0.108298,-22.6414552,5.9271011,40.9540472,0,255,0
169.9,15,15,1013.25,99,0.0347756,0.0107678,0.9992185,0.0379691,0.0304237,0.1072217,-22.671526,6.1282916,40.9077737,0,255,0
169.95,15,15,1013.25,99,0.0352571,0.0114455,0.99927,0.0365917,0.0301292,0.1061576,-22.7002036,6.3255179,40.861823,0,255,0
170,15,15,1013.25,99,0.0358289,0.0117998,0.9993161,0.0352188,0.0298163,0.1051055,-22.7274899,6.5187983,40.8162525,0,255,0
170.05,15,15,1013.25,99,0.0363547,0.0119032,0.9993571,0.0338511,0.0294858,0.1040654,-22.7533875,6.7081533,40.7711177,0,255,0
170.1,15,15,1013.25,99,0.0367099,0.0118338,0.9993934,0.0324898,0.0291382,0.1030373,-22.7778992,6.8936052,40.7264719,0,255,0
170.15,15,15,1013.25,99,0.0367894,0.0116709,0.9994252,0.0311356,0.0287741,0.1020211,-22.8010283,7.0751785,40.6823667,0,255,0
170.2,15,15,1013.25,99,0.0365141,0.0114917,0.9994531,0.0297895,0.0283942,0.1010165,-22.8227787,7.2528998,40.6388511,0,255,0
170.25,15,15,1013.25,99,0.0358341,0.0113668,0.9994772,0.0284525,0.0279992,0.1000236,-22.8431545,7.4267973,40.5959724,0,255,0
170.3,15,15,1013.25,99,0.0347314,0.0113578,0.9994979,0.0271253,0.0275897,0.0990423,-22.8621603,7.5969013,40.5537756,0,255,0
170.35,15,15,1013.25,99,0.0332189,0.0115141,0.9995156,0.0258089,0.0271662,0.0980723,-22.8798013,7.7632436,40.5123036,0,255,0
170.4,15,15,1013.25,99,0.0313378,0.0118716,0.9995305,0.024504,0.0267296,0.0971137,-22.8960829,7.925858,40.471597,0,255,0
170.45,15,15,1013.25,99,0.0291533,0.0124512,0.9995428,0.0232117,0.0262803,0.0961661,-22.9110112,8.0847797,40.4316943,0,255,0
170.5,15,15,1013.25,99,0.0267489,0.0132593,0.999553,0.0219326,0.0258191,0.0952296,-22.9245927,8.2400457,40.3926317,0,255,0
170.55,15,15,1013.25,99,0.0242193,0.0142876,0.9995611,0.0206677,0.0253467,0.0943039,-22.9368343,8.3916944,40.3544434,0,255,0
170.6,15,15,1013.25,99,0.0216635,0.0155149,0.9995676,0.0194176,0.0248635,0.093389,-22.9477433,8.5397658,40.3171611,0,255,0
170.65,15,15,1013.25,99,0.0191776,0.0169087,0.9995726,0.0181832,0.0243704,0.0924846,-22.9573277,8.6843013,40.2808145,0,255,0
170.7,15,15,1013.25,99,0.0168483,0.0184279,0.9995763,0.0169653,0.023868,0.0915906,-22.9655959,8.8253437,40.245431,0,255,0
170.75,15,15,1013.25,99,0.0147479,0.020025,0.9995789,0.0157645,0.0233568,0.0907069,-22.9725566,8.962937,40.2110358,0,255,0
170.8,15,15,1013.25,99,0.0129297,0.0216493,0.9995807,0.0145817,0.0228376,0.0898332,-22.9782192,9.0971266,40.1776521,0,255,0
170.85,15,15,1013.25,99,0.011426,0.0232497,0.9995817,0.0134174,0.022311,0.0889695,-22.9825936,9.2279592,40.1453006,0,255,0
170.9,15,15,1013.25,99,0.0102471,0.0247774,0.9995823,0.0122725,0.0217775,0.0881155,-22.9856901,9.3554823,40.1140001,0,255,0
170.95,15,15,1013.25,99,0.0093823,0.0261881,0.9995825,0.0111476,0.0212379,0.0872711,-22.9875194,9.4797451,40.0837671,0,255,0
171,15,15,1013.25,99,0.0088019,0.0274444,0.9995824,0.0100432,0.0206928,0.086436,-22.9880929,9.6007973,40.0546162,0,255,0
171.05,15,15,1013.25,99,0.0084609,0.0285169,0.9995823,0.0089601,0.0201428,0.0856103,-22.9874223,9.7186899,40.0265597,0,255,0
171.1,15,15,1013.25,99,0.0083031,0.0293856,0.9995821,0.0078989,0.0195885,0.0847936,-22.9855199,9.833475,39.9996081,0,255,0
171.15,15,15,1013.25,99,0.0082665,0.0300403,0.9995821,0.0068601,0.0190306,0.0839857,-22.9823985,9.9452054,39.9737695,0,255,0
171.2,15,15,1013.25,99,0.0082875,0.0304799,0.9995823,0.0058443,0.0184696,0.0831867,-22.9780713,10.0539348,39.9490505,0,255,0
171.25,15,15,1013.25,99,0.0083058,0.0307126,0.9995828,0.004852,0.0179062,0.0823961,-22.9725522,10.159718,39.9254553,0,255,0
171.3,15,15,1013.25,99,0.008269,0.0307543,0.9995837,0.0038837,0.0173409,0.081614,-22.9658553,10.2626101,39.9029864,0,255,0
171.35,15,15,1013.25,99,0.0081349,0.0306273,0.9995851,0.00294,0.0167744,0.0808401,-22.9579955,10.3626675,39.8816445,0,255,0
171.4,15,15,1013.25,99,0.0078743,0.0303587,0.9995869,0.0020212,0.0162073,0.0800742,-22.9489878,10.4599469,39.8614283,0,255,0
171.45,15,15,1013.25,99,0.0074719,0.0299782,0.9995892,0.0011279,0.0156401,0.0793162,-22.9388482,10.554506,39.8423349,0,255,0
171.5,15,15,1013.25,99,0.0069258,0.0295169,0.9995921,0.0002605,0.0150734,0.078566,-22.9275927,10.6464027,39.8243594,0,255,0
171.55,15,15,1013.25,99,0.0062469,0.0290051,0.9995956,-0.0005808,0.0145078,0.0778234,-22.9152381,10.7356959,39.8074955,0,255,0
171.6,15,15,1013.25,99,0.0054566,0.0284707,0.9995997,-0.0013954,0.0139438,0.0770882,-22.9018015,10.8224448,39.791735,0,255,0
171.65,15,15,1013.25,99,0.0045842,0.0279379,0.9996043,-0.0021831,0.013382,0.0763602,-22.8873006,10.9067092,39.7770683,0,255,0
171.7,15,15,1013.25,99,0.0036637,0.0274266,0.9996096,-0.0029435,0.012823,0.0756394,-22.8717535,10.9885493,39.7634842,0,255,0
171.75,15,15,1013.25,99,0.0027309,0.026951,0.9996156,-0.0036764,0.0122672,0.0749256,-22.8551787,11.0680257,39.75097,0,255,0
171.8,15,15,1013.25,99,0.0018204,0.0265201,0.9996221,-0.0043815,0.0117153,0.0742186,-22.8375954,11.1451995,39.7395114,0,255,0
171.85,15,15,1013.25,99,0.0009626,0.0261374,0.9996291,-0.0050585,0.0111677,0.0735184,-22.8190231,11.2201319,39.7290929,0,255,0
171.9,15,15,1013.25,99,0.0001822,0.0258012,0.9996368,-0.0057074,0.0106249,0.0728247,-22.7994817,11.2928847,39.7196977,0,255,0
171.95,15,15,1013.25,99,-0.0005033,0.0255056,0.999645,-0.0063277,0.0100875,0.0721375,-22.7789917,11.3635197,39.7113077,0,255,0
172,15,15,1013.25,99,-0.0010848,0.0252413,0.9996536,-0.0069196,0.0095559,0.0714566,-22.757574,11.4320991,39.7039033,0,255,0
172.05,15,15,1013.25,99,-0.0015604,0.0249966,0.9996628,-0.0074827,0.0090307,0.070782,-22.7352497,11.4986851,39.6974642,0,255,0
172.1,15,15,1013.25,99,-0.0019356,0.0247585,0.9996724,-0.008017,0.0085123,0.0701135,-22.7120408,11.5633402,39.6919685,0,255,0
172.15,15,15,1013.25,99,-0.0022216,0.024514,0.9996823,-0.0085225,0.0080011,0.069451,-22.6879694,11.6261268,39.6873937,0,255,0
172.2,15,15,1013.25,99,-0.0024334,0.0242506,0.9996926,-0.008999,0.0074976,0.0687944,-22.6630581,11.6871077,39.683716,0,255,0
172.25,15,15,1013.25,99,-0.0025884,0.0239579,0.9997033,-0.0094467,0.0070023,0.0681436,-22.6373298,11.7463453,39.6809107,0,255,0
172.3,15,15,1013.25,99,-0.0027043,0.0236275,0.9997141,-0.0098654,0.0065156,0.0674985,-22.610808,11.8039022,39.6789523,0,255,0
172.35,15,15,1013.25,99,-0.0027975,0.0232538,0.9997252,-0.0102552,0.006038,0.0668591,-22.5835166,11.8598409,39.6778144,0,255,0
172.4,15,15,1013.25,99,-0.0028817,0.0228343,0.9997365,-0.0106163,0.0055697,0.0662252,-22.5554796,11.9142238,39.6774698,0,255,0
172.45,15,15,1013.25,99,-0.002967,0.0223689,0.9997479,-0.0109486,0.0051113,0.0655968,-22.5267217,11.967113,39.6778907,0,255,0
172.5,15,15,1013.25,99,-0.0030594,0.0218605,0.9997594,-0.0112524,0.004663,0.0649738,-22.4972679,12.0185707,39.6790486,0,255,0
172.55,15,15,1013.25,99,-0.0031611,0.0213139,0.9997709,-0.0115277,0.0042254,0.0643562,-22.4671435,12.0686585,39.6809141,0,255,0
172.6,15,15,1013.25,99,-0.0032706,0.0207353,0.9997824,-0.0117748,0.0037987,0.0637438,-22.436374,12.117438,39.6834578,0,255,0
172.65,15,15,1013.25,99,-0.0033837,0.0201319,0.9997938,-0.0119938,0.0033833,0.0631366,-22.4049856,12.1649702,39.6866492,0,255,0
172.7,15,15,1013.25,99,-0.0034945,0.019511,0.9998052,-0.012185,0.0029795,0.0625346,-22.3730045,12.2113161,39.6904577,0,255,0
172.75,15,15,1013.25,99,-0.0035964,0.0188793,0.9998164,-0.0123487,0.0025877,0.0619377,-22.3404574,12.2565359,39.6948522,0,255,0
172.8,15,15,1013.25,99,-0.0036836,0.0182429,0.9998274,-0.0124851,0.0022082,0.0613458,-22.3073712,12.3006896,39.6998013,0,255,0
172.85,15,15,1013.25,99,-0.0037515,0.0176059,0.9998383,-0.0125945,0.0018412,0.060759,-22.2737733,12.3438365,39.7052733,0,255,0
172.9,15,15,1013.25,99,-0.0037973,0.0169714,0.9998489,-0.0126773,0.0014871,0.0601771,-22.2396911,12.3860355,39.711236,0,255,0
172.95,15,15,1013.25,99,-0.003821,0.0163403,0.9998592,-0.0127339,0.0011461,0.0596002,-22.2051524,12.4273447,39.7176574,0,255,0
173,15,15,1013.25,99,-0.0038245,0.0157124,0.9998692,-0.0127646,0.0008185,0.0590282,-22.1701853,12.4678217,39.7245051,0,255,0
173.05,15,15,1013.25,99,-0.0038123,0.0150852,0.9998789,-0.0127698,0.0005046,0.058461,-22.1348182,12.5075234,39.7317465,0,255,0
173.1,15,15,1013.25,99,-0.003787,0.0144582,0.9998883,-0.0127501,0.0002045,0.0578987,-22.0990794,12.546506,39.7393492,0,255,0
173.15,15,15,1013.25,99,-0.0037493,0.0138327,0.9998973,-0.0127058,-0.0000815,0.0573412,-22.0629978,12.5848247,39.7472806,0,255,0
173.2,15,15,1013.25,99,-0.0036998,0.0132097,0.9999059,-0.0126374,-0.0003531,0.0567886,-22.0266024,12.6225341,39.755508,0,255,0
173.25,15,15,1013.25,99,-0.0036392,0.0125904,0.9999141,-0.0125455,-0.0006103,0.0562407,-21.9899222,12.6596877,39.7639992,0,255,0
173.3,15,15,1013.25,99,-0.0035682,0.0119761,0.9999219,-0.0124307,-0.0008528,0.0556975,-21.9529865,12.6963382,39.7727216,0,255,0
173.35,15,15,1013.25,99,-0.0034874,0.0113677,0.9999293,-0.0122934,-0.0010805,0.0551591,-21.9158248,12.7325373,39.781643,0,255,0
173.4,15,15,1013.25,99,-0.0033977,0.0107664,0.9999363,-0.0121342,-0.0012931,0.0546254,-21.8784666,12.7683356,39.7907314,0,255,0
173.45,15,15,1013.25,99,-0.0032995,0.0101733,0.9999428,-0.0119538,-0.0014906,0.0540964,-21.8409417,12.8037827,39.7999549,0,255,0
173.5,15,15,1013.25,99,-0.0031938,0.0095893,0.9999489,-0.0117528,-0.0016729,0.0535721,-21.8032799,12.8389271,39.809282,0,255,0
173.55,15,15,1013.25,99,-0.0030811,0.0090155,0.9999546,-0.0115319,-0.0018398,0.0530525,-21.7655111,12.8738159,39.8186814,0,255,0
173.6,15,15,1013.25,99,-0.0029622,0.0084528,0.9999599,-0.0112916,-0.0019913,0.0525375,-21.7276651,12.9084953,39.8281222,0,255,0
173.65,15,15,1013.25,99,-0.0028378,0.0079022,0.9999648,-0.0110328,-0.0021272,0.0520272,-21.6897721,12.9430099,39.8375737,0,255,0
173.7,15,15,1013.25,99,-0.0027086,0.0073646,0.9999692,-0.0107561,-0.0022475,0.0515215,-21.651862,12.9774034,39.8470058,0,255,0
173.75,15,15,1013.25,99,-0.0025754,0.0068409,0.9999733,-0.0104622,-0.0023521,0.0510205,-21.613965,13.0117177,39.8563887,0,255,0
173.8,15,15,1013.25,99,-0.0024388,0.0063318,0.999977,-0.010152,-0.002441,0.050524,-21.576111,13.0459936,39.8656931,0,255,0
173.85,15,15,1013.25,99,-0.0022995,0.0058383,0.9999803,-0.009826,-0.0025142,0.0500321,-21.53833,13.0802702,39.8748902,0,255,0
173.9,15,15,1013.25,99,-0.0021584,0.005361,0.9999833,-0.0094853,-0.0025717,0.0495448,-21.5006521,13.1145855,39.8839517,0,255,0
173.95,15,15,1013.25,99,-0.0020161,0.0049007,0.999986,-0.0091305,-0.0026134,0.0490621,-21.4631071,13.1489756,39.8928499,0,255,0
174,15,15,1013.25,99,-0.0018733,0.0044581,0.9999883,-0.0087625,-0.0026393,0.0485839,-21.4257249,13.1834751,39.9015576,0,255,0
174.05,15,15,1013.25,99,-0.0017307,0.0040338,0.9999904,-0.0083821,-0.0026496,0.0481102,-21.3885352,13.2181171,39.9100481,0,255,0
174.1,15,15,1013.25,99,-0.0015891,0.0036284,0.9999922,-0.0079901,-0.0026442,0.047641,-21.3515675,13.252933,39.9182957,0,255,0
174.15,15,15,1013.25,99,-0.0014492,0.0032425,0.9999937,-0.0075875,-0.0026232,0.0471763,-21.3148513,13.2879525,39.926275,0,255,0
174.2,15,15,1013.25,99,-0.0013117,0.0028767,0.999995,-0.0071751,-0.0025867,0.0467161,-21.2784159,13.3232035,39.9339613,0,255,0
174.25,15,15,1013.25,99,-0.0011774,0.0025313,0.9999961,-0.0067538,-0.0025348,0.0462602,-21.2422903,13.3587123,39.9413308,0,255,0
174.3,15,15,1013.25,99,-0.0010468,0.0022069,0.999997,-0.0063244,-0.0024675,0.0458088,-21.2065035,13.3945032,39.9483603,0,255,0
174.35,15,15,1013.25,99,-0.0009207,0.0019038,0.9999978,-0.005888,-0.002385,0.0453617,-21.171084,13.4305989,39.9550274,0,255,0
174.4,15,15,1013.25,99,-0.0007999,0.0016224,0.9999984,-0.0054454,-0.0022873,0.044919,-21.1360603,13.4670201,39.9613104,0,255,0
174.45,15,15,1013.25,99,-0.0006849,0.0013629,0.9999988,-0.0049975,-0.0021747,0.0444806,-21.1014604,13.5037855,39.9671884,0,255,0
174.5,15,15,1013.25,99,-0.0005766,0.0011257,0.9999992,-0.0045454,-0.0020472,0.0440465,-21.0673122,13.5409122,39.9726413,0,255,0
174.55,15,15,1013.25,99,-0.0004755,0.000911,0.9999995,-0.0040899,-0.0019051,0.0436166,-21.0336432,13.578415,39.97765,0,255,0
174.6,15,15,1013.25,99,-0.0003823,0.0007189,0.9999997,-0.0036321,-0.0017486,0.0431908,-21.0004805,13.6163071,39.982196,0,255,0
174.65,15,15,1013.25,99,-0.0002977,0.0005495,0.9999998,-0.0031728,-0.0015777,0.0427693,-20.9678509,13.6545994,39.9862619,0,255,0
174.7,15,15,1013.25,99,-0.0002224,0.0004029,0.9999999,-0.002713,-0.0013927,0.0423518,-20.9357809,13.693301,39.989831,0,255,0
174.75,15,15,1013.25,99,-0.000157,0.0002791,0.9999999,-0.0022538,-0.0011939,0.0419385,-20.9042963,13.7324189,39.9928877,0,255,0
174.8,15,15,1013.25,99,-0.0001021,0.0001781,1,-0.0017961,-0.0009814,0.0415291,-20.8734229,13.7719581,39.9954171,0,255,0
174.85,15,15,1013.25,99,-0.0000583,0.0000999,1,-0.0013409,-0.0007555,0.0411238,-20.8431856,13.8119215,39.9974054,0,255,0
174.9,15,15,1013.25,99,-0.0000263,0.0000442,1,-0.0008891,-0.0005165,0.0407223,-20.8136093,13.8523099,39.9988397,0,255,0
174.95,15,15,1013.25,99,-0.0000067,0.000011,1,-0.0004418,-0.0002646,0.0403248,-20.7847179,13.8931221,39.9997082,0,255,0
175,15,15,1013.25,99,0,0,1,-2e-7,-1e-7,0.039931,-20.7565352,13.934355,40,0,255,0
175.05,15,15,1013.25,99,0,0,1,0,0,0.0395411,-20.7288096,13.9755663,40,0,255,0
175.1,15,15,1013.25,99,0,0,1,0,0,0.0391549,-20.7012742,14.0163207,40,0,255,0
175.15,15,15,1013.25,99,0,0,1,0,0,0.0387724,-20.6739288,14.0566236,40,0,255,0
175.2,15,15,1013.25,99,0,0,1,0,0,0.0383936,-20.6467732,14.0964802,40,0,255,0
175.25,15,15,1013.25,99,0,0,1,0,0,0.0380184,-20.6198073,14.1358956,40,0,255,0
175.3,15,15,1013.25,99,0,0,1,0,0,0.0376468,-20.5930308,14.174875,40,0,255,0
175.35,15,15,1013.25,99,0,0,1,0,0,0.0372787,-20.5664434,14.2134234,40,0,255,0
175.4,15,15,1013.25,99,0,0,1,0,0,0.0369143,-20.5400448,14.2515458,40,0,255,0
175.45,15,15,1013.25,99,0,0,1,0,0,0.0365533,-20.5138348,14.2892471,40,0,255,0
175.5,15,15,1013.25,99,0,0,1,0,0,0.0361958,-20.4878128,14.3265322,40,0,255,0
175.55,15,15,1013.25,99,0,0,1,0,0,0.0358417,-20.4619786,14.3634059,40,0,255,0
175.6,15,15,1013.25,99,0,0,1,0,0,0.035491,-20.4363318,14.399873,40,0,255,0
175.65,15,15,1013.25,99,0,0,1,0,0,0.0351438,-20.4108718,14.4359382,40,0,255,0
175.7,15,15,1013.25,99,0,0,1,0,0,0.0347998,-20.3855983,14.4716061,40,0,255,0
175.75,15,15,1013.25,99,0,0,1,0,0,0.0344592,-20.3605107,14.5068812,40,0,255,0
175.8,15,15,1013.25,99,0,0,1,0,0,0.0341218,-20.3356086,14.5417682,40,0,255,0
175.85,15,15,1013.25,99,0,0,1,0,0,0.0337877,-20.3108914,14.5762716,40,0,255,0
175.9,15,15,1013.25,99,0,0,1,0,0,0.0334569,-20.2863585,14.6103956,40,0,255,0
175.95,15,15,1013.25,99,0,0,1,0,0,0.0331292,-20.2620093,14.6441448,40,0,255,0
176,15,15,1013.25,99,0,0,1,0,0,0.0328047,-20.2378434,14.6775235,40,0,255,0
176.05,15,15,1013.25,99,0,0,1,0,0,0.0324833,-20.21386,14.7105358,40,0,255,0
176.1,15,15,1013.25,99,0,0,1,0,0,0.032165,-20.1900585,14.7431861,40,0,255,0
176.15,15,15,1013.25,99,0,0,1,0,0,0.0318498,-20.1664383,14.7754785,40,0,255,0
176.2,15,15,1013.25,99,0,0,1,0,0,0.0315376,-20.1429988,14.8074171,40,0,255,0
176.25,15,15,1013.25,99,0,0,1,0,0,0.0312284,-20.1197391,14.839006,40,0,255,0
176.3,15,15,1013.25,99,0,0,1,0,0,0.0309223,-20.0966586,14.8702492,40,0,255,0
176.35,15,15,1013.25,99,0,0,1,0,0,0.0306191,-20.0737567,14.9011507,40,0,255,0
176.4,15,15,1013.25,99,0,0,1,0,0,0.0303188,-20.0510325,14.9317145,40,0,255,0
176.45,15,15,1013.25,99,0,0,1,0,0,0.0300214,-20.0284853,14.9619443,40,0,255,0
176.5,15,15,1013.25,99,0,0,1,0,0,0.0297269,-20.0061144,14.9918441,40,0,255,0
176.55,15,15,1013.25,99,0,0,1,0,0,0.0294352,-19.9839189,15.0214175,40,0,255,0
176.6,15,15,1013.25,99,0,0,1,0,0,0.0291464,-19.9618982,15.0506685,40,0,255,0
176.65,15,15,1013.25,99,0,0,1,0,0,0.0288604,-19.9400513,15.0796005,40,0,255,0
176.7,15,15,1013.25,99,0,0,1,0,0,0.0285771,-19.9183776,15.1082174,40,0,255,0
176.75,15,15,1013.25,99,0,0,1,0,0,0.0282966,-19.8968761,15.1365227,40,0,255,0
176.8,15,15,1013.25,99,0,0,1,0,0,0.0280188,-19.8755461,15.16452,40,0,255,0
176.85,15,15,1013.25,99,0,0,1,0,0,0.0277437,-19.8543867,15.1922128,40,0,255,0
176.9,15,15,1013.25,99,0,0,1,0,0,0.0274713,-19.833397,15.2196046,40,0,255,0
176.95,15,15,1013.25,99,0,0,1,0,0,0.0272015,-19.8125762,15.2466988,40,0,255,0
177,15,15,1013.25,99,0,0,1,0,0,0.0269343,-19.7919235,15.2734988,40,0,255,0
177.05,15,15,1013.25,99,0,0,1,0,0,0.0266697,-19.7714379,15.300008,40,0,255,0
177.1,15,15,1013.25,99,0,0,1,0,0,0.0264076,-19.7511185,15.3262297,40,0,255,0
177.15,15,15,1013.25,99,0,0,1,0,0,0.0261482,-19.7309646,15.3521671,40,0,255,0
177.2,15,15,1013.25,99,0,0,1,0,0,0.0258912,-19.7109752,15.3778236,40,0,255,0
177.25,15,15,1013.25,99,0,0,1,0,0,0.0256367,-19.6911493,15.4032023,40,0,255,0
177.3,15,15,1013.25,99,0,0,1,0,0,0.0253847,-19.6714861,15.4283063,40,0,255,0
177.35,15,15,1013.25,99,0,0,1,0,0,0.0251352,-19.6519846,15.4531388,40,0,255,0
177.4,15,15,1013.25,99,0,0,1,0,0,0.0248881,-19.632644,15.4777029,40,0,255,0
177.45,15,15,1013.25,99,0,0,1,0,0,0.0246433,-19.6134633,15.5020017,40,0,255,0
177.5,15,15,1013.25,99,0,0,1,0,0,0.024401,-19.5944416,15.526038,40,0,255,0
177.55,15,15,1013.25,99,0,0,1,0,0,0.024161,-19.575578,15.549815,40,0,255,0
177.6,15,15,1013.25,99,0,0,1,0,0,0.0239233,-19.5568714,15.5733356,40,0,255,0
177.65,15,15,1013.25,99,0,0,1,0,0,0.023688,-19.538321,15.5966025,40,0,255,0
177.7,15,15,1013.25,99,0,0,1,0,0,0.0234549,-19.5199259,15.6196189,40,0,255,0
177.75,15,15,1013.25,99,0,0,1,0,0,0.0232241,-19.501685,15.6423873,40,0,255,0
177.8,15,15,1013.25,99,0,0,1,0,0,0.0229956,-19.4835975,15.6649108,40,0,255,0
177.85,15,15,1013.25,99,0,0,1,0,0,0.0227693,-19.4656623,15.687192,40,0,255,0
177.9,15,15,1013.25,99,0,0,1,0,0,0.0225452,-19.4478785,15.7092336,40,0,255,0
177.95,15,15,1013.25,99,0,0,1,0,0,0.0223232,-19.4302452,15.7310385,40,0,255,0
178,15,15,1013.25,99,0,0,1,0,0,0.0221035,-19.4127614,15.7526091,40,0,255,0
178.05,15,15,1013.25,99,0,0,1,0,0,0.0218859,-19.3954261,15.7739483,40,0,255,0
178.1,15,15,1013.25,99,0,0,1,0,0,0.0216703,-19.3782385,15.7950585,40,0,255,0
178.15,15,15,1013.25,99,0,0,1,0,0,0.0214569,-19.3611974,15.8159424,40,0,255,0
178.2,15,15,1013.25,99,0,0,1,0,0,0.0212456,-19.344302,15.8366026,40,0,255,0
178.25,15,15,1013.25,99,0,0,1,0,0,0.0210363,-19.3275512,15.8570414,40,0,255,0
178.3,15,15,1013.25,99,0,0,1,0,0,0.0208291,-19.3109442,15.8772615,40,0,255,0
178.35,15,15,1013.25,99,0,0,1,0,0,0.0206239,-19.29448,15.8972653,40,0,255,0
178.4,15,15,1013.25,99,0,0,1,0,0,0.0204207,-19.2781575,15.9170551,40,0,255,0
178.45,15,15,1013.25,99,0,0,1,0,0,0.0202195,-19.2619759,15.9366334,40,0,255,0
178.5,15,15,1013.25,99,0,0,1,0,0,0.0200202,-19.2459341,15.9560026,40,0,255,0
178.55,15,15,1013.25,99,0,0,1,0,0,0.0198229,-19.2300312,15.975165,40,0,255,0
178.6,15,15,1013.25,99,0,0,1,0,0,0.0196276,-19.2142663,15.994123,40,0,255,0
178.65,15,15,1013.25,99,0,0,1,0,0,0.0194341,-19.1986384,16.0128787,40,0,255,0
178.7,15,15,1013.25,99,0,0,1,0,0,0.0192425,-19.1831464,16.0314345,40,0,255,0
178.75,15,15,1013.25,99,0,0,1,0,0,0.0190528,-19.1677896,16.0497926,40,0,255,0
178.8,15,15,1013.25,99,0,0,1,0,0,0.0188649,-19.1525668,16.0679552,40,0,255,0
178.85,15,15,1013.25,99,0,0,1,0,0,0.0186789,-19.1374772,16.0859245,40,0,255,0
178.9,15,15,1013.25,99,0,0,1,0,0,0.0184947,-19.1225198,16.1037026,40,0,255,0
178.95,15,15,1013.25,99,0,0,1,0,0,0.0183123,-19.1076936,16.1212917,40,0,255,0
179,15,15,1013.25,99,0,0,1,0,0,0.0181317,-19.0929977,16.1386939,40,0,255,0
179.05,15,15,1013.25,99,0,0,1,0,0,0.0179528,-19.0784311,16.1559112,40,0,255,0
179.1,15,15,1013.25,99,0,0,1,0,0,0.0177757,-19.0639929,16.1729457,40,0,255,0
179.15,15,15,1013.25,99,0,0,1,0,0,0.0176003,-19.0496822,16.1897995,40,0,255,0
179.2,15,15,1013.25,99,0,0,1,0,0,0.0174267,-19.0354981,16.2064744,40,0,255,0
179.25,15,15,1013.25,99,0,0,1,0,0,0.0172547,-19.0214394,16.2229727,40,0,255,0
179.3,15,15,1013.25,99,0,0,1,0,0,0.0170844,-19.0075055,16.239296,40,0,255,0
179.35,15,15,1013.25,99,0,0,1,0,0,0.0169158,-18.9936952,16.2554466,40,0,255,0
179.4,15,15,1013.25,99,0,0,1,0,0,0.0167489,-18.9800077,16.2714261,40,0,255,0
179.45,15,15,1013.25,99,0,0,1,0,0,0.0165835,-18.9664421,16.2872366,40,0,255,0
179.5,15,15,1013.25,99,0,0,1,0,0,0.0164198,-18.9529974,16.3028798,40,0,255,0
179.55,15,15,1013.25,99,0,0,1,0,0,0.0162577,-18.9396727,16.3183577,40,0,255,0
179.6,15,15,1013.25,99,0,0,1,0,0,0.0160972,-18.9264671,16.333672,40,0,255,0
179.65,15,15,1013.25,99,0,0,1,0,0,0.0159383,-18.9133797,16.3488247,40,0,255,0
179.7,15,15,1013.25,99,0,0,1,0,0,0.0157809,-18.9004096,16.3638173,40,0,255,0
179.75,15,15,1013.25,99,0,0,1,0,0,0.0156251,-18.8875558,16.3786518,40,0,255,0
179.8,15,15,1013.25,99,0,0,1,0,0,0.0154708,-18.8748175,16.3933298,40,0,255,0
179.85,15,15,1013.25,99,0,0,1,0,0,0.015318,-18.8621938,16.4078531,40,0,255,0
179.9,15,15,1013.25,99,0,0,1,0,0,0.0151667,-18.8496838,16.4222234,40,0,255,0
179.95,15,15,1013.25,99,0,0,1,0,0,0.0150168,-18.8372865,16.4364424,40,0,255,0
180,15,15,1013.25,99,0,0,1,0,0,0.0148685,-18.8250011,16.4505116,40,0,255,0
